Plant_ID,Planting_Date,Temperature_C,Humidity_percent,pH_Level,Nutrient_EC_mS,Light_Hours,Growth_Days,Yield_g
PLT-04711,2025-02-17,16.82,66.1,5.56,0.4,16.9,48,170.56
PLT-00692,2025-03-31,16.15,59.2,6.32,1.9,15.2,52,196.27
PLT-03427,2025-05-14,22.95,75.0,7.14,1.18,12.4,50,50.0
PLT-04821,2025-05-20,20.92,73.6,3.9,1.62,16.0,58,55.83
PLT-00394,2025-12-08,18.5,80.3,7.59,1.66,13.2,50,50.0
PLT-01425,2025-10-02,17.43,67.5,5.33,1.39,13.5,48,294.09
PLT-00643,2025-08-08,20.76,73.3,5.2,1.51,17.6,59,69.17
PLT-02836,2025-12-30,19.54,46.1,6.03,1.7,12.6,45,50.0
PLT-01739,2025-08-24,21.49,74.5,6.26,1.41,14.5,55,198.6
PLT-02946,2025-06-17,19.84,53.9,5.59,1.88,11.9,57,83.95
PLT-02068,2025-12-11,27.65,63.4,4.64,1.67,11.9,45,50.0
PLT-03348,2025-08-11,18.36,68.9,5.07,1.47,11.4,54,237.7
PLT-00531,2025-04-25,18.92,73.6,6.55,1.68,14.5,52,187.03
PLT-04302,2025-02-26,13.69,80.6,6.5,0.83,15.4,56,50.0
PLT-00829,2025-01-08,19.46,67.2,5.16,1.54,12.4,54,303.76
PLT-01205,2025-12-27,25.77,80.2,5.25,1.8,15.4,50,50.0
PLT-00180,2025-09-16,16.83,72.4,7.28,1.71,13.5,53,167.37
PLT-02766,2025-04-26,23.98,72.1,5.82,1.4965305263157893,15.0,49,163.58
PLT-01778,2025-08-10,25.16,57.0,4.71,1.42,13.3,47,50.0
PLT-04928,2025-11-18,16.0,73.7,6.55,1.2,17.1,48,50.0
PLT-00492,2025-09-07,24.07,68.8,4.84,1.44,14.1,54,229.49
PLT-04654,2025-06-30,19.83,62.9,4.74,1.48,12.0,51,269.43
PLT-00034,2025-09-28,21.11,56.0,6.44,1.19,12.8,49,178.1
PLT-03023,2025-06-03,13.09,59.2,6.03,1.55,15.6,50,50.0
PLT-03621,2025-11-18,21.56,68.8,6.79,1.31,14.2,49,271.67
PLT-00486,2025-09-03,21.94,72.9,6.03,1.5,15.6,48,173.28
PLT-00080,2025-07-09,22.04,58.6,4.84,1.37,14.9,45,183.77
PLT-01345,2025-01-17,17.79,70.7,6.23,1.31,17.0,45,177.38
PLT-00578,2025-05-24,14.94,67.6,5.0,1.4,10.6,53,78.86
PLT-01176,2025-03-04,20.56,62.0,6.03,1.21,16.2,55,305.17
PLT-01488,2025-12-15,18.43,77.8,6.76,1.99,13.3,56,50.0
PLT-00498,2025-01-16,20.09,78.7,6.06,1.49,13.5,56,50.0
PLT-04103,2025-01-24,15.57,63.8,4.47,1.62,13.0,51,166.35
PLT-01145,2025-05-13,16.46,55.0,7.06,1.35,15.6,48,50.0
PLT-03735,2025-10-20,11.89,73.4,5.88,1.52,14.9,53,50.0
PLT-04238,2025-12-02,15.12,70.3,6.04,1.8,14.5,45,154.03
PLT-03244,2025-02-12,15.48,50.8,6.03,1.53,16.8,50,50.0
PLT-01236,2025-06-15,19.74,71.7,5.89,1.85,13.4,55,273.13
PLT-04569,2025-05-06,18.49,41.3,6.34,1.36,15.2,54,50.0
PLT-04268,2025-10-10,21.2,76.1,5.04,1.58,9.1,55,50.0
PLT-00625,2025-10-28,19.33,58.7,7.64,1.03,13.6,50,192.27
PLT-01630,2025-09-19,12.51,61.0,5.59,1.59,9.6,46,50.0
PLT-00200,2025-10-22,20.87,83.9,6.63,1.33,15.7,50,50.0
PLT-03614,2025-03-07,16.14,57.0,6.77,0.89,15.5,59,100.88
PLT-01989,2025-11-09,21.94,50.8,6.7,1.07,14.0,57,50.0
PLT-02345,2025-08-14,20.45,66.7,5.79,1.93,12.6,54,320.12
PLT-03264,2025-11-03,24.6,59.1,4.95,1.41,15.5,52,142.91
PLT-01906,2025-11-01,18.55,67.9,5.56,1.56,14.8,54,345.87
PLT-00766,2025-02-08,19.89,61.9,6.61,1.56,15.0,53,339.88
PLT-00804,2025-04-16,17.25,43.6,6.34,1.28,13.9,59,50.0
PLT-01502,2025-04-06,20.61,39.8,4.39,1.6,11.8,54,50.0
PLT-00107,2025-09-18,20.42,66.7,6.79,0.84,16.1,46,289.49
PLT-02965,2025-09-25,19.95,46.1,6.79,1.43,15.7,54,50.0
PLT-00839,2025-03-02,14.07,62.2,6.48,0.68,10.7,57,66.07
PLT-03972,2025-09-30,12.85,77.4,5.19,1.31,10.9,51,50.0
PLT-00706,2025-08-08,15.21,57.8,5.52,1.37,15.2,49,105.39
PLT-04151,2025-08-16,22.64,61.2,5.66,1.4965305263157893,19.1,51,51.05
PLT-03180,2025-08-04,15.87,67.9,6.12,1.72,15.3,58,227.22
PLT-04777,2025-09-26,15.4,64.1,7.33,1.48,14.3,46,192.25
PLT-00229,2025-11-21,16.14,63.9,5.0,2.0,15.5,59,236.14
PLT-03337,2025-03-22,19.66,69.1,6.76,1.83,12.4,53,275.86
PLT-02269,2025-08-20,21.02,58.3,5.23,1.07,13.9,48,235.86
PLT-03853,2025-08-05,21.15,64.5,7.59,1.11,17.2,58,161.4
PLT-00502,2025-09-15,24.51,74.4,6.06,1.4,14.9,48,65.57
PLT-03129,2025-03-14,23.77,50.6,6.03,1.39,16.0,56,50.0
PLT-03353,2025-04-17,23.27,55.4,5.55,1.48,14.6,59,134.36
PLT-04175,2025-06-02,28.0,56.7,4.41,1.22,11.5,45,50.0
PLT-01635,2025-04-02,18.95,66.1,6.78,1.62,12.9,48,308.92
PLT-01481,2025-10-20,19.82,55.7,6.27,1.34,15.1,53,192.37
PLT-02116,2025-11-01,21.81,74.5,5.3,1.68,13.0,51,147.9
PLT-00562,2025-03-03,24.89,68.3,6.29,1.64,14.8,50,232.59
PLT-04199,2025-03-14,19.17,39.8,3.98,1.35,13.7,55,50.0
PLT-03698,2025-03-06,13.92,68.4,6.25,1.37,12.0,48,144.73
PLT-01745,2025-09-19,19.84,66.8,7.07,1.18,13.7,45,309.3
PLT-00280,2025-06-10,18.41,75.0,6.92,1.75,11.9,45,55.25
PLT-02267,2025-04-19,22.19,47.3,5.9,0.88,14.6,47,50.0
PLT-00158,2025-10-11,18.6,67.9,6.31,1.24,13.6,52,356.86
PLT-00539,2025-09-06,15.35,83.1,7.1,1.47,15.5,46,50.0
PLT-04115,2025-09-11,19.88,47.9,6.33,1.97,15.2,47,50.0
PLT-04458,2025-02-27,18.67,66.0,6.13,1.54,15.4,54,352.02
PLT-01651,2025-01-07,18.34,80.4,6.15,1.48,14.8,47,50.0
PLT-03151,2025-03-09,25.02,67.5,6.53,1.45,15.7,55,184.96
PLT-00765,2025-03-13,16.67,60.6,7.68,1.27,14.8,53,176.06
PLT-01865,2025-01-03,15.15,68.1,7.93,1.74,13.3,46,102.81
PLT-03486,2025-12-20,21.48,77.4,5.2,1.79,13.2,58,50.0
PLT-00732,2025-03-04,21.43,67.3,4.79,1.4965305263157893,14.4,50,277.65
PLT-00085,2025-12-04,21.6,53.4,6.4,1.13,12.5,53,57.14
PLT-02581,2025-03-19,19.43,55.6,4.84,1.3,11.7,52,80.91
PLT-03208,2025-03-08,20.92,72.8,6.51,1.38,12.6,45,206.71
PLT-02975,2025-04-14,18.44,69.1,5.65,1.9,11.6,51,242.28
PLT-02697,2025-07-28,25.88,76.1,5.75,1.19,14.1,46,50.0
PLT-01339,2025-05-08,22.87,71.8,6.72,1.13,12.2,59,224.33
PLT-03903,2025-06-08,18.45,76.1,5.59,1.44,12.9,48,90.49
PLT-00912,2025-03-27,19.05,74.1,6.24,1.8,13.1,50,185.99
PLT-00030,2025-02-18,19.04,61.0,6.58,1.65,9.5,51,96.68
PLT-00678,2025-01-01,25.69,43.4,6.16,1.4,13.2,47,50.0
PLT-04502,2025-10-30,16.83,71.1,6.24,1.68,12.4,53,210.87
PLT-03686,2025-10-21,18.01,66.2,6.2,1.2,15.5,53,294.76
PLT-03742,2025-12-21,20.85,68.4,4.85,1.58,13.9,57,305.77
PLT-01621,2025-07-05,19.62,71.2,5.46,1.4965305263157893,17.1,52,197.19
PLT-00423,2025-12-21,17.68,71.1,8.48,1.52,16.8,46,50.0
PLT-01666,2025-07-25,24.49,72.4,6.91,1.45,15.8,55,110.69
PLT-04990,2025-10-20,21.33,72.2,6.02,1.46,12.2,49,234.12
PLT-02728,2025-03-12,22.19,65.0,7.35,1.42,15.1,48,270.96
PLT-03194,2025-04-03,21.87,59.1,6.03,1.58,10.6,52,171.14
PLT-03969,2025-02-28,19.21,55.7,5.51,0.96,15.9,57,151.84
PLT-00169,2025-10-13,21.4,62.3,7.69,1.4,15.5,57,214.38
PLT-03835,2025-02-02,15.68,67.2,6.1,1.64,13.5,46,251.26
PLT-03482,2025-05-27,20.42,78.7,6.77,1.4965305263157893,12.7,54,50.0
PLT-03470,2025-09-06,20.91,71.8,6.61,1.51,17.5,46,117.57
PLT-00228,2025-10-07,23.98,69.3,5.2,1.99,12.3,56,198.91
PLT-02655,2025-07-08,21.03,81.2,6.08,1.59,8.0,49,50.0
PLT-00487,2025-11-21,19.35,50.2,6.03,1.44,13.3,58,50.0
PLT-01695,2025-12-18,15.82,66.2,5.44,1.42,13.6,48,235.84
PLT-01201,2025-06-05,20.73,62.7,6.03,1.59,11.3,51,259.65
PLT-02686,2025-08-19,20.37,74.5,5.3,1.46,11.9,52,143.46
PLT-03173,2025-10-31,19.63,43.5,5.59,1.42,17.6,45,50.0
PLT-00024,2025-06-10,17.5,82.2,5.74,1.2,17.6,50,50.0
PLT-03085,2025-11-09,18.04,57.9,6.05,1.74,14.8,48,237.48
PLT-03131,2025-05-04,19.3,57.0,6.16,1.57,12.9,52,198.72
PLT-02537,2025-03-20,20.67,67.5,6.51,1.18,13.8,47,324.02
PLT-02898,2025-01-28,18.97,66.0,6.43,1.55,13.2,48,330.93
PLT-04841,2025-07-02,28.17,41.6,4.44,1.19,15.6,57,50.0
PLT-02094,2025-04-08,21.3,51.4,6.03,1.74,11.0,50,50.0
PLT-00240,2025-09-16,23.46,55.5,7.88,1.56,14.5,56,50.0
PLT-03572,2025-04-23,19.29,79.2,5.96,1.68,14.3,57,50.0
PLT-03766,2025-09-21,21.75,55.5,6.81,1.02,13.5,51,117.9
PLT-02017,2025-11-21,21.52,74.3,5.84,1.4965305263157893,14.5,53,143.13
PLT-04039,2025-01-17,17.4,72.2,4.39,1.36,12.2,51,115.11
PLT-00298,2025-06-10,20.42,76.4,5.7,0.96,17.0,45,50.0
PLT-00249,2025-05-08,21.36,79.1,6.13,1.79,12.1,50,50.0
PLT-02136,2025-10-31,23.88,66.0,5.19,0.99,14.3,48,283.93
PLT-00374,2025-06-19,20.33,54.6,7.51,1.88,15.3,55,56.93
PLT-00882,2025-10-30,16.23,73.6,6.03,0.98,10.9,58,50.0
PLT-02308,2025-10-27,17.88,53.6,5.54,1.26,15.0,46,66.01
PLT-03888,2025-12-05,18.0,65.1,5.39,1.41,12.3,46,302.97
PLT-04504,2025-03-24,23.14,50.8,6.03,1.58,12.9,45,50.0
PLT-02992,2025-06-25,16.09,67.2,5.02,1.14,15.5,53,205.34
PLT-00725,2025-05-26,21.5,59.0,5.1,1.42,13.5,59,285.31
PLT-02221,2025-04-10,22.2,77.0,5.4,1.05,15.0,56,50.0
PLT-02218,2025-02-19,18.64,61.9,5.97,1.58,14.0,49,304.33
PLT-01469,2025-03-23,20.63,60.6,5.16,1.35,12.6,46,298.11
PLT-01593,2025-05-17,12.89,44.4,5.54,1.17,14.2,57,50.0
PLT-03952,2025-02-17,21.53,63.9,6.01,1.19,13.5,59,339.55
PLT-02446,2025-09-20,22.87,56.8,5.94,1.77,10.3,45,50.0
PLT-03092,2025-11-29,17.06,45.5,5.02,1.49,13.4,52,50.0
PLT-00928,2025-02-03,16.05,60.5,5.16,1.73,14.6,58,246.57
PLT-04580,2025-06-16,18.33,60.1,6.3,1.22,15.0,53,295.88
PLT-04653,2025-05-19,17.68,68.1,8.48,1.63,13.9,57,140.15
PLT-00600,2025-08-27,23.08,77.4,6.74,1.24,11.0,55,50.0
PLT-01393,2025-03-10,19.97,77.6,7.19,1.69,17.3,57,50.0
PLT-02228,2025-08-30,22.2,73.5,7.24,1.63,16.6,59,82.1
PLT-04177,2025-12-23,23.35,65.2,4.73,1.45,10.4,53,145.37
PLT-01610,2025-11-12,18.4,64.7,6.03,2.04,12.3,57,341.9
PLT-04291,2025-01-14,22.2,54.6,5.81,1.64,13.9,54,121.1
PLT-02877,2025-01-21,19.84,79.0,6.69,1.85,13.2,47,50.0
PLT-03289,2025-01-08,20.55,53.8,4.95,1.91,15.4,51,53.48
PLT-02143,2025-11-22,18.65,56.7,6.42,1.3,14.0,54,196.6
PLT-00472,2025-04-04,20.44,79.3,5.81,2.17,15.5,55,50.0
PLT-01245,2025-06-11,24.8,68.0,6.59,1.52,16.2,56,196.87
PLT-03691,2025-09-21,14.51,60.4,5.23,0.97,17.4,49,50.0
PLT-04222,2025-12-05,22.33,66.8,6.03,1.32,14.0,58,274.05
PLT-01074,2025-05-14,21.77,66.3,5.67,1.69,16.6,49,247.42
PLT-01045,2025-01-05,23.55,70.2,6.18,0.85,17.6,57,93.15
PLT-01715,2025-01-07,13.49,65.7,6.03,1.77,11.9,58,114.51
PLT-04041,2025-06-22,22.25,53.8,7.21,1.89,13.1,49,50.0
PLT-04779,2025-10-05,22.92,60.8,6.04,1.59,13.5,54,289.16
PLT-01035,2025-11-24,18.81,69.8,6.35,1.4,13.7,45,298.5
PLT-04418,2025-07-22,20.2,81.8,6.01,1.57,11.9,52,50.0
PLT-01753,2025-10-08,20.65,57.0,6.2,1.26,13.8,59,237.72
PLT-03650,2025-02-01,15.98,64.4,6.5,1.04,13.0,59,265.76
PLT-04809,2025-04-14,17.73,56.8,6.23,1.87,16.3,54,173.14
PLT-01555,2025-04-17,13.81,65.3,5.25,1.4965305263157893,12.8,53,152.81
PLT-04196,2025-03-22,14.15,87.4,6.12,1.3,12.2,55,50.0
PLT-02987,2025-02-09,25.67,77.4,4.99,1.91,17.9,47,50.0
PLT-02722,2025-09-17,22.53,72.6,5.95,1.51,10.8,45,107.29
PLT-00830,2025-12-26,21.19,63.3,5.42,1.94,12.5,48,305.15
PLT-01096,2025-04-28,19.41,58.5,5.59,1.07,11.8,45,205.25
PLT-00427,2025-09-26,23.55,71.2,6.73,0.75,14.2,59,210.99
PLT-02146,2025-01-21,19.57,70.5,6.07,1.9,14.9,52,310.52
PLT-03136,2025-06-13,16.7,62.1,5.48,1.32,13.9,51,289.29
PLT-04161,2025-10-14,14.62,85.2,6.86,1.25,13.2,58,50.0
PLT-04065,2025-03-09,27.59,42.2,6.38,1.57,12.4,47,50.0
PLT-04343,2025-11-19,20.07,63.6,6.25,1.55,18.1,57,199.23
PLT-04952,2025-03-29,14.98,63.2,6.5,1.4965305263157893,14.2,53,213.08
PLT-04231,2025-08-04,19.07,65.2,6.19,1.36,12.6,53,330.04
PLT-02663,2025-01-30,15.95,72.7,5.77,1.09,14.1,51,149.67
PLT-02706,2025-07-30,18.85,57.3,6.09,1.56,16.7,56,175.59
PLT-01324,2025-12-25,24.07,69.5,6.37,1.71,15.6,58,221.89
PLT-04130,2025-11-13,23.49,57.8,5.81,1.65,13.4,51,185.66
PLT-03985,2025-02-08,24.95,65.1,5.51,1.34,11.5,53,147.61
PLT-04460,2025-05-03,18.07,74.2,7.27,1.4965305263157893,14.2,45,101.49
PLT-02884,2025-12-11,22.15,74.1,4.32,1.82,13.9,58,104.29
PLT-02118,2025-10-18,16.95,68.7,6.21,1.33,9.9,48,101.09
PLT-00654,2025-04-27,16.17,66.9,6.67,1.34,15.7,48,221.26
PLT-04437,2025-12-24,23.32,70.6,6.03,0.94,13.6,50,213.19
PLT-01019,2025-04-04,16.35,70.0,7.95,1.13,14.0,52,140.34
PLT-00089,2025-09-09,13.74,93.7,6.03,1.82,15.0,52,50.0
PLT-01130,2025-01-23,17.47,67.8,4.44,1.17,14.8,45,240.3
PLT-03774,2025-01-28,23.34,44.9,4.61,1.8,12.3,51,50.0
PLT-00009,2025-05-02,18.76,55.7,7.35,1.28,11.8,45,80.47
PLT-01887,2025-10-15,21.96,66.9,6.33,1.06,12.4,56,308.6
PLT-01663,2025-03-23,17.37,57.0,5.96,1.32,11.7,56,153.8
PLT-03911,2025-12-27,21.56,60.0,6.2,1.73,9.3,49,50.0
PLT-00682,2025-01-12,15.99,61.2,7.05,1.42,12.1,57,197.46
PLT-03659,2025-02-22,15.85,59.6,6.28,1.51,13.0,54,204.12
PLT-00145,2025-08-10,24.73,68.1,4.82,2.13,12.9,57,182.73
PLT-00995,2025-11-16,13.77,76.6,5.49,1.43,13.7,59,50.0
PLT-03653,2025-02-23,15.96,63.1,6.53,1.36,15.5,48,233.96
PLT-01742,2025-10-30,23.43,56.8,7.07,2.09,14.4,56,115.34
PLT-03341,2025-11-07,24.59,75.6,6.66,1.8,12.7,49,50.0
PLT-03836,2025-02-24,19.32,74.1,5.01,1.34,14.3,47,158.77
PLT-02742,2025-03-23,18.17,64.1,6.88,1.1,14.6,46,298.3
PLT-00152,2025-01-13,24.42,73.5,4.94,1.24,13.7,55,85.51
PLT-01671,2025-01-13,23.8,72.8,5.47,1.32,13.4,48,141.65
PLT-03918,2025-03-02,19.56,71.3,4.6,1.59,14.2,59,267.48
PLT-01832,2025-07-13,19.07,69.1,7.18,1.89,11.4,58,237.31
PLT-00241,2025-05-28,14.39,33.6,6.11,1.77,13.1,53,50.0
PLT-00849,2025-01-01,19.29,80.2,6.93,1.53,15.3,54,50.0
PLT-02173,2025-05-26,19.41,68.9,5.95,1.16,10.5,50,217.1
PLT-01882,2025-06-22,19.53,77.7,6.64,1.4965305263157893,12.4,50,50.0
PLT-00857,2025-08-06,18.51,81.2,6.03,1.72,14.6,57,50.0
PLT-03356,2025-03-14,22.87,63.2,5.76,1.32,12.7,49,288.95
PLT-01414,2025-02-11,15.3,79.1,5.65,2.22,12.3,45,50.0
PLT-00965,2025-01-06,24.29,45.5,7.78,1.71,15.6,45,50.0
PLT-01418,2025-05-11,16.73,60.2,6.15,1.66,12.7,49,235.44
PLT-02750,2025-04-19,20.63,73.2,6.03,1.59,14.2,53,179.5
PLT-00458,2025-07-11,28.61,64.9,5.38,1.29,16.8,53,50.0
PLT-01104,2025-01-15,19.51,63.7,5.47,1.12,16.2,56,289.28
PLT-01437,2025-08-04,12.82,67.9,6.64,1.66,10.2,56,50.0
PLT-04760,2025-06-27,24.05,62.3,5.93,1.48,11.4,47,195.35
PLT-04085,2025-03-25,18.42,68.4,6.36,0.77,14.7,46,296.76
PLT-01591,2025-05-03,22.98,56.9,6.6,2.01,10.1,58,50.0
PLT-03387,2025-10-02,17.35,73.9,5.12,1.65,14.3,48,126.92
PLT-00466,2025-03-27,14.43,71.8,4.74,1.35,12.0,57,55.25
PLT-02674,2025-03-13,19.17,91.3,5.87,1.19,12.8,46,50.0
PLT-03258,2025-02-06,23.66,53.7,6.83,1.3,13.8,56,50.0
PLT-04294,2025-11-06,26.18,69.4,6.03,1.69,13.9,54,107.98
PLT-01787,2025-08-02,18.21,61.2,5.82,1.51,16.4,55,253.28
PLT-01719,2025-03-20,15.25,66.8,6.64,1.0,15.3,56,180.75
PLT-00101,2025-05-16,11.76,66.4,6.11,1.6,13.5,45,50.0
PLT-01706,2025-11-02,20.0,67.7,4.44,1.5,13.5,47,278.07
PLT-03320,2025-09-23,21.05,67.4,5.69,1.18,15.8,55,309.21
PLT-01050,2025-03-30,15.73,74.4,6.82,1.35,15.7,54,50.0
PLT-01407,2025-07-20,21.19,55.6,7.14,1.74,16.0,53,81.78
PLT-04193,2025-06-16,20.96,67.0,6.9,1.39,16.6,58,263.4
PLT-01254,2025-09-04,19.34,78.5,5.69,1.59,14.5,52,50.0
PLT-04739,2025-06-19,20.53,55.5,5.31,1.94,12.4,50,161.76
PLT-02421,2025-01-20,27.15,65.0,6.3,1.7,15.0,46,62.77
PLT-04274,2025-03-10,19.92,80.9,5.76,1.12,14.9,59,50.0
PLT-02848,2025-07-24,22.59,66.1,5.58,1.36,13.8,48,306.2
PLT-01057,2025-04-14,18.16,57.9,7.22,1.4,12.9,59,197.83
PLT-02073,2025-10-14,22.61,56.4,5.87,1.41,15.0,59,180.74
PLT-01727,2025-09-28,16.44,41.1,5.37,1.29,16.1,54,50.0
PLT-04253,2025-11-24,15.29,62.4,6.19,1.57,13.6,45,227.28
PLT-03362,2025-10-15,19.34,74.0,5.78,1.21,13.7,46,169.8
PLT-01296,2025-04-29,19.08,48.2,6.54,1.12,17.0,56,50.0
PLT-03593,2025-07-13,21.07,64.9,7.31,1.16,15.7,53,291.42
PLT-03489,2025-06-22,19.72,57.8,5.04,1.54,15.3,58,229.63
PLT-01293,2025-01-11,18.91,61.6,5.65,1.87,13.6,56,332.06
PLT-04117,2025-11-14,22.84,71.3,6.3,1.57,15.3,45,200.19
PLT-02838,2025-12-08,14.66,69.5,5.4,2.08,12.9,59,170.54
PLT-04611,2025-01-17,20.13,58.0,5.83,1.69,9.5,54,66.33
PLT-00932,2025-03-24,19.53,70.7,4.22,1.13,14.3,53,200.42
PLT-01171,2025-07-21,18.26,62.2,5.54,1.47,17.9,50,143.3
PLT-03168,2025-03-05,20.08,75.3,6.02,1.5,14.0,49,152.65
PLT-01700,2025-01-17,21.66,67.8,6.28,1.32,13.2,53,338.65
PLT-02620,2025-04-29,20.27,65.1,6.03,1.34,13.1,49,300.78
PLT-00684,2025-08-12,20.4,79.0,6.05,1.37,18.2,46,50.0
PLT-00231,2025-07-17,18.25,61.2,5.47,1.44,12.3,45,281.24
PLT-04606,2025-11-13,22.5,64.0,7.14,1.32,12.3,54,295.63
PLT-03409,2025-06-04,17.98,62.2,4.91,1.93,13.5,52,294.0
PLT-04323,2025-07-27,14.2,63.6,5.72,1.64,13.7,49,165.54
PLT-02408,2025-04-27,19.88,62.3,4.26,1.49,12.9,50,234.45
PLT-02338,2025-05-29,18.69,60.2,6.12,1.43,14.2,49,290.1
PLT-04052,2025-12-31,16.47,65.2,6.17,1.25,11.2,49,211.35
PLT-00297,2025-06-18,23.6,58.0,6.82,1.54,15.2,48,167.66
PLT-04750,2025-04-04,18.68,75.9,6.83,2.24,11.2,45,50.0
PLT-03781,2025-08-15,19.93,75.7,4.84,1.81,15.8,51,60.33
PLT-01174,2025-06-03,19.28,61.4,6.66,1.38,11.7,46,278.92
PLT-03128,2025-03-04,19.74,68.4,5.76,1.46,12.6,50,327.3
PLT-03036,2025-05-11,19.2,82.1,6.59,1.85,11.4,52,50.0
PLT-00743,2025-07-16,19.41,61.8,4.9,1.03,16.7,47,207.27
PLT-03941,2025-11-29,18.5,79.3,6.52,1.84,16.1,48,50.0
PLT-03869,2025-04-14,17.75,67.7,6.15,1.55,12.9,54,322.63
PLT-00506,2025-06-27,19.14,45.9,6.32,2.02,16.2,59,50.0
PLT-04601,2025-08-27,19.25,61.0,4.71,1.19,11.3,54,200.28
PLT-04259,2025-06-28,21.38,64.0,5.77,1.58,15.0,49,308.98
PLT-01486,2025-01-15,22.79,60.7,5.33,1.52,14.3,47,254.89
PLT-01420,2025-04-18,17.09,62.2,6.13,1.53,13.2,48,301.44
PLT-03099,2025-08-07,22.02,60.2,5.43,2.05,14.2,45,267.54
PLT-04726,2025-02-28,18.5,70.5,6.89,1.82,14.7,56,281.65
PLT-00334,2025-02-15,17.73,68.4,5.95,1.63,14.0,51,297.59
PLT-00469,2025-08-08,21.92,46.2,5.27,1.28,16.7,47,50.0
PLT-03451,2025-09-07,19.33,64.1,5.03,1.57,16.8,55,268.84
PLT-03106,2025-11-24,18.95,71.5,7.34,1.74,11.3,58,175.59
PLT-01435,2025-11-14,20.97,56.0,6.61,1.74,14.0,47,154.76
PLT-00150,2025-01-29,22.87,78.6,5.99,1.51,12.8,47,50.0
PLT-04032,2025-06-12,20.54,72.0,5.64,1.49,11.9,54,234.05
PLT-00415,2025-04-18,18.88,87.1,6.63,1.3,13.8,47,50.0
PLT-01306,2025-12-30,18.84,59.2,5.55,0.77,17.4,56,150.24
PLT-02630,2025-08-26,22.63,59.7,6.16,1.11,14.9,48,243.26
PLT-01127,2025-02-07,15.75,56.2,5.31,1.4965305263157893,11.6,53,50.0
PLT-03693,2025-11-16,23.11,76.7,7.94,1.21,17.8,53,50.0
PLT-00013,2025-04-10,21.72,51.6,5.23,1.27,15.7,59,50.0
PLT-00094,2025-10-28,18.0,68.3,6.65,1.64,12.8,47,298.7
PLT-03658,2025-06-27,19.62,57.9,7.07,1.46,10.0,54,86.67
PLT-01542,2025-08-14,23.11,68.6,6.03,1.21,11.9,58,272.81
PLT-03760,2025-04-19,19.47,74.1,4.92,1.4,14.7,48,138.63
PLT-03734,2025-05-20,20.43,72.9,6.45,1.5,11.5,53,188.87
PLT-03768,2025-10-19,23.47,64.1,5.24,1.4965305263157893,14.6,48,270.24
PLT-02903,2025-01-17,23.77,48.6,5.5,1.44,12.6,49,50.0
PLT-00734,2025-12-08,21.27,77.9,5.6,1.52,15.7,56,50.0
PLT-03498,2025-02-15,20.56,61.6,5.57,1.7,15.6,53,306.8
PLT-04126,2025-05-18,17.33,64.5,8.38,1.87,15.3,50,113.74
PLT-01785,2025-06-15,24.36,86.6,5.48,1.5,10.4,54,50.0
PLT-02182,2025-04-18,19.29,70.0,5.84,1.78,13.3,58,307.14
PLT-00417,2025-04-13,20.56,26.6,6.13,1.79,12.5,59,50.0
PLT-02317,2025-05-01,23.09,79.1,7.18,0.93,14.6,53,50.0
PLT-04326,2025-10-07,21.06,61.7,4.27,1.87,12.4,46,211.11
PLT-04178,2025-04-12,20.7,65.4,6.36,1.39,12.1,50,287.76
PLT-01095,2025-12-19,15.4,70.7,6.24,1.71,13.7,56,207.76
PLT-00747,2025-09-16,24.49,56.2,6.51,1.73,11.3,53,60.01
PLT-03900,2025-07-07,19.85,65.8,4.88,1.1,12.4,45,291.76
PLT-03980,2025-12-28,25.0,65.9,6.03,1.07,12.9,48,206.93
PLT-02688,2025-03-07,21.15,65.9,5.2,1.4,13.3,48,314.37
PLT-03018,2025-01-25,19.29,70.1,6.36,1.42,15.5,47,262.3
PLT-01993,2025-04-17,19.93,69.0,6.97,1.81,14.9,57,316.49
PLT-04905,2025-08-30,19.3,76.7,4.34,1.4965305263157893,13.9,46,50.0
PLT-02652,2025-02-13,18.16,66.8,5.47,1.51,14.5,53,328.07
PLT-02851,2025-11-25,17.65,68.1,6.01,1.98,12.5,47,254.87
PLT-02859,2025-12-29,11.5,75.7,5.56,1.48,12.3,48,50.0
PLT-03528,2025-06-12,23.64,54.3,4.58,1.41,11.6,46,50.0
PLT-04243,2025-07-23,20.93,53.7,5.8,1.18,15.8,47,98.38
PLT-03683,2025-10-01,17.45,61.7,6.02,1.01,14.6,51,302.63
PLT-00133,2025-10-10,19.47,62.3,6.08,1.4965305263157893,14.8,54,345.12
PLT-02414,2025-10-15,18.99,75.3,6.03,1.87,13.8,47,125.64
PLT-03635,2025-10-22,21.47,62.0,4.83,1.98,15.3,57,269.7
PLT-01483,2025-07-02,20.87,62.5,6.44,1.4,10.9,59,260.15
PLT-00430,2025-06-07,24.57,55.2,4.8,1.64,17.3,45,50.0
PLT-04806,2025-07-06,20.51,70.1,6.81,1.87,10.4,50,153.05
PLT-04740,2025-09-26,21.35,59.5,7.36,1.29,16.1,58,205.08
PLT-01908,2025-08-01,20.73,62.0,6.12,1.54,13.5,54,349.11
PLT-00288,2025-04-22,25.11,71.7,6.03,1.39,14.2,48,129.89
PLT-03275,2025-02-14,27.93,59.3,5.84,1.49,14.5,54,50.0
PLT-03654,2025-02-21,19.16,77.8,4.84,1.6,13.6,49,50.0
PLT-03923,2025-03-03,18.76,57.4,6.84,1.4965305263157893,15.2,48,194.59
PLT-04164,2025-06-11,22.69,50.5,5.72,1.49,14.5,52,50.0
PLT-03108,2025-02-04,22.15,69.7,5.99,1.41,16.9,47,177.94
PLT-02095,2025-04-12,17.96,53.9,5.92,1.44,13.3,48,91.74
PLT-02437,2025-06-27,25.35,78.2,6.14,1.94,10.1,53,50.0
PLT-01871,2025-01-12,22.11,69.2,3.4,1.62,11.3,52,50.0
PLT-02695,2025-02-23,18.55,84.0,7.29,1.4965305263157893,12.0,45,50.0
PLT-02971,2025-03-13,19.41,59.2,5.9,0.74,13.6,50,317.5
PLT-04976,2025-01-11,16.11,62.3,5.96,1.0,17.9,53,116.8
PLT-03545,2025-10-14,24.18,57.0,5.78,0.79,14.8,57,111.5
PLT-04895,2025-07-01,17.9,75.4,5.25,1.2,17.8,49,50.0
PLT-03725,2025-12-30,16.33,76.9,6.03,1.8,13.7,51,50.0
PLT-00438,2025-12-12,22.27,74.7,7.15,1.77,14.2,51,137.08
PLT-03874,2025-11-27,24.61,75.9,6.33,1.72,13.1,53,50.0
PLT-00585,2025-02-26,21.2,81.3,5.85,1.4965305263157893,10.2,49,50.0
PLT-02300,2025-04-12,16.79,80.7,6.11,1.86,14.9,56,50.0
PLT-01439,2025-09-21,19.98,74.4,6.74,1.67,13.8,59,206.91
PLT-04577,2025-01-28,17.72,80.4,5.22,1.48,14.0,47,50.0
PLT-03872,2025-11-08,25.45,58.1,6.03,1.19,10.4,58,50.0
PLT-00712,2025-09-13,25.81,72.4,6.21,1.65,12.5,55,50.0
PLT-02852,2025-10-28,22.12,53.8,6.03,1.62,12.1,48,50.25
PLT-04485,2025-03-29,20.55,56.1,6.64,0.87,14.7,52,175.77
PLT-02417,2025-04-02,19.01,67.9,6.77,1.38,13.4,49,326.62
PLT-04553,2025-05-21,19.89,62.0,7.06,1.4965305263157893,13.2,57,293.91
PLT-02322,2025-01-03,20.6,59.5,7.49,1.34,12.8,50,247.56
PLT-03008,2025-09-26,12.48,60.0,5.04,1.12,11.5,53,50.0
PLT-02132,2025-06-03,20.63,67.9,5.01,1.49,12.6,47,289.27
PLT-04735,2025-10-19,12.86,73.9,6.51,1.41,15.4,56,50.0
PLT-02670,2025-05-16,16.68,76.9,6.67,1.3,11.3,58,50.0
PLT-00587,2025-04-19,19.77,61.1,5.82,1.12,16.7,48,246.6
PLT-02373,2025-06-15,20.41,54.0,5.73,1.4965305263157893,10.1,52,50.0
PLT-01535,2025-10-22,20.46,60.4,6.46,1.54,15.9,55,275.1
PLT-00735,2025-11-11,23.84,58.7,8.15,1.49,14.1,53,54.12
PLT-02165,2025-06-06,18.84,63.0,6.6,1.64,17.5,49,201.57
PLT-03107,2025-07-09,19.32,65.8,6.82,1.22,15.6,51,273.1
PLT-04425,2025-12-04,16.19,78.0,5.26,1.36,16.7,55,50.0
PLT-02587,2025-09-12,16.27,57.3,4.92,1.54,13.2,45,115.25
PLT-00554,2025-07-02,19.55,51.5,5.52,2.05,14.4,50,50.0
PLT-01058,2025-01-14,17.87,72.2,6.08,1.47,15.7,51,189.12
PLT-03291,2025-12-13,25.12,58.4,6.03,1.97,18.3,48,50.0
PLT-04676,2025-03-23,15.96,64.5,6.4,1.6,14.8,50,278.85
PLT-01048,2025-03-03,18.42,58.9,6.22,1.26,14.6,49,252.63
PLT-01221,2025-02-01,15.9,63.4,7.98,2.08,12.1,52,96.4
PLT-00545,2025-04-09,16.72,65.6,6.04,1.4965305263157893,17.9,45,115.89
PLT-00801,2025-12-01,20.21,62.3,6.58,1.9,15.3,47,277.97
PLT-04232,2025-11-11,21.21,59.8,6.92,1.5,13.2,52,267.21
PLT-03525,2025-08-27,19.79,60.1,8.18,1.49,15.8,47,117.46
PLT-00291,2025-12-15,17.8,44.3,6.01,1.3,9.1,54,50.0
PLT-04721,2025-12-21,18.0,63.6,5.58,1.56,13.2,50,340.39
PLT-00927,2025-04-21,15.69,63.9,5.5,1.65,14.2,56,279.56
PLT-00253,2025-05-09,18.97,49.5,7.49,1.13,16.8,52,50.0
PLT-00970,2025-12-01,18.66,61.2,6.07,1.48,15.7,57,292.52
PLT-03312,2025-05-23,22.21,71.2,5.27,1.68,16.2,51,206.07
PLT-00351,2025-11-19,20.12,49.7,6.03,1.85,13.5,49,50.0
PLT-03207,2025-03-17,21.61,64.0,5.01,1.11,12.9,49,298.26
PLT-02035,2025-07-03,21.88,54.1,6.19,2.02,11.0,45,50.0
PLT-03035,2025-08-14,16.25,65.0,6.66,2.01,11.2,57,174.34
PLT-01594,2025-07-14,26.13,77.2,7.56,1.5,12.2,55,50.0
PLT-00091,2025-02-10,19.91,93.2,4.98,0.74,16.1,50,50.0
PLT-01619,2025-12-15,17.36,49.1,6.7,1.26,17.2,46,50.0
PLT-00812,2025-09-30,23.44,63.0,5.61,1.61,15.8,47,246.4
PLT-00722,2025-04-29,15.88,61.9,7.08,1.08,14.8,54,225.82
PLT-03103,2025-02-07,17.79,56.6,7.58,1.55,18.3,58,50.0
PLT-00027,2025-09-10,19.65,70.8,7.14,1.76,16.0,56,249.65
PLT-01346,2025-06-14,24.97,74.9,4.42,1.55,15.1,47,50.0
PLT-02084,2025-06-10,19.89,66.2,7.23,0.89,14.0,56,285.7
PLT-01756,2025-10-01,22.3,62.0,4.99,2.02,10.8,51,166.32
PLT-01211,2025-07-08,13.8,64.8,5.76,1.4,14.6,46,153.07
PLT-04023,2025-05-09,17.27,50.8,7.73,1.75,16.2,46,50.0
PLT-04072,2025-03-17,25.08,41.7,6.53,1.89,15.1,47,50.0
PLT-02374,2025-03-23,28.75,58.8,6.71,1.18,12.9,59,50.0
PLT-04966,2025-08-10,24.18,60.7,6.39,1.36,13.2,49,224.32
PLT-03772,2025-11-22,15.79,70.1,6.29,1.82,14.2,56,216.32
PLT-00916,2025-05-25,19.33,53.2,6.35,1.18,15.2,57,60.51
PLT-02526,2025-08-30,17.06,72.1,5.64,1.8,11.2,51,137.07
PLT-01075,2025-03-08,17.83,49.0,6.09,1.08,12.7,49,50.0
PLT-03699,2025-04-17,17.34,61.3,6.12,1.91,12.7,57,300.59
PLT-00255,2025-05-31,17.11,64.2,6.56,1.78,12.2,51,293.86
PLT-04300,2025-07-21,18.04,64.4,7.07,1.46,17.0,51,230.29
PLT-03211,2025-06-11,22.59,51.9,5.77,1.27,12.5,46,50.0
PLT-04087,2025-04-26,21.23,81.8,5.22,1.61,13.3,45,50.0
PLT-04355,2025-09-15,18.42,55.9,6.34,1.55,10.8,59,126.13
PLT-04597,2025-12-20,22.79,64.2,8.46,1.55,14.7,57,154.23
PLT-01730,2025-03-16,17.19,62.5,5.6,1.02,10.9,52,200.73
PLT-02276,2025-03-11,18.73,50.6,5.25,0.86,13.9,48,50.0
PLT-01953,2025-11-14,17.63,69.2,6.34,2.21,11.7,53,233.63
PLT-01271,2025-10-15,16.94,47.6,5.94,1.62,15.0,53,50.0
PLT-04695,2025-05-12,25.76,70.3,6.33,1.54,14.8,53,143.69
PLT-00316,2025-10-10,21.74,66.7,6.03,1.61,13.0,56,331.86
PLT-04965,2025-04-05,22.19,66.5,7.14,1.4965305263157893,12.8,59,306.61
PLT-04922,2025-03-31,19.1,74.4,6.58,1.85,11.7,52,119.69
PLT-03829,2025-08-10,16.32,69.8,5.7,1.41,14.1,47,257.05
PLT-00556,2025-10-06,25.39,63.3,5.61,1.39,11.8,51,151.89
PLT-01920,2025-04-15,21.73,65.1,6.61,1.56,15.8,52,303.87
PLT-03946,2025-03-11,25.35,70.3,5.15,1.08,12.0,57,115.92
PLT-00070,2025-08-06,20.66,70.4,5.63,1.26,14.5,56,267.75
PLT-02528,2025-08-20,23.7,59.8,5.84,1.15,15.0,50,220.05
PLT-03444,2025-12-08,21.18,80.0,5.98,1.51,14.2,45,50.0
PLT-03410,2025-12-29,22.87,58.8,5.7,1.85,15.2,46,211.83
PLT-02875,2025-06-14,24.14,71.7,6.04,1.28,13.3,56,175.95
PLT-04336,2025-02-10,22.06,56.8,6.44,1.22,12.6,49,173.89
PLT-03170,2025-09-12,22.43,68.2,6.03,1.74,11.4,58,216.64
PLT-00806,2025-03-22,18.81,62.9,6.16,1.54,12.5,55,333.33
PLT-01554,2025-11-26,21.51,62.9,5.58,1.79,14.6,45,320.93
PLT-02119,2025-04-12,16.92,53.8,5.6,0.94,16.8,58,50.0
PLT-04221,2025-05-08,22.12,65.2,5.29,1.4965305263157893,14.3,54,332.84
PLT-03704,2025-12-04,15.78,54.0,5.92,1.45,13.1,57,50.0
PLT-00894,2025-11-08,19.55,69.5,6.07,1.28,14.5,52,333.1
PLT-04993,2025-03-13,23.12,54.1,6.03,1.2,11.5,47,50.0
PLT-02147,2025-04-17,23.29,57.9,7.95,1.3,13.9,59,77.11
PLT-00388,2025-05-23,21.82,77.6,6.92,1.66,15.6,56,50.0
PLT-00752,2025-03-24,24.78,72.1,6.72,1.62,12.4,46,78.32
PLT-02843,2025-04-30,20.98,78.0,5.75,0.91,15.0,50,50.0
PLT-03183,2025-10-28,22.55,71.4,5.69,1.47,12.3,56,229.26
PLT-01984,2025-05-13,19.24,65.6,7.59,2.17,14.0,56,287.76
PLT-04038,2025-07-25,25.5,50.9,5.23,1.22,11.8,49,50.0
PLT-03025,2025-08-15,28.11,58.6,6.71,1.7,13.7,52,50.0
PLT-02188,2025-08-29,19.76,72.0,5.79,1.38,12.4,55,215.27
PLT-00411,2025-04-11,15.39,66.1,5.2,1.62,12.4,59,214.52
PLT-04491,2025-08-30,24.31,66.9,5.9,1.46,12.9,51,264.47
PLT-00110,2025-01-28,20.65,54.9,5.38,1.7,13.3,50,134.85
PLT-02556,2025-11-10,22.31,53.7,5.82,1.4965305263157893,18.4,51,50.0
PLT-03221,2025-03-02,19.36,75.8,6.27,1.61,15.0,48,113.24
PLT-02154,2025-07-22,23.69,73.6,6.0,2.2,13.2,47,102.94
PLT-04732,2025-10-04,21.41,64.4,5.86,1.17,16.0,57,296.7
PLT-02664,2025-10-22,25.3,54.5,4.41,0.9,19.0,52,50.0
PLT-02192,2025-09-20,15.88,59.6,6.03,1.7,14.6,45,191.75
PLT-04329,2025-01-22,23.94,60.4,5.77,1.58,13.7,58,233.34
PLT-01648,2025-07-10,13.31,56.7,5.39,1.5,11.8,55,50.0
PLT-00222,2025-11-20,15.99,70.7,5.29,1.42,9.0,58,50.0
PLT-04410,2025-04-21,22.97,73.0,5.45,1.34,11.1,45,52.24
PLT-04638,2025-03-14,19.97,49.6,5.74,1.66,13.9,47,50.0
PLT-00656,2025-02-27,20.88,70.1,5.65,1.83,11.6,45,194.37
PLT-04145,2025-12-23,19.8,58.9,5.58,1.81,14.0,47,274.83
PLT-01789,2025-12-10,22.43,60.1,6.16,1.6,13.8,48,264.03
PLT-02922,2025-03-17,13.74,57.9,7.11,0.98,11.6,50,50.0
PLT-01256,2025-09-12,17.93,64.9,6.43,1.84,11.6,49,277.89
PLT-04014,2025-05-21,24.72,57.4,5.6,1.38,15.1,51,105.11
PLT-04455,2025-07-06,17.2,75.0,5.56,1.44,14.3,48,91.7
PLT-01210,2025-03-04,22.25,46.9,4.88,1.19,14.8,46,50.0
PLT-04249,2025-05-31,21.5,63.8,5.99,1.62,16.1,47,309.45
PLT-01129,2025-07-19,23.03,62.8,7.3,1.43,13.2,49,268.63
PLT-04174,2025-04-21,25.42,69.0,6.39,1.12,10.1,59,50.0
PLT-02320,2025-05-25,20.23,58.3,6.03,1.75,16.1,48,140.47
PLT-03990,2025-08-30,16.5,69.7,4.82,1.51,14.4,50,207.16
PLT-00178,2025-04-26,18.17,81.4,6.84,1.31,13.8,45,50.0
PLT-02950,2025-03-07,19.43,59.6,6.02,2.11,13.6,52,295.57
PLT-04793,2025-01-22,13.54,80.6,5.61,1.24,12.1,52,50.0
PLT-00081,2025-10-23,21.23,60.4,5.85,1.14,14.3,51,315.75
PLT-01225,2025-10-13,18.54,68.1,5.35,1.74,15.4,49,312.9
PLT-02299,2025-09-15,20.25,67.7,6.03,0.63,11.7,54,275.53
PLT-02916,2025-11-26,21.84,44.2,5.19,1.61,14.2,49,50.0
PLT-02544,2025-01-08,20.65,70.0,4.8,1.84,17.0,55,196.69
PLT-04324,2025-01-02,19.55,85.2,5.81,1.04,12.4,52,50.0
PLT-01780,2025-09-30,20.66,78.9,5.8,1.62,15.3,53,50.0
PLT-04768,2025-08-27,25.75,49.1,5.15,1.29,13.2,47,50.0
PLT-01612,2025-10-11,15.93,72.0,5.53,0.94,12.2,47,95.45
PLT-03779,2025-09-09,19.42,53.2,6.03,1.04,16.5,57,50.0
PLT-00671,2025-05-27,11.21,54.0,5.32,1.4,12.8,55,50.0
PLT-04832,2025-09-26,16.76,69.9,5.35,1.75,16.9,45,150.57
PLT-03619,2025-12-24,18.9,58.6,6.72,1.54,17.1,55,154.84
PLT-01808,2025-08-02,20.59,61.9,5.47,1.21,14.1,46,322.45
PLT-03394,2025-11-21,16.37,74.3,7.38,1.6,11.9,51,50.0
PLT-02689,2025-04-22,18.88,60.0,6.87,1.21,17.0,51,175.08
PLT-02895,2025-03-02,21.08,59.7,5.41,1.59,15.4,53,281.6
PLT-04874,2025-05-29,13.59,71.5,6.81,1.65,10.8,56,50.0
PLT-00220,2025-07-17,25.66,72.1,5.26,1.32,16.0,45,50.0
PLT-02096,2025-05-12,22.9,82.1,5.62,1.2,15.9,45,50.0
PLT-03045,2025-06-29,20.48,59.5,7.54,1.22,12.3,50,201.03
PLT-00044,2025-05-15,19.81,62.8,4.83,1.72,11.7,47,265.92
PLT-00211,2025-12-09,17.14,57.9,6.99,1.11,17.2,45,50.47
PLT-01514,2025-09-23,20.38,57.9,5.3,1.39,13.4,57,252.67
PLT-00355,2025-08-11,21.42,48.8,6.03,1.2,14.0,50,50.0
PLT-02442,2025-05-29,16.78,74.2,5.94,1.4965305263157893,14.2,47,116.65
PLT-01198,2025-03-04,24.92,78.7,5.54,1.49,12.7,45,50.0
PLT-03976,2025-12-02,20.47,67.4,5.79,1.56,15.8,55,351.03
PLT-03205,2025-01-28,21.3,71.2,6.22,1.36,12.0,57,262.08
PLT-00368,2025-09-30,18.89,59.6,6.2,1.65,12.4,48,301.17
PLT-02597,2025-12-17,18.24,88.5,6.25,1.15,13.0,52,50.0
PLT-03790,2025-10-30,18.59,65.2,5.5,1.58,16.8,50,277.93
PLT-01729,2025-06-06,18.23,74.8,5.25,1.31,14.6,47,114.36
PLT-00136,2025-12-12,23.89,69.7,5.13,1.75,13.5,55,243.45
PLT-01504,2025-02-08,20.56,68.9,6.21,1.77,10.0,54,169.16
PLT-00048,2025-10-01,17.23,72.4,5.46,1.44,12.9,56,196.08
PLT-02319,2025-01-12,20.74,44.0,6.73,1.97,13.8,46,50.0
PLT-01392,2025-09-03,21.47,61.2,5.3,1.32,14.3,47,319.09
PLT-02064,2025-10-30,18.41,67.5,6.26,2.02,15.9,45,288.8
PLT-01011,2025-03-25,20.02,53.4,5.36,1.79,13.2,59,111.86
PLT-02122,2025-04-20,22.78,52.4,6.91,1.4965305263157893,10.7,58,50.0
PLT-03996,2025-03-15,19.51,56.6,5.94,1.4965305263157893,11.6,58,162.93
PLT-00062,2025-02-19,16.71,79.7,6.03,1.76,13.5,52,50.0
PLT-01033,2025-11-16,18.85,62.3,6.07,1.97,11.3,47,256.4
PLT-03246,2025-03-31,18.24,67.4,7.17,1.89,15.8,50,238.99
PLT-00096,2025-12-11,19.44,69.0,6.67,1.21,12.9,53,295.69
PLT-00479,2025-10-16,17.29,63.1,5.74,2.11,14.9,57,291.89
PLT-04322,2025-10-18,18.84,53.3,4.97,1.02,12.0,58,50.0
PLT-00843,2025-01-05,17.5,61.6,5.49,1.0,14.5,49,288.61
PLT-00890,2025-12-31,22.46,76.9,5.97,1.39,15.3,57,50.0
PLT-01617,2025-08-12,21.46,72.2,5.96,1.72,12.3,50,239.79
PLT-01903,2025-07-26,17.61,46.2,5.63,1.46,15.2,50,50.0
PLT-01506,2025-01-29,21.82,73.9,7.02,1.68,12.5,56,145.55
PLT-00323,2025-11-13,16.12,64.6,4.52,1.28,14.8,45,197.7
PLT-01323,2025-10-08,19.12,72.6,7.46,0.93,13.3,55,157.59
PLT-03474,2025-06-14,15.96,65.1,3.94,1.63,13.4,48,135.81
PLT-04042,2025-04-26,18.21,73.2,6.21,1.92,11.7,56,136.48
PLT-02388,2025-05-10,16.18,74.1,7.42,2.03,15.5,56,50.0
PLT-01426,2025-04-11,16.62,73.9,6.48,1.82,13.5,59,167.34
PLT-02522,2025-02-17,23.25,52.3,5.22,1.86,13.4,45,50.0
PLT-03130,2025-09-08,21.22,70.5,5.55,1.52,14.6,50,282.27
PLT-01188,2025-06-28,16.69,79.8,6.59,1.93,12.6,52,50.0
PLT-02464,2025-04-26,15.32,71.3,4.94,1.76,14.8,46,106.55
PLT-00292,2025-12-04,25.45,66.5,5.49,1.43,14.8,50,212.57
PLT-02358,2025-06-29,21.61,72.5,5.19,1.4965305263157893,16.2,47,146.59
PLT-02755,2025-12-22,16.3,46.8,5.96,2.12,14.5,56,50.0
PLT-00534,2025-11-10,17.05,73.4,6.32,2.2,13.3,45,140.22
PLT-02054,2025-06-24,17.72,76.7,5.65,1.95,11.4,52,50.0
PLT-03936,2025-04-18,22.58,82.4,6.52,1.71,11.3,50,50.0
PLT-01262,2025-03-08,18.75,50.2,5.37,1.43,13.6,45,50.0
PLT-01877,2025-05-02,24.45,64.5,6.5,1.96,13.2,49,254.43
PLT-02588,2025-09-23,16.62,62.8,7.24,1.86,13.5,50,226.95
PLT-04020,2025-09-04,25.02,60.6,5.47,1.81,13.6,46,177.86
PLT-04983,2025-10-03,27.8,65.1,6.3,1.36,12.5,58,56.18
PLT-03335,2025-10-23,21.66,75.9,5.51,1.2,9.3,48,50.0
PLT-00429,2025-04-16,25.0,57.1,6.1,1.74,17.9,55,50.0
PLT-01039,2025-09-27,19.87,67.7,5.97,2.15,11.7,56,267.48
PLT-03309,2025-08-13,19.51,64.4,5.46,1.18,14.8,58,344.74
PLT-04303,2025-08-06,20.41,72.9,5.95,1.27,12.4,48,206.53
PLT-03649,2025-01-23,15.56,43.2,5.55,1.24,15.5,52,50.0
PLT-01193,2025-07-17,21.52,68.1,6.7,1.57,14.2,57,359.43
PLT-02239,2025-05-23,19.44,78.6,7.05,1.54,15.6,57,50.0
PLT-02427,2025-09-11,20.32,61.9,6.75,1.61,14.5,55,327.25
PLT-01085,2025-04-07,20.42,65.4,6.53,1.74,12.1,47,316.86
PLT-00627,2025-10-19,17.98,63.5,5.4,1.83,15.5,45,263.84
PLT-02022,2025-10-03,15.21,51.9,5.47,1.4,11.3,52,50.0
PLT-04712,2025-05-16,18.5,59.6,6.39,1.35,11.1,45,220.91
PLT-04571,2025-05-02,23.93,74.2,7.49,1.28,12.0,58,50.0
PLT-04971,2025-09-25,20.16,47.6,5.28,1.72,11.3,52,50.0
PLT-00658,2025-06-22,18.16,79.0,5.95,1.4965305263157893,13.3,45,50.0
PLT-02560,2025-01-28,18.32,55.3,7.21,1.57,13.9,51,115.67
PLT-00764,2025-04-05,24.4,76.8,6.83,1.97,12.0,51,50.0
PLT-00788,2025-07-11,23.94,69.1,5.13,2.01,13.3,57,213.89
PLT-03287,2025-04-13,21.73,58.0,5.25,1.21,12.6,45,178.73
PLT-01184,2025-01-17,14.33,68.0,6.59,1.51,15.1,50,170.36
PLT-04511,2025-11-08,20.37,74.8,5.84,1.4965305263157893,12.5,47,151.06
PLT-02281,2025-05-10,22.23,51.4,6.17,1.4965305263157893,12.0,50,50.0
PLT-00953,2025-12-16,18.63,67.1,6.56,1.61,10.0,57,179.99
PLT-03544,2025-07-08,21.86,71.8,5.85,1.12,14.0,51,228.2
PLT-01938,2025-01-21,21.55,67.4,6.79,1.55,13.6,58,313.98
PLT-01544,2025-07-18,22.7,75.7,3.91,1.31,13.7,51,50.0
PLT-02283,2025-01-27,20.09,62.2,6.53,1.69,16.4,59,259.31
PLT-01021,2025-11-01,17.32,69.0,6.6,1.35,15.0,54,288.15
PLT-01737,2025-07-14,18.54,75.3,6.4,1.52,11.3,49,50.0
PLT-01282,2025-05-31,18.1,61.3,6.46,1.54,12.7,51,297.25
PLT-02202,2025-08-08,24.91,61.1,6.01,1.22,16.3,54,168.74
PLT-00071,2025-02-13,23.65,55.0,5.06,1.98,15.6,52,50.0
PLT-00950,2025-12-16,20.44,46.2,4.95,1.57,14.1,50,50.0
PLT-01232,2025-07-13,18.26,55.2,5.95,1.65,16.5,57,120.03
PLT-00832,2025-10-08,22.2,55.2,6.11,1.48,12.9,55,146.83
PLT-03304,2025-03-23,15.36,64.6,6.19,1.42,11.5,47,191.96
PLT-01935,2025-08-25,22.17,70.9,5.8,2.06,13.7,50,258.66
PLT-03739,2025-12-25,18.89,52.8,6.28,1.93,18.8,56,50.0
PLT-04278,2025-11-14,21.79,51.7,6.45,1.76,13.2,56,50.0
PLT-04677,2025-11-18,18.18,49.6,5.42,1.94,18.3,55,50.0
PLT-01613,2025-03-22,17.3,71.4,7.16,1.7,16.7,48,129.75
PLT-01222,2025-06-07,21.78,53.4,6.03,1.94,12.7,57,65.16
PLT-03520,2025-06-28,23.38,43.2,5.74,1.34,15.1,48,50.0
PLT-01175,2025-10-18,23.35,74.5,7.24,1.84,15.4,59,50.0
PLT-02701,2025-03-16,12.85,70.7,6.34,1.86,14.8,47,50.0
PLT-04909,2025-04-22,24.48,61.5,6.93,1.69,15.1,58,223.25
PLT-04392,2025-09-01,21.08,61.7,7.32,1.39,12.1,46,270.38
PLT-01331,2025-01-29,24.89,65.1,3.96,1.38,17.2,57,50.0
PLT-02343,2025-09-29,19.18,69.7,6.36,2.58,14.0,46,246.1
PLT-00897,2025-04-21,16.64,53.8,4.64,1.54,17.0,53,50.0
PLT-04972,2025-09-30,20.38,61.0,4.62,1.15,15.1,55,265.69
PLT-04929,2025-10-19,19.26,63.8,6.99,1.71,11.7,49,272.88
PLT-02611,2025-10-05,15.77,72.2,6.01,1.3,15.5,52,151.23
PLT-04847,2025-07-27,23.22,84.3,5.19,1.56,15.9,56,50.0
PLT-01091,2025-01-10,17.78,69.6,6.1,1.4965305263157893,10.8,52,178.49
PLT-01947,2025-01-14,16.43,52.2,4.09,1.39,12.8,48,50.0
PLT-00945,2025-10-04,16.4,69.1,6.23,1.74,13.3,54,255.83
PLT-03743,2025-10-30,18.98,67.9,5.21,1.75,11.3,49,226.71
PLT-02352,2025-12-27,20.15,60.2,7.42,1.45,16.6,57,200.06
PLT-01627,2025-12-13,17.99,64.7,6.25,1.8,15.9,47,311.5
PLT-02589,2025-05-29,16.71,68.3,6.14,1.97,13.1,56,282.19
PLT-03758,2025-11-06,11.98,76.1,7.24,1.35,11.6,54,50.0
PLT-01438,2025-12-05,22.53,63.1,6.74,1.55,11.9,45,252.17
PLT-04754,2025-10-27,13.64,68.2,6.8,1.81,12.1,50,81.24
PLT-03670,2025-10-17,18.14,54.7,5.45,1.51,16.5,51,51.55
PLT-02649,2025-02-19,20.32,68.2,5.38,1.16,15.1,58,357.82
PLT-00234,2025-04-07,11.5,57.6,6.86,1.4965305263157893,13.9,51,50.0
PLT-04645,2025-12-30,20.61,62.6,7.13,1.82,15.4,59,298.26
PLT-00799,2025-09-06,25.76,48.8,3.63,1.4965305263157893,14.8,47,50.0
PLT-00634,2025-04-01,20.62,65.9,5.15,1.69,16.4,56,291.25
PLT-02315,2025-04-16,17.7,61.0,6.03,0.98,12.3,56,257.25
PLT-00416,2025-01-05,21.31,65.8,6.47,1.06,12.2,59,343.37
PLT-02660,2025-04-28,18.38,59.2,6.35,1.09,12.9,56,259.12
PLT-02025,2025-08-04,24.28,44.3,5.42,1.81,16.6,49,50.0
PLT-02608,2025-11-30,20.49,77.2,6.52,1.03,14.4,50,50.0
PLT-03894,2025-11-17,17.31,61.3,6.03,1.14,13.9,50,283.54
PLT-03494,2025-09-03,19.45,65.1,5.71,1.63,13.7,58,390.31
PLT-00811,2025-11-26,23.78,64.0,6.03,1.51,14.2,47,300.43
PLT-00018,2025-11-05,28.08,58.2,5.19,1.52,13.8,54,50.0
PLT-02534,2025-09-21,19.34,48.3,5.8,1.86,13.0,56,50.0
PLT-02463,2025-03-04,18.2,51.7,6.29,1.12,12.1,55,50.0
PLT-02092,2025-06-08,16.96,64.8,5.71,1.97,13.7,48,285.33
PLT-02171,2025-04-16,20.98,67.5,6.4,1.51,11.0,56,256.25
PLT-00597,2025-08-23,26.5,66.0,6.66,1.52,12.5,58,122.12
PLT-04409,2025-05-31,19.75,67.6,6.34,1.59,11.8,49,285.39
PLT-02195,2025-06-22,21.17,54.9,5.12,1.71,13.4,46,125.28
PLT-04398,2025-03-14,18.92,68.0,5.75,1.41,13.2,55,337.75
PLT-01558,2025-08-06,20.58,65.8,6.95,1.11,14.6,54,347.38
PLT-02245,2025-09-11,23.86,48.0,5.83,1.48,13.9,59,50.0
PLT-04440,2025-08-26,29.35,69.5,6.22,1.88,12.1,49,50.0
PLT-00372,2025-06-25,15.11,61.1,6.63,0.97,11.7,50,116.72
PLT-03719,2025-01-23,21.32,70.9,5.44,1.59,9.7,58,119.28
PLT-02758,2025-06-22,25.01,66.8,4.15,1.54,11.5,50,68.41
PLT-03054,2025-05-30,24.33,58.2,7.54,1.19,19.9,51,50.0
PLT-00599,2025-05-26,20.64,65.9,6.42,1.67,15.6,46,301.2
PLT-00677,2025-05-23,25.09,57.5,5.69,1.79,12.2,50,86.73
PLT-00239,2025-12-15,18.77,46.9,5.86,1.35,16.7,56,50.0
PLT-04013,2025-12-30,24.62,46.3,4.87,1.36,13.9,47,50.0
PLT-04265,2025-05-06,16.19,75.2,6.13,1.55,11.1,45,50.0
PLT-01213,2025-02-18,13.77,76.7,6.33,1.58,15.3,57,50.0
PLT-01850,2025-07-23,22.51,58.1,5.57,1.59,14.5,57,226.63
PLT-02043,2025-12-02,20.25,48.1,6.36,1.14,12.0,59,50.0
PLT-01363,2025-06-22,21.17,62.5,5.1,1.52,13.1,56,347.81
PLT-04370,2025-10-11,21.98,53.8,7.55,1.77,13.3,56,50.0
PLT-03535,2025-08-13,22.87,64.3,5.24,1.47,13.3,52,291.98
PLT-03167,2025-09-24,20.41,58.1,6.21,2.07,11.8,58,231.53
PLT-02805,2025-03-10,23.56,69.0,5.13,1.87,16.9,58,166.47
PLT-04257,2025-09-29,22.3,68.3,5.78,1.44,12.9,51,311.64
PLT-03863,2025-07-24,21.66,76.5,7.09,2.2,13.7,59,50.0
PLT-02830,2025-02-26,20.28,58.2,6.34,1.4965305263157893,14.2,56,297.87
PLT-02368,2025-09-01,17.44,56.5,5.92,0.98,12.4,51,155.22
PLT-01757,2025-09-28,16.88,68.3,6.26,1.3,15.8,46,251.83
PLT-04297,2025-10-07,21.03,77.6,6.89,1.4965305263157893,13.5,51,50.0
PLT-04290,2025-08-03,23.54,50.0,5.69,1.16,14.1,56,50.0
PLT-02415,2025-05-08,17.46,77.9,7.35,0.8,11.4,45,50.0
PLT-03675,2025-03-16,17.91,57.6,6.01,1.34,17.9,46,57.71
PLT-03558,2025-07-23,19.66,59.8,7.11,1.91,14.4,45,270.0
PLT-04113,2025-03-10,17.84,61.7,6.03,1.22,12.2,54,295.24
PLT-00622,2025-05-25,12.4,41.4,6.08,0.61,12.2,59,50.0
PLT-02342,2025-06-10,17.95,63.7,5.81,1.93,12.3,59,301.2
PLT-03703,2025-04-10,19.32,41.2,6.03,1.39,9.0,58,50.0
PLT-00567,2025-01-19,18.44,49.9,5.22,1.43,17.5,53,50.0
PLT-01515,2025-12-25,17.05,66.3,7.35,1.67,14.9,55,264.96
PLT-02521,2025-03-01,19.23,67.4,6.45,1.62,11.2,51,238.61
PLT-01216,2025-08-12,21.08,73.0,6.09,1.47,15.1,51,202.61
PLT-00052,2025-08-30,19.1,56.8,5.14,1.58,12.8,58,200.86
PLT-02211,2025-06-01,18.03,76.9,5.76,1.79,15.1,48,50.0
PLT-00808,2025-10-12,21.81,48.6,6.03,0.93,11.4,59,50.0
PLT-02703,2025-08-11,20.4,62.6,4.76,1.42,13.0,47,320.57
PLT-04184,2025-10-19,19.77,80.4,6.83,1.4965305263157893,11.6,45,50.0
PLT-00535,2025-04-24,23.37,56.7,5.89,1.26,15.0,54,136.15
PLT-03250,2025-07-11,17.33,74.9,7.0,1.12,14.3,49,100.03
PLT-03962,2025-01-19,17.23,71.1,5.99,1.3,10.1,51,73.37
PLT-00444,2025-05-09,23.75,86.9,4.95,1.77,15.6,52,50.0
PLT-01002,2025-06-10,18.35,67.3,6.88,1.92,10.5,52,179.34
PLT-01421,2025-06-21,20.33,53.8,7.1,1.55,12.6,52,83.54
PLT-00813,2025-12-06,17.08,60.6,6.13,1.28,16.9,53,215.32
PLT-01875,2025-10-28,20.74,78.0,6.36,0.78,15.7,55,50.0
PLT-04456,2025-12-07,17.01,61.1,7.43,1.17,10.8,58,150.89
PLT-03064,2025-09-29,17.02,78.0,7.26,1.2,14.9,59,50.0
PLT-04308,2025-11-18,25.03,51.9,6.42,1.5,15.9,51,50.0
PLT-03271,2025-05-27,21.02,73.3,6.3,0.67,16.9,49,82.26
PLT-02610,2025-04-24,20.45,61.4,5.72,1.68,11.1,53,260.96
PLT-03934,2025-01-08,19.76,57.7,6.51,1.05,14.7,55,241.17
PLT-04191,2025-07-17,24.05,58.4,4.95,1.99,13.8,45,133.74
PLT-00645,2025-02-27,21.33,47.2,5.67,1.46,14.5,54,50.0
PLT-02285,2025-05-29,19.94,67.2,5.71,1.54,12.5,56,330.14
PLT-03592,2025-02-04,23.3,48.2,5.82,1.7,15.1,54,50.0
PLT-02578,2025-02-18,20.34,57.7,6.06,1.21,13.8,56,244.92
PLT-04448,2025-10-11,25.06,70.4,7.05,1.4,14.6,59,143.28
PLT-00121,2025-06-21,15.45,76.1,4.7,1.63,12.3,48,50.0
PLT-01269,2025-03-29,21.38,64.3,5.35,1.48,14.0,45,309.7
PLT-04614,2025-11-21,20.43,63.3,5.42,1.83,10.1,54,203.87
PLT-04939,2025-07-28,20.5,55.4,5.3,1.76,13.6,46,142.41
PLT-02496,2025-11-04,20.24,76.9,6.19,1.56,16.3,45,50.0
PLT-02023,2025-06-30,17.78,66.6,6.06,1.58,14.0,55,349.74
PLT-00135,2025-01-15,20.29,58.1,5.33,1.53,13.7,45,261.09
PLT-02790,2025-05-18,18.88,69.1,6.53,1.49,17.8,48,164.87
PLT-03858,2025-04-14,25.39,64.7,6.26,1.05,14.4,54,219.11
PLT-04767,2025-10-21,21.03,70.1,6.03,1.42,11.7,57,275.08
PLT-00185,2025-06-14,14.54,61.0,6.21,1.14,15.2,53,204.59
PLT-01361,2025-08-25,15.44,60.7,4.94,1.82,15.1,46,166.92
PLT-01704,2025-04-30,18.27,77.0,7.22,1.51,14.3,58,50.0
PLT-00512,2025-11-19,16.77,75.3,6.86,1.1,11.1,48,50.0
PLT-00878,2025-12-21,17.82,51.0,6.46,0.94,13.5,58,50.0
PLT-00063,2025-12-26,18.23,56.1,7.45,1.31,12.8,47,104.71
PLT-04787,2025-07-23,16.74,54.3,7.65,1.92,12.3,49,50.0
PLT-02723,2025-07-07,16.85,61.1,6.22,1.88,10.4,56,151.17
PLT-03788,2025-02-22,16.04,62.5,6.42,1.4965305263157893,17.9,52,113.03
PLT-02576,2025-12-26,19.18,66.2,5.25,1.26,10.3,49,185.69
PLT-00777,2025-09-08,20.7,61.0,6.04,1.32,11.4,57,264.25
PLT-00252,2025-12-26,21.34,84.9,6.68,1.39,17.4,46,50.0
PLT-02395,2025-09-10,19.63,80.1,6.03,1.58,15.3,48,50.0
PLT-00860,2025-10-09,19.89,66.8,4.96,1.57,14.6,55,354.25
PLT-03761,2025-12-09,20.25,66.9,5.04,1.71,13.8,55,327.73
PLT-02657,2025-07-03,18.19,61.8,6.18,1.46,15.9,45,281.94
PLT-03389,2025-07-21,18.86,53.1,5.47,1.65,14.5,49,73.28
PLT-00123,2025-08-02,18.75,65.9,5.95,1.65,18.2,58,164.46
PLT-03711,2025-02-25,16.92,77.6,6.17,1.55,16.1,58,50.0
PLT-01169,2025-11-05,26.55,55.6,7.42,1.3,14.7,45,50.0
PLT-01942,2025-01-08,10.49,62.0,7.84,1.06,13.7,47,50.0
PLT-03808,2025-01-24,16.47,53.4,7.03,0.9,12.2,52,50.0
PLT-00568,2025-06-26,18.98,59.4,6.37,1.41,11.2,53,217.97
PLT-02371,2025-02-18,17.39,65.8,5.12,2.0,12.1,49,266.03
PLT-03251,2025-11-14,15.72,56.2,5.55,1.89,16.2,56,86.69
PLT-01534,2025-07-17,23.38,55.0,6.47,1.4965305263157893,12.7,59,128.33
PLT-04215,2025-03-06,19.98,64.0,6.6,1.4965305263157893,14.2,56,350.35
PLT-04986,2025-08-04,23.5,66.2,6.32,1.15,15.1,48,281.96
PLT-01894,2025-12-18,23.32,80.9,5.36,1.68,14.1,52,50.0
PLT-01492,2025-04-18,19.7,46.3,6.41,1.4965305263157893,14.0,58,50.0
PLT-04771,2025-08-10,22.57,60.7,5.09,1.36,12.2,53,237.21
PLT-04201,2025-03-11,16.24,71.4,6.03,2.07,13.8,46,157.01
PLT-02765,2025-11-15,18.52,61.1,5.29,1.46,12.6,57,314.4
PLT-02078,2025-12-27,17.52,69.7,6.03,1.92,14.5,53,275.32
PLT-01457,2025-10-09,14.47,72.8,5.63,1.76,11.6,58,50.0
PLT-04358,2025-06-03,21.19,53.9,6.03,1.28,11.7,50,50.0
PLT-03261,2025-01-17,20.33,65.0,6.04,1.15,12.7,55,366.29
PLT-00603,2025-03-15,17.55,81.3,5.85,1.52,12.4,52,50.0
PLT-02100,2025-10-06,21.43,69.5,6.28,1.94,11.6,48,250.9
PLT-01570,2025-01-20,14.98,66.7,6.49,0.88,14.2,49,215.11
PLT-01102,2025-08-04,21.61,69.3,4.92,1.16,11.6,59,258.38
PLT-03526,2025-09-17,20.09,53.7,4.91,1.21,16.5,57,50.0
PLT-00319,2025-10-04,24.95,60.2,6.09,1.9,16.5,46,131.57
PLT-01294,2025-08-22,13.98,53.5,6.45,1.84,13.0,58,50.0
PLT-00275,2025-07-27,16.39,66.8,5.88,1.86,13.2,56,297.31
PLT-02963,2025-11-03,18.85,63.2,7.19,1.15,14.6,58,330.64
PLT-00550,2025-07-09,21.72,72.1,7.91,1.21,15.1,56,106.92
PLT-02224,2025-07-21,21.46,57.2,5.63,1.97,12.3,56,222.25
PLT-03902,2025-02-16,20.43,70.1,5.1,1.63,12.2,49,262.63
PLT-04943,2025-05-24,16.14,73.1,6.47,1.72,11.8,49,81.39
PLT-04550,2025-08-27,24.19,71.7,6.2,1.5,16.4,56,142.37
PLT-00606,2025-01-07,20.42,52.5,5.5,1.55,14.0,52,50.0
PLT-02260,2025-01-19,17.56,66.2,5.32,1.17,13.3,57,303.71
PLT-00528,2025-09-21,21.35,92.0,6.73,1.51,15.6,52,50.0
PLT-02516,2025-07-11,20.84,69.5,6.14,1.78,16.5,57,250.67
PLT-04967,2025-10-03,20.07,50.7,6.09,1.4,17.6,57,50.0
PLT-02457,2025-11-04,19.69,81.9,6.33,1.01,15.1,47,50.0
PLT-03846,2025-08-16,21.32,83.1,6.06,1.66,13.8,50,50.0
PLT-04955,2025-06-28,20.63,87.7,5.9,1.5,15.7,48,50.0
PLT-01874,2025-01-25,17.18,46.6,5.26,1.21,15.4,46,50.0
PLT-03215,2025-03-13,21.4,72.9,6.52,1.56,10.8,56,128.74
PLT-00299,2025-03-09,14.1,59.7,5.59,1.37,10.9,53,50.0
PLT-01136,2025-05-21,19.82,73.3,7.62,1.21,12.7,51,125.21
PLT-02586,2025-07-09,24.77,82.6,5.03,1.85,11.5,58,50.0
PLT-01878,2025-05-27,19.15,67.8,6.97,1.72,13.7,46,315.53
PLT-04773,2025-05-09,23.94,65.1,6.31,1.91,15.2,54,274.87
PLT-04995,2025-08-24,19.32,37.2,5.74,1.71,14.5,49,50.0
PLT-04075,2025-07-07,18.15,61.1,5.77,1.15,12.9,50,290.9
PLT-01616,2025-10-28,22.83,71.4,6.2,1.48,14.2,49,180.11
PLT-04949,2025-06-04,18.79,50.4,6.16,1.73,14.4,59,50.0
PLT-00151,2025-02-05,22.63,63.1,6.91,1.65,11.7,59,256.66
PLT-00757,2025-02-20,20.99,61.8,3.53,1.49,14.8,58,155.09
PLT-01053,2025-03-30,23.71,59.5,6.72,0.94,15.9,49,165.64
PLT-04256,2025-04-24,17.65,54.3,6.5,1.35,16.5,53,50.0
PLT-01484,2025-12-30,14.01,45.7,6.69,1.16,14.3,55,50.0
PLT-01116,2025-08-31,21.14,71.2,5.15,1.4965305263157893,10.3,46,110.05
PLT-03066,2025-09-05,18.3,58.7,7.51,1.66,14.9,57,188.15
PLT-02255,2025-06-16,24.87,71.2,6.03,1.87,15.8,52,125.54
PLT-00377,2025-12-21,18.18,63.6,5.93,2.02,14.5,50,336.09
PLT-02104,2025-05-09,24.83,61.6,5.11,1.15,14.1,54,209.46
PLT-04223,2025-02-12,24.82,71.1,6.41,1.26,15.0,48,154.9
PLT-02340,2025-08-19,19.79,48.9,6.5,1.74,12.9,47,50.0
PLT-03945,2025-06-05,16.87,60.0,6.09,1.8,13.4,58,250.98
PLT-00379,2025-01-13,18.62,72.9,6.15,0.92,17.3,55,104.91
PLT-02776,2025-09-17,22.33,78.6,5.88,1.55,13.4,50,50.0
PLT-04421,2025-11-10,14.77,79.8,4.93,1.25,15.5,54,50.0
PLT-00908,2025-07-21,22.52,67.0,5.45,1.24,16.2,52,268.97
PLT-01371,2025-07-12,22.97,62.0,6.46,1.46,13.4,53,300.18
PLT-01955,2025-04-21,15.9,74.2,6.03,0.97,12.6,47,50.0
PLT-01722,2025-08-14,21.14,74.9,5.74,1.37,16.7,50,79.27
PLT-03314,2025-09-15,20.26,66.9,7.98,1.9,14.5,50,222.58
PLT-03056,2025-11-21,18.23,59.1,6.03,1.44,12.8,46,233.9
PLT-01870,2025-01-14,21.87,80.2,4.87,1.51,14.9,55,50.0
PLT-03916,2025-01-15,17.53,50.4,6.77,1.73,15.6,52,50.0
PLT-04635,2025-01-25,19.94,77.8,4.48,1.85,13.2,55,50.0
PLT-00795,2025-10-13,17.55,42.4,4.53,1.91,12.6,55,50.0
PLT-02553,2025-05-28,18.46,56.8,4.77,1.5,14.5,52,180.24
PLT-00842,2025-10-04,17.16,67.1,7.11,0.95,14.6,51,266.31
PLT-03338,2025-09-25,20.44,65.5,5.03,1.12,17.7,53,188.56
PLT-01703,2025-01-22,21.26,63.4,6.0,1.32,14.5,57,379.98
PLT-00176,2025-10-10,16.68,61.2,4.98,1.04,10.0,49,86.2
PLT-01809,2025-06-28,21.64,77.5,6.98,1.97,10.5,56,50.0
PLT-02793,2025-04-17,18.0,63.1,6.06,1.97,13.0,49,290.64
PLT-03671,2025-12-04,15.48,89.4,5.85,1.5,13.5,58,50.0
PLT-00046,2025-11-25,18.9,53.5,5.12,1.45,17.4,50,50.0
PLT-02808,2025-02-18,19.24,61.3,5.82,1.03,14.8,57,335.01
PLT-02459,2025-11-04,22.25,60.2,6.47,1.35,13.8,47,282.03
PLT-02887,2025-06-27,27.49,72.8,6.03,2.07,15.7,48,50.0
PLT-01718,2025-05-14,15.94,78.2,6.01,1.53,14.3,56,50.0
PLT-03600,2025-12-24,19.62,50.8,6.22,1.88,10.4,52,50.0
PLT-03608,2025-02-14,19.99,69.1,6.32,1.86,14.0,56,348.33
PLT-02935,2025-06-03,21.67,79.9,5.48,1.4965305263157893,12.8,49,50.0
PLT-03793,2025-02-15,18.17,59.6,4.86,1.02,11.7,46,171.16
PLT-01741,2025-01-21,23.54,55.8,6.98,1.63,11.3,46,50.0
PLT-03162,2025-01-16,22.5,77.1,5.68,1.59,13.7,49,50.0
PLT-02472,2025-08-17,16.6,51.5,5.79,1.31,16.0,48,50.0
PLT-00284,2025-04-14,20.06,74.3,6.42,1.67,13.4,52,201.14
PLT-04049,2025-09-14,16.54,69.3,6.55,1.02,13.5,59,275.43
PLT-01449,2025-02-28,18.17,65.7,5.0,1.26,14.4,55,307.71
PLT-01433,2025-10-30,25.57,77.1,6.03,2.13,15.2,46,50.0
PLT-03610,2025-03-24,18.01,41.1,6.01,1.32,8.7,51,50.0
PLT-03096,2025-08-13,20.96,56.1,6.72,1.7,16.6,46,110.12
PLT-04908,2025-05-22,18.21,66.3,5.96,1.6,12.3,52,329.91
PLT-01076,2025-06-28,19.41,46.9,6.04,1.4,14.1,58,50.0
PLT-03039,2025-10-04,16.66,49.3,6.75,1.24,12.8,47,50.0
PLT-04804,2025-08-05,22.45,67.7,6.17,1.97,14.0,58,298.58
PLT-02603,2025-09-28,24.05,52.7,4.76,1.65,15.0,50,50.0
PLT-03640,2025-01-21,20.41,61.6,6.73,1.84,10.9,47,232.93
PLT-02747,2025-11-15,23.88,80.4,7.09,1.48,14.6,47,50.0
PLT-02362,2025-11-07,20.37,76.2,5.22,1.93,14.1,50,84.54
PLT-04153,2025-01-16,24.34,72.9,5.65,1.2,15.0,51,122.01
PLT-01056,2025-10-22,19.07,70.9,6.38,1.21,12.0,47,216.87
PLT-00978,2025-01-26,19.97,52.0,6.27,1.4965305263157893,13.9,57,50.0
PLT-04605,2025-11-16,21.32,59.5,7.38,1.71,16.6,55,173.87
PLT-01873,2025-01-12,19.05,71.1,6.17,1.31,13.8,49,273.25
PLT-01540,2025-03-03,16.77,48.9,5.79,1.37,11.8,45,50.0
PLT-04938,2025-10-23,24.31,62.9,7.29,1.7,14.4,58,218.14
PLT-00100,2025-05-09,21.37,64.4,6.14,1.63,13.8,50,338.09
PLT-01740,2025-04-02,26.23,86.7,6.95,2.01,11.7,48,50.0
PLT-04406,2025-06-17,13.92,55.9,6.71,1.22,17.9,47,50.0
PLT-01733,2025-06-24,18.75,83.5,6.76,1.67,17.9,48,50.0
PLT-02198,2025-05-21,22.66,60.0,5.74,1.65,13.5,53,283.27
PLT-00352,2025-05-08,21.33,63.8,6.39,1.06,14.1,54,336.77
PLT-02788,2025-11-21,18.4,59.8,7.44,1.37,14.1,52,231.1
PLT-01933,2025-09-25,27.17,67.6,5.83,1.41,12.7,50,86.63
PLT-01819,2025-05-28,24.91,66.9,6.26,1.45,15.0,49,215.95
PLT-01003,2025-06-27,20.95,71.3,4.1,1.65,12.1,45,121.03
PLT-00719,2025-09-08,20.14,84.0,6.61,1.03,13.7,59,50.0
PLT-02756,2025-07-11,22.86,83.7,6.29,1.34,14.9,47,50.0
PLT-02777,2025-05-28,16.86,60.6,3.7,1.8,12.5,58,104.27
PLT-04633,2025-10-09,22.35,59.6,6.53,1.62,14.4,56,298.19
PLT-00309,2025-08-26,19.72,64.0,6.36,1.35,17.0,46,258.45
PLT-01565,2025-02-16,17.18,71.1,6.03,1.4965305263157893,12.7,55,179.01
PLT-00834,2025-12-18,19.15,72.3,5.02,1.6,17.6,46,89.61
PLT-00367,2025-06-04,22.53,69.7,6.63,1.46,11.0,53,186.69
PLT-04880,2025-06-15,21.99,61.7,6.45,1.58,14.4,54,325.69
PLT-02120,2025-09-24,18.88,64.6,5.8,1.4965305263157893,14.6,47,330.29
PLT-03197,2025-11-03,17.0,41.6,4.4,2.25,11.5,52,50.0
PLT-03837,2025-01-07,12.86,61.9,5.51,2.58,16.3,48,50.0
PLT-02590,2025-06-13,19.8,59.3,6.11,1.53,14.1,58,292.69
PLT-03989,2025-03-29,13.35,70.8,6.03,1.26,13.2,49,50.0
PLT-00020,2025-12-10,16.99,66.9,6.08,1.56,12.4,51,274.11
PLT-01478,2025-10-28,19.14,79.9,5.93,1.44,16.2,46,50.0
PLT-01607,2025-06-25,21.54,63.8,5.11,2.17,14.1,49,320.28
PLT-02659,2025-07-10,17.45,64.1,7.23,1.7,14.5,48,259.48
PLT-00219,2025-06-09,18.76,63.3,4.71,1.71,13.5,57,317.95
PLT-01879,2025-02-24,18.3,61.6,5.77,1.4965305263157893,11.9,50,285.76
PLT-00439,2025-08-17,24.11,70.4,6.72,1.74,13.8,57,210.88
PLT-01159,2025-10-29,18.21,63.5,3.64,1.38,14.4,55,179.07
PLT-01615,2025-02-09,23.24,59.7,6.21,1.09,12.6,52,235.09
PLT-04784,2025-12-06,16.33,61.5,5.63,1.4965305263157893,15.6,54,212.13
PLT-03502,2025-05-27,18.15,57.7,5.09,1.48,14.6,48,201.36
PLT-01182,2025-07-29,21.09,49.5,5.86,1.73,15.1,56,50.0
PLT-04698,2025-05-02,20.89,63.7,5.31,1.71,13.5,47,331.49
PLT-04002,2025-08-04,18.74,67.3,5.6,1.12,12.3,57,317.81
PLT-02819,2025-05-09,19.36,56.4,6.03,1.65,15.1,50,94.16
PLT-00803,2025-09-04,17.91,83.6,5.51,2.14,14.4,50,50.0
PLT-03059,2025-12-16,15.52,56.7,5.47,1.53,17.3,54,50.0
PLT-03575,2025-05-15,14.05,58.2,6.22,1.51,12.4,45,50.06
PLT-03797,2025-10-07,19.14,63.7,6.05,1.34,16.2,48,282.97
PLT-02466,2025-03-03,21.27,65.1,5.42,1.35,13.9,46,338.02
PLT-00583,2025-05-31,18.42,70.7,5.72,1.55,14.3,46,283.21
PLT-00204,2025-03-22,20.28,61.5,4.83,1.51,13.7,45,297.09
PLT-04114,2025-12-17,16.62,67.8,7.01,1.35,13.1,58,257.55
PLT-03485,2025-04-27,22.9,75.9,5.76,1.89,15.8,48,50.0
PLT-02293,2025-09-16,20.12,58.4,4.64,1.9,13.4,54,225.56
PLT-02223,2025-06-16,23.15,75.0,6.99,0.9,14.8,53,63.84
PLT-03476,2025-01-08,19.01,54.4,6.0,1.2,10.6,52,50.0
PLT-02329,2025-04-14,19.88,58.3,5.74,1.4965305263157893,15.5,51,267.56
PLT-04628,2025-09-08,20.29,57.8,5.02,1.52,14.9,48,216.46
PLT-03429,2025-10-01,18.57,71.8,7.03,1.56,13.9,52,255.89
PLT-01996,2025-06-14,10.47,68.7,5.61,1.53,14.6,45,50.0
PLT-03404,2025-03-08,23.5,70.5,6.03,1.93,10.5,55,113.59
PLT-03419,2025-05-02,26.88,58.4,5.36,1.14,10.9,45,50.0
PLT-00518,2025-10-12,17.19,60.2,6.05,1.24,11.3,57,221.35
PLT-01376,2025-01-29,20.25,76.9,5.53,1.14,16.4,58,50.0
PLT-02058,2025-04-29,20.23,78.3,6.18,1.77,15.9,46,50.0
PLT-00669,2025-06-13,19.62,56.1,5.1,1.27,13.8,54,176.34
PLT-02465,2025-07-10,22.46,73.0,5.86,1.46,12.2,50,157.75
PLT-01979,2025-09-23,22.02,67.0,6.03,1.97,14.1,48,235.24
PLT-04962,2025-11-09,17.57,64.9,5.17,1.51,11.8,45,246.05
PLT-00997,2025-10-20,19.55,57.7,6.03,1.43,13.6,47,153.29
PLT-02474,2025-05-13,17.78,62.4,6.03,2.07,14.7,51,270.77
PLT-02802,2025-09-02,17.83,52.3,6.87,1.91,13.5,53,50.0
PLT-03556,2025-05-06,19.86,70.2,5.27,2.01,11.4,49,204.64
PLT-04430,2025-02-07,18.78,77.3,6.52,1.1,13.7,51,50.0
PLT-03411,2025-08-22,11.86,61.5,7.46,1.66,15.4,52,50.0
PLT-03461,2025-04-21,18.19,78.0,5.64,1.33,14.5,46,50.0
PLT-04639,2025-04-30,16.6,52.8,5.95,1.4965305263157893,15.8,56,50.0
PLT-00760,2025-09-17,16.77,64.9,6.89,1.06,11.0,46,201.89
PLT-04233,2025-12-05,19.89,71.2,5.09,1.59,15.5,54,243.12
PLT-01398,2025-08-27,18.47,61.1,7.27,1.04,16.1,48,195.84
PLT-04968,2025-08-19,20.95,86.9,5.86,2.1,13.4,58,50.0
PLT-02253,2025-02-11,26.56,62.0,6.03,1.77,10.6,55,50.0
PLT-02396,2025-11-06,20.05,76.2,7.04,1.21,13.8,49,58.02
PLT-04634,2025-05-24,17.27,66.7,6.18,1.61,13.1,45,286.12
PLT-00215,2025-05-10,21.0,81.5,7.23,1.16,13.8,53,50.0
PLT-03399,2025-01-31,14.81,72.6,6.78,1.54,15.0,56,89.58
PLT-01118,2025-10-09,19.61,67.1,5.82,1.61,15.4,50,335.48
PLT-00694,2025-07-05,13.68,49.5,5.2,1.67,15.5,55,50.0
PLT-01579,2025-06-09,20.83,64.7,5.37,1.74,10.3,53,205.46
PLT-02672,2025-07-05,24.2,60.1,7.31,1.96,14.5,54,159.04
PLT-02500,2025-10-09,21.8,67.3,6.03,1.4,13.8,45,308.64
PLT-01030,2025-10-23,20.29,71.9,5.79,1.38,11.5,55,229.78
PLT-01823,2025-12-19,18.96,37.0,5.54,1.23,17.5,47,50.0
PLT-01943,2025-04-10,20.63,65.0,6.3,1.76,11.7,54,299.96
PLT-02582,2025-04-15,15.51,71.5,5.57,1.45,14.8,54,200.58
PLT-04992,2025-10-23,21.81,68.2,6.69,1.78,13.0,59,293.73
PLT-00197,2025-11-14,20.79,55.7,4.97,1.4965305263157893,13.2,53,140.54
PLT-03933,2025-04-03,23.15,68.7,6.64,1.42,13.0,49,251.82
PLT-03909,2025-03-25,19.29,79.8,6.05,2.25,15.8,58,50.0
PLT-01925,2025-03-07,22.87,51.6,6.7,1.56,16.2,56,50.0
PLT-00880,2025-06-29,20.94,81.6,4.25,1.45,13.5,58,50.0
PLT-03110,2025-01-30,15.44,70.2,4.97,1.28,14.3,55,178.05
PLT-03694,2025-06-06,17.27,66.1,5.94,1.43,16.4,57,279.42
PLT-04974,2025-10-25,26.95,56.8,6.0,1.75,13.9,52,50.0
PLT-01748,2025-02-27,22.84,77.3,6.01,1.0,15.6,53,50.0
PLT-00888,2025-03-19,22.62,80.7,6.06,1.69,11.3,58,50.0
PLT-04155,2025-08-01,18.71,58.6,5.69,1.61,14.3,56,241.81
PLT-00069,2025-07-10,16.69,68.6,5.37,1.43,15.0,46,254.3
PLT-02729,2025-01-04,21.91,64.0,5.74,1.78,15.4,46,325.95
PLT-02101,2025-12-05,21.9,70.4,6.48,1.41,13.2,49,249.85
PLT-00569,2025-04-10,21.28,69.3,6.73,1.66,16.6,56,234.34
PLT-02026,2025-09-08,18.74,63.0,5.67,1.59,13.6,56,336.77
PLT-00097,2025-11-23,13.29,51.8,6.25,1.54,17.9,50,50.0
PLT-01042,2025-10-18,23.52,51.3,7.05,1.21,14.6,57,50.0
PLT-01455,2025-01-16,24.36,56.6,6.8,2.35,10.1,51,50.0
PLT-02314,2025-07-27,16.63,68.1,6.6,2.05,17.6,52,106.86
PLT-02654,2025-06-20,23.55,61.5,7.45,1.12,12.4,59,227.09
PLT-01261,2025-08-17,22.8,62.0,6.1,1.4965305263157893,15.5,56,288.24
PLT-01840,2025-11-01,22.32,73.9,5.35,1.76,14.8,51,140.28
PLT-03929,2025-08-11,24.3,76.4,6.24,1.8,13.8,54,50.0
PLT-01352,2025-12-08,18.84,59.7,6.45,0.96,14.4,57,280.86
PLT-01967,2025-08-17,23.31,60.2,6.93,1.74,15.9,55,174.37
PLT-03796,2025-04-12,14.62,57.8,7.73,1.45,12.8,46,50.0
PLT-04027,2025-11-23,21.32,56.9,6.16,1.28,9.7,47,50.0
PLT-01026,2025-05-17,22.43,72.7,6.03,1.51,13.9,55,216.92
PLT-00464,2025-06-03,17.8,61.0,5.86,1.27,13.4,53,292.24
PLT-02375,2025-10-18,19.45,70.0,5.15,1.44,14.7,55,290.63
PLT-01273,2025-10-29,24.39,63.2,7.21,1.36,13.9,47,223.2
PLT-03938,2025-07-28,23.26,55.0,4.71,1.51,14.0,54,70.49
PLT-00595,2025-08-03,21.52,73.1,7.1,1.59,15.0,47,154.9
PLT-02216,2025-10-20,17.46,71.4,5.88,1.01,14.0,59,228.63
PLT-04918,2025-06-15,16.66,70.1,6.09,1.55,12.3,52,222.51
PLT-00626,2025-05-12,26.14,64.6,6.37,1.53,15.3,54,175.64
PLT-00451,2025-05-06,16.16,75.6,7.05,1.42,17.7,52,50.0
PLT-01551,2025-03-04,21.42,70.1,5.25,2.01,13.1,53,244.51
PLT-01413,2025-04-14,23.29,80.4,6.11,1.77,14.3,54,50.0
PLT-01872,2025-03-28,26.46,78.0,7.69,1.46,11.8,57,50.0
PLT-04486,2025-11-20,17.5,57.3,6.17,1.54,11.2,56,128.5
PLT-02471,2025-01-14,17.55,65.5,5.51,1.25,15.1,46,299.04
PLT-01336,2025-03-16,16.88,78.8,5.3,1.48,15.4,45,50.0
PLT-03847,2025-04-21,15.3,79.9,6.23,1.6,12.6,45,50.0
PLT-04407,2025-02-08,20.47,69.5,6.37,1.17,14.3,48,293.97
PLT-04026,2025-04-03,16.09,73.7,4.89,1.76,14.5,53,98.94
PLT-02985,2025-04-24,20.62,72.9,5.93,1.27,16.9,46,130.89
PLT-04081,2025-05-13,19.97,63.3,5.51,1.58,14.1,58,332.48
PLT-03300,2025-05-26,20.4,60.7,6.86,1.5,15.8,45,247.24
PLT-04729,2025-09-22,20.65,61.5,6.87,1.38,14.4,46,319.95
PLT-01000,2025-11-29,16.48,53.4,6.03,1.39,15.6,54,50.0
PLT-01537,2025-10-29,19.94,60.5,5.1,1.85,11.8,54,268.94
PLT-02019,2025-06-28,15.81,88.1,4.34,1.69,13.1,48,50.0
PLT-00193,2025-04-06,23.79,55.1,6.63,2.11,12.5,52,50.0
PLT-03817,2025-04-29,16.13,46.4,6.38,1.62,14.1,45,50.0
PLT-04224,2025-03-19,24.06,64.6,6.2,1.75,12.4,59,272.08
PLT-01375,2025-10-09,18.05,79.0,7.0,1.04,12.9,59,50.0
PLT-04275,2025-04-28,25.86,64.9,5.95,1.39,16.4,58,147.76
PLT-04480,2025-09-13,24.08,59.5,6.59,1.54,11.7,51,145.8
PLT-04969,2025-11-05,22.43,53.2,7.51,1.44,13.7,53,50.0
PLT-02606,2025-06-02,13.47,70.8,6.62,1.53,13.1,55,68.47
PLT-03689,2025-03-29,20.39,53.4,6.5,1.47,12.7,47,50.0
PLT-02842,2025-09-27,19.71,62.1,7.97,1.62,15.1,48,214.56
PLT-03865,2025-05-04,23.32,67.1,6.33,1.4965305263157893,12.4,59,294.65
PLT-04237,2025-10-10,26.15,59.0,6.7,1.28,13.7,48,68.0
PLT-03856,2025-02-28,19.88,71.1,6.44,1.68,14.2,54,281.16
PLT-02715,2025-06-03,13.42,77.5,6.88,1.55,14.4,50,50.0
PLT-03754,2025-01-16,22.09,66.9,6.75,1.77,14.2,55,327.54
PLT-02246,2025-09-15,20.04,64.2,6.44,1.37,13.0,47,331.01
PLT-01659,2025-06-09,21.66,55.3,6.9,1.72,13.3,54,111.56
PLT-02562,2025-09-18,25.02,58.3,6.59,1.61,16.0,51,116.12
PLT-00192,2025-06-09,20.32,68.2,6.63,1.54,15.2,51,296.63
PLT-04607,2025-10-22,23.85,77.3,5.23,1.4,15.6,56,50.0
PLT-01744,2025-03-25,22.29,69.4,6.44,2.01,14.1,53,288.79
PLT-03086,2025-04-27,18.84,71.0,6.42,1.42,15.6,54,218.41
PLT-04288,2025-07-01,17.19,73.1,6.03,1.33,14.1,49,200.48
PLT-01863,2025-11-10,15.82,70.0,6.82,1.28,12.4,54,186.06
PLT-01768,2025-06-23,22.52,65.7,6.11,1.41,12.9,59,342.07
PLT-01895,2025-11-08,22.58,67.8,6.94,1.51,13.6,54,286.97
PLT-04850,2025-05-05,22.11,55.3,5.32,1.39,14.8,48,133.74
PLT-03718,2025-06-24,16.37,69.2,6.75,1.4965305263157893,13.8,54,246.67
PLT-02523,2025-01-29,19.61,65.1,6.06,1.25,14.2,54,357.38
PLT-03467,2025-12-04,18.29,77.8,6.01,1.7,12.2,57,50.0
PLT-04054,2025-12-09,14.69,68.4,5.45,1.61,14.1,52,195.64
PLT-03931,2025-01-03,14.11,70.9,5.3,1.34,11.5,55,57.76
PLT-00167,2025-02-13,23.62,50.8,6.52,1.84,13.7,50,50.0
PLT-02219,2025-06-01,14.61,59.0,6.05,1.22,13.1,51,133.28
PLT-03679,2025-03-20,19.5,59.2,6.39,1.21,12.8,49,265.25
PLT-01025,2025-11-30,21.96,69.9,7.27,1.56,9.6,58,61.2
PLT-01362,2025-11-05,12.11,48.0,4.45,1.68,15.2,49,50.0
PLT-02901,2025-03-27,18.31,49.2,6.9,1.73,13.9,55,50.0
PLT-01893,2025-02-06,22.08,54.7,5.68,0.99,12.8,48,80.5
PLT-03567,2025-10-30,28.34,51.6,3.95,1.52,15.5,45,50.0
PLT-01097,2025-10-21,20.91,43.4,5.08,1.11,12.4,52,50.0
PLT-02099,2025-03-23,17.44,53.0,6.71,1.4965305263157893,17.4,47,50.0
PLT-04920,2025-06-05,22.98,57.3,6.75,1.2,13.8,53,170.9
PLT-00153,2025-06-09,18.19,42.8,6.77,1.95,11.3,54,50.0
PLT-02584,2025-08-05,19.09,70.4,5.25,1.97,12.5,49,254.85
PLT-04796,2025-06-12,15.71,53.6,5.86,1.47,18.5,52,50.0
PLT-03950,2025-12-21,17.96,63.1,5.33,1.65,13.7,46,310.97
PLT-01520,2025-05-22,22.11,47.3,4.84,1.44,14.6,47,50.0
PLT-04210,2025-03-17,23.22,55.5,6.27,1.2,11.5,51,72.93
PLT-01673,2025-06-04,16.53,72.8,6.38,1.25,12.8,50,153.31
PLT-02923,2025-12-10,22.92,65.3,5.09,1.61,11.4,55,220.12
PLT-01434,2025-01-12,18.55,67.7,5.71,0.81,11.1,52,240.45
PLT-04872,2025-11-11,19.0,81.1,6.29,1.22,11.4,51,50.0
PLT-02032,2025-07-04,19.26,67.1,6.77,1.77,15.8,57,306.24
PLT-01624,2025-02-09,18.85,60.7,4.98,1.1,16.4,49,204.78
PLT-00032,2025-06-19,22.44,66.5,5.51,1.6,12.1,52,290.18
PLT-00938,2025-11-16,25.11,66.9,5.47,1.36,14.3,51,204.76
PLT-01527,2025-03-14,20.13,84.2,6.02,1.18,13.6,48,50.0
PLT-02651,2025-03-29,22.06,67.5,5.04,1.57,13.7,48,275.68
PLT-04565,2025-05-30,17.3,58.4,6.68,1.55,9.0,47,50.0
PLT-00310,2025-06-07,21.26,60.1,5.09,1.3,13.9,46,240.56
PLT-03001,2025-10-29,19.59,80.8,6.58,1.78,12.8,52,50.0
PLT-01500,2025-05-21,22.92,72.0,6.03,1.41,12.1,58,184.81
PLT-04158,2025-08-29,22.89,72.9,5.88,1.87,13.1,49,131.61
PLT-04450,2025-07-01,22.18,64.3,5.37,1.28,15.3,50,318.68
PLT-00496,2025-11-21,21.66,76.4,6.02,1.61,13.7,53,97.08
PLT-00206,2025-04-23,27.24,70.8,6.36,1.56,12.6,46,50.0
PLT-02727,2025-04-29,20.41,55.4,6.8,1.75,14.5,45,155.99
PLT-03426,2025-03-28,18.02,81.8,5.3,0.97,15.2,45,50.0
PLT-03905,2025-08-30,14.73,62.0,6.29,1.29,15.2,53,194.72
PLT-00306,2025-02-02,20.43,59.8,7.55,1.58,12.0,48,185.88
PLT-03867,2025-01-04,20.77,79.9,6.9,1.27,12.1,55,50.0
PLT-01062,2025-12-19,22.48,57.6,5.7,1.58,14.0,55,212.73
PLT-00844,2025-04-02,22.29,74.6,7.12,1.79,14.4,57,101.89
PLT-02768,2025-09-08,21.22,50.9,6.25,1.57,12.3,56,50.0
PLT-04674,2025-02-18,22.28,61.9,4.42,1.63,15.8,53,194.28
PLT-00212,2025-08-12,20.23,87.1,5.56,1.8,11.5,54,50.0
PLT-01109,2025-02-16,17.6,55.6,5.92,1.22,16.0,59,145.2
PLT-03789,2025-02-13,26.43,60.8,7.12,1.12,16.0,54,50.0
PLT-00680,2025-09-16,23.07,54.0,5.11,1.43,16.7,50,50.0
PLT-00566,2025-07-06,19.59,77.8,5.54,1.25,13.6,51,50.0
PLT-04663,2025-01-22,22.33,57.1,5.69,1.3,13.6,48,182.1
PLT-03652,2025-01-10,19.02,52.9,6.03,1.89,11.8,51,50.0
PLT-00681,2025-05-24,20.53,74.9,6.21,1.93,13.8,54,150.36
PLT-00181,2025-12-25,23.67,59.4,4.83,1.61,14.0,59,208.62
PLT-03949,2025-03-09,20.44,74.4,4.92,1.47,15.8,55,145.86
PLT-01770,2025-07-18,17.1,62.7,6.69,1.32,13.9,55,323.44
PLT-03144,2025-07-22,20.5,60.0,6.07,1.17,16.8,47,234.54
PLT-04318,2025-03-12,19.62,55.8,5.98,1.32,15.6,58,184.78
PLT-00279,2025-04-30,19.72,50.0,6.37,1.31,10.5,56,50.0
PLT-01150,2025-04-02,22.28,55.1,5.76,1.52,13.5,55,138.92
PLT-01322,2025-08-25,20.73,61.6,7.82,1.57,15.2,57,254.38
PLT-00433,2025-04-30,15.03,79.9,6.36,1.19,15.4,49,50.0
PLT-00290,2025-06-02,24.9,57.1,6.37,1.26,14.5,50,115.52
PLT-01028,2025-02-04,21.26,68.3,6.04,1.56,12.2,45,286.39
PLT-00536,2025-03-16,26.96,60.1,5.31,1.15,11.2,50,50.0
PLT-04630,2025-07-26,21.2,71.0,5.17,1.22,12.2,45,221.92
PLT-00189,2025-06-21,15.9,58.5,5.82,1.63,14.1,49,202.86
PLT-04044,2025-06-30,19.96,65.0,6.81,1.22,16.3,49,295.71
PLT-03993,2025-03-27,22.62,50.7,6.4,1.15,14.3,46,50.0
PLT-00271,2025-08-21,25.2,59.6,5.28,1.4965305263157893,12.9,48,129.47
PLT-03292,2025-06-23,17.69,66.9,6.63,1.86,12.4,53,293.02
PLT-04127,2025-06-17,13.67,67.5,5.09,1.4965305263157893,16.4,59,95.43
PLT-04095,2025-11-20,19.1,68.0,7.1,1.4965305263157893,15.4,56,283.74
PLT-03769,2025-10-01,21.19,76.8,4.78,1.45,11.0,57,50.0
PLT-00112,2025-07-20,31.78,59.5,6.8,1.49,16.3,56,50.0
PLT-01972,2025-10-14,20.88,75.5,6.03,1.32,16.2,47,82.22
PLT-00221,2025-09-04,21.67,77.8,5.88,1.72,15.7,47,50.0
PLT-01428,2025-11-01,18.39,55.8,6.03,1.6,12.4,58,103.73
PLT-00628,2025-03-11,18.79,75.1,6.33,1.68,12.9,57,156.27
PLT-02656,2025-12-19,19.82,58.4,7.32,1.2,15.4,59,204.29
PLT-03425,2025-02-04,19.81,69.9,7.33,1.77,12.7,46,253.72
PLT-03009,2025-06-11,20.89,65.5,4.15,1.69,14.2,46,247.9
PLT-00791,2025-10-21,16.19,63.6,6.08,1.75,14.0,49,272.83
PLT-04836,2025-10-18,21.18,67.4,8.19,1.63,13.6,53,180.87
PLT-00462,2025-09-04,22.32,51.5,5.36,1.65,13.8,59,50.0
PLT-04447,2025-10-22,16.88,68.1,6.82,1.29,15.0,45,228.9
PLT-00552,2025-02-06,15.97,68.9,7.01,1.4965305263157893,12.5,45,207.87
PLT-02403,2025-12-02,18.89,52.2,6.96,1.71,12.1,49,50.0
PLT-04182,2025-08-05,21.61,65.5,5.38,1.75,13.0,55,336.6
PLT-00199,2025-09-25,22.2,64.3,5.28,1.58,12.3,58,326.15
PLT-02641,2025-01-22,19.47,55.5,6.14,1.79,10.6,59,80.04
PLT-02835,2025-08-01,21.17,77.8,8.02,1.4965305263157893,12.3,46,50.0
PLT-00403,2025-02-27,16.41,70.6,5.33,1.75,16.5,54,176.85
PLT-03339,2025-08-23,17.71,71.6,6.54,1.36,16.7,53,177.32
PLT-02178,2025-12-11,16.91,57.2,5.9,1.3,13.3,56,171.74
PLT-04813,2025-09-21,15.28,65.2,5.52,1.68,16.9,51,174.48
PLT-02074,2025-05-22,22.85,61.2,5.92,1.5,14.3,57,274.65
PLT-01731,2025-10-15,19.47,67.1,5.87,1.7,14.9,59,372.74
PLT-04508,2025-07-15,18.07,52.0,6.03,1.26,14.1,45,50.0
PLT-00651,2025-07-09,26.82,62.1,4.99,1.38,13.0,46,73.44
PLT-00709,2025-02-04,21.49,63.9,5.82,1.51,14.9,48,330.58
PLT-04590,2025-05-17,14.27,55.5,6.69,1.65,12.4,58,50.0
PLT-04459,2025-12-29,17.44,71.5,5.7,1.02,13.3,58,229.67
PLT-03323,2025-04-28,27.01,70.2,6.05,1.86,12.1,56,50.0
PLT-01898,2025-05-11,18.27,51.2,6.46,1.35,13.6,47,50.0
PLT-01833,2025-06-15,23.44,75.2,5.5,1.59,13.9,52,105.0
PLT-00315,2025-09-21,19.61,69.4,6.08,1.32,14.7,57,341.22
PLT-01243,2025-10-15,17.66,60.6,5.73,1.55,14.3,51,303.04
PLT-04520,2025-06-02,21.02,69.0,4.75,1.79,15.7,57,256.14
PLT-00114,2025-09-25,25.17,63.8,5.85,1.8,12.2,50,182.24
PLT-00961,2025-02-09,17.01,85.5,5.62,1.92,11.9,51,50.0
PLT-03908,2025-01-05,17.89,82.6,6.19,1.79,11.5,54,50.0
PLT-02743,2025-06-08,23.36,59.4,5.92,2.2,16.7,49,161.34
PLT-01685,2025-03-15,20.32,58.2,4.53,1.86,15.5,51,157.94
PLT-04102,2025-06-13,17.56,72.6,7.52,1.66,12.3,53,120.75
PLT-01633,2025-12-02,20.79,82.3,4.61,1.28,12.0,50,50.0
PLT-03260,2025-02-10,18.93,75.8,5.79,1.39,19.2,53,50.0
PLT-04708,2025-05-04,17.68,66.2,5.13,1.4965305263157893,10.5,56,200.79
PLT-03483,2025-03-05,20.22,67.8,6.26,1.99,15.1,53,335.23
PLT-04574,2025-06-11,19.31,65.5,5.42,1.87,9.8,49,178.08
PLT-01880,2025-08-26,18.59,67.3,5.3,1.28,11.5,52,291.27
PLT-04122,2025-02-23,20.86,90.8,7.31,1.47,14.0,53,50.0
PLT-02006,2025-05-10,19.49,59.0,6.02,1.52,14.2,48,258.58
PLT-00327,2025-02-04,16.51,55.4,7.02,1.54,15.5,50,67.94
PLT-00605,2025-08-18,22.58,59.1,6.74,1.26,15.3,50,244.83
PLT-04234,2025-06-17,17.44,57.7,6.39,0.87,10.8,48,74.91
PLT-03078,2025-01-04,23.68,51.6,7.19,1.53,11.7,45,50.0
PLT-02631,2025-05-15,17.87,65.0,5.36,1.23,12.0,51,278.67
PLT-04367,2025-12-22,22.06,42.9,5.43,0.89,13.3,49,50.0
PLT-04692,2025-02-09,25.19,78.8,8.07,1.27,11.3,55,50.0
PLT-03249,2025-09-02,21.51,48.3,5.46,1.78,15.4,51,50.0
PLT-04973,2025-03-05,17.13,69.2,6.14,0.95,12.7,54,268.07
PLT-03393,2025-03-05,19.53,67.6,4.83,1.87,17.4,59,212.64
PLT-01472,2025-09-30,23.11,60.2,5.74,1.4965305263157893,13.2,46,246.2
PLT-01774,2025-11-12,21.08,72.3,7.05,1.7,14.7,46,192.75
PLT-02785,2025-12-25,20.82,60.2,4.56,1.08,14.2,46,228.14
PLT-00790,2025-08-14,20.58,77.1,5.24,1.59,12.5,49,50.0
PLT-02355,2025-09-06,17.92,75.2,6.03,1.36,16.1,57,92.18
PLT-02926,2025-05-18,25.7,59.5,4.91,1.4,12.8,47,71.02
PLT-01546,2025-09-17,18.79,71.1,5.43,1.36,13.8,53,276.31
PLT-00872,2025-12-03,21.09,53.3,5.75,1.41,13.6,53,69.25
PLT-04393,2025-12-07,23.56,45.1,5.8,1.09,15.5,59,50.0
PLT-01372,2025-11-03,19.35,60.4,5.72,2.12,13.8,45,307.26
PLT-03079,2025-10-30,19.0,64.9,5.64,1.25,16.2,56,317.46
PLT-00074,2025-09-27,19.31,56.1,6.03,1.66,14.1,52,206.5
PLT-01816,2025-11-06,23.93,61.8,6.36,1.66,11.5,59,211.85
PLT-04404,2025-06-19,26.36,60.7,5.44,0.94,13.7,58,114.35
PLT-02265,2025-10-15,23.37,69.6,6.83,1.75,15.0,46,232.32
PLT-03995,2025-05-17,22.47,61.5,6.04,1.4965305263157893,16.1,45,240.09
PLT-02012,2025-04-29,16.21,77.5,6.14,1.73,14.0,48,50.0
PLT-04621,2025-11-05,17.68,42.3,5.76,1.4965305263157893,13.4,52,50.0
PLT-03883,2025-07-18,16.24,73.4,5.98,1.68,11.4,54,95.89
PLT-02288,2025-07-19,19.34,53.8,6.42,1.7,13.3,45,73.59
PLT-02944,2025-04-02,19.31,50.2,4.08,1.81,13.7,50,50.0
PLT-03826,2025-06-19,20.61,57.5,4.87,2.06,13.7,53,187.58
PLT-00495,2025-09-14,20.24,56.4,5.34,1.4965305263157893,17.4,50,81.18
PLT-03195,2025-08-20,20.72,75.9,4.63,1.77,11.0,49,50.0
PLT-02233,2025-08-14,13.69,54.3,5.45,1.1,12.6,57,50.0
PLT-04911,2025-02-12,21.86,58.2,6.57,1.51,16.0,57,217.79
PLT-01165,2025-01-01,19.16,68.3,8.19,1.3,15.6,46,162.99
PLT-03293,2025-12-09,16.16,59.5,6.54,1.52,11.2,47,136.7
PLT-02365,2025-12-08,22.24,47.7,7.21,1.51,14.5,46,50.0
PLT-03639,2025-09-26,23.91,62.7,4.79,1.74,14.9,50,224.44
PLT-02222,2025-03-01,16.18,57.3,5.32,1.3,13.7,45,145.79
PLT-04263,2025-04-23,20.04,71.6,6.38,1.3,10.9,51,154.06
PLT-00619,2025-12-31,20.59,71.3,5.96,1.4965305263157893,14.9,52,270.48
PLT-04344,2025-05-14,21.87,72.9,6.05,1.98,12.1,48,165.54
PLT-04471,2025-12-20,22.16,48.2,5.43,1.46,13.9,56,50.0
PLT-04822,2025-10-26,17.81,68.7,5.87,1.47,11.6,53,269.13
PLT-02115,2025-04-03,22.01,81.1,5.89,1.81,12.2,59,50.0
PLT-03479,2025-05-25,19.53,64.5,5.72,1.33,12.7,51,322.2
PLT-00870,2025-02-17,17.52,63.6,5.82,1.71,11.5,57,280.48
PLT-03810,2025-06-20,18.13,78.0,4.74,1.53,12.5,49,50.0
PLT-01043,2025-08-01,16.47,54.2,6.92,1.77,16.2,52,50.0
PLT-01406,2025-03-14,19.81,81.1,5.27,2.09,13.0,45,50.0
PLT-00357,2025-02-27,22.54,58.7,6.03,1.92,16.4,55,186.59
PLT-01163,2025-07-01,21.61,63.0,6.03,1.28,16.0,59,101.13
PLT-02821,2025-11-09,21.26,66.8,5.41,1.35,13.0,59,345.74
PLT-01936,2025-01-18,20.34,58.9,6.42,1.61,18.9,56,52.23
PLT-04005,2025-12-26,16.7,81.0,5.68,1.78,13.0,53,50.0
PLT-03889,2025-09-24,21.11,51.7,6.2,1.44,17.1,51,50.0
PLT-03596,2025-01-23,20.22,65.6,5.46,1.28,15.1,57,335.26
PLT-03617,2025-08-22,20.99,63.4,5.85,1.54,13.4,56,356.79
PLT-03803,2025-04-21,24.29,58.9,5.37,1.61,16.2,53,136.32
PLT-02908,2025-11-26,14.76,73.7,4.88,1.42,17.5,45,50.0
PLT-00333,2025-06-07,19.42,54.9,7.4,0.91,13.7,56,112.43
PLT-01341,2025-02-11,20.92,71.1,7.71,1.29,16.7,46,129.59
PLT-03063,2025-07-31,28.78,77.7,5.5,1.87,17.0,57,50.0
PLT-02930,2025-11-15,21.19,45.8,5.47,1.67,16.6,57,50.0
PLT-01259,2025-09-06,15.15,69.0,7.04,1.4965305263157893,13.4,47,156.13
PLT-03741,2025-02-10,23.36,56.8,5.28,1.1,14.3,51,113.74
PLT-04307,2025-01-17,18.57,70.9,4.41,1.42,12.9,54,198.46
PLT-01117,2025-10-19,18.33,63.8,5.96,1.42,12.9,47,314.34
PLT-01919,2025-04-06,22.0,70.9,6.03,1.35,16.1,45,202.23
PLT-03625,2025-10-17,18.69,61.9,6.21,1.88,12.5,49,299.12
PLT-03876,2025-10-15,20.9,60.5,6.84,1.48,12.5,53,287.84
PLT-02601,2025-01-11,22.53,61.6,6.71,1.31,15.2,52,280.94
PLT-03332,2025-04-03,16.91,69.9,7.22,0.94,13.3,56,186.18
PLT-01422,2025-04-12,18.12,48.0,5.78,1.39,14.8,53,50.0
PLT-00446,2025-05-02,19.88,72.4,6.5,1.72,9.9,48,64.19
PLT-02289,2025-02-19,21.83,74.9,6.87,1.53,14.9,52,99.17
PLT-00453,2025-02-17,23.02,74.1,4.27,1.04,12.1,59,50.0
PLT-03868,2025-03-31,18.97,62.0,6.93,1.24,12.7,53,315.11
PLT-04479,2025-08-02,21.16,76.1,6.07,1.14,11.9,57,50.0
PLT-03015,2025-05-08,21.53,65.4,5.4,1.3,13.6,47,339.21
PLT-00015,2025-06-01,18.92,66.4,4.19,1.49,15.3,58,243.15
PLT-02999,2025-05-17,21.37,57.6,5.68,1.37,11.6,48,182.43
PLT-00946,2025-07-17,13.05,62.7,6.3,1.01,14.3,45,117.43
PLT-00248,2025-11-04,18.03,80.0,5.54,0.98,13.3,47,50.0
PLT-04335,2025-01-20,17.48,57.4,6.36,1.51,10.0,55,61.23
PLT-00361,2025-10-07,21.3,75.8,5.52,2.28,14.9,46,63.02
PLT-04704,2025-09-13,21.38,78.5,6.76,1.59,11.8,47,50.0
PLT-01596,2025-11-28,17.67,66.6,6.68,2.33,17.1,51,222.01
PLT-04581,2025-09-04,23.11,72.5,6.63,1.3,15.4,51,158.7
PLT-02348,2025-05-31,22.53,54.6,6.03,2.03,14.3,51,74.22
PLT-04413,2025-08-13,21.35,58.4,6.93,1.92,9.8,46,50.0
PLT-03549,2025-12-15,18.67,70.1,4.7,1.73,16.0,54,210.54
PLT-02053,2025-03-27,18.59,75.2,6.21,1.47,14.3,55,145.24
PLT-03561,2025-06-01,20.1,66.1,5.35,1.34,14.3,59,356.46
PLT-01384,2025-10-22,19.26,55.0,6.42,1.17,14.9,49,156.21
PLT-04935,2025-05-28,19.1,84.4,6.03,1.28,17.5,58,50.0
PLT-04852,2025-12-05,18.75,78.9,6.25,1.73,15.2,59,50.0
PLT-00491,2025-08-11,17.25,53.8,6.11,1.46,11.4,49,50.0
PLT-00863,2025-05-01,20.78,43.0,6.02,1.47,13.6,46,50.0
PLT-01804,2025-08-05,22.76,70.8,5.62,1.27,14.2,54,223.83
PLT-03407,2025-09-17,23.25,63.4,6.39,1.45,14.5,52,307.71
PLT-01946,2025-10-25,20.06,68.9,6.33,1.64,16.2,57,312.67
PLT-04648,2025-07-18,15.73,80.4,7.32,1.81,14.2,51,50.0
PLT-03655,2025-05-28,21.52,68.7,5.84,2.03,13.4,52,324.25
PLT-00507,2025-06-12,24.26,64.1,7.37,1.66,17.6,59,87.07
PLT-04163,2025-02-01,14.48,70.8,5.11,1.73,13.8,55,128.5
PLT-00026,2025-01-22,18.35,45.8,6.18,1.61,13.8,53,50.0
PLT-02330,2025-04-28,15.79,65.9,5.57,1.11,10.5,58,139.0
PLT-01223,2025-10-12,11.89,63.0,5.93,1.67,16.3,53,50.0
PLT-01114,2025-04-05,22.13,68.0,4.97,1.45,13.2,58,290.87
PLT-03423,2025-05-04,18.8,69.5,6.03,1.37,13.4,58,274.86
PLT-03492,2025-09-03,20.25,72.8,5.67,1.52,11.1,54,170.82
PLT-04426,2025-04-04,23.46,54.1,5.94,1.68,13.9,46,77.08
PLT-04720,2025-07-28,20.3,55.2,6.73,1.67,16.6,59,88.52
PLT-00434,2025-11-15,18.43,44.5,6.98,1.35,14.5,50,50.0
PLT-02108,2025-08-01,16.34,74.2,6.03,0.84,17.3,55,50.0
PLT-03866,2025-08-06,20.6,74.9,6.03,1.51,16.6,47,101.77
PLT-02894,2025-06-01,24.04,66.8,5.23,1.41,13.5,59,258.2
PLT-02134,2025-01-12,18.87,59.6,7.49,1.26,9.4,52,50.0
PLT-04006,2025-11-18,22.06,71.8,5.36,1.66,16.0,58,216.28
PLT-03228,2025-04-03,21.34,63.7,6.61,1.45,14.5,59,365.55
PLT-02174,2025-01-02,23.18,54.7,5.6,0.72,11.4,48,50.0
PLT-03564,2025-10-13,23.82,78.4,6.28,1.52,14.1,58,50.0
PLT-04756,2025-12-02,19.07,57.7,5.69,1.75,17.8,52,107.26
PLT-01103,2025-07-03,13.41,68.4,6.68,1.69,14.0,46,96.53
PLT-02310,2025-11-29,25.11,55.2,6.16,1.76,14.1,52,50.0
PLT-01505,2025-10-29,24.53,65.2,6.03,1.75,14.9,56,256.86
PLT-03149,2025-02-10,20.31,53.3,5.68,0.61,16.6,49,50.0
PLT-03917,2025-08-12,23.57,71.0,7.27,1.33,16.1,54,126.76
PLT-00157,2025-03-27,22.99,45.3,6.07,1.75,15.1,58,50.0
PLT-03040,2025-06-05,23.59,68.7,4.89,1.43,16.9,59,151.8
PLT-04195,2025-11-09,24.68,68.6,5.63,1.4,13.6,56,217.83
PLT-00616,2025-06-14,18.79,64.6,6.94,1.77,11.4,59,286.9
PLT-00644,2025-05-06,24.15,55.9,5.15,1.3,14.2,50,75.91
PLT-04279,2025-02-19,17.87,59.0,5.59,1.24,11.8,51,232.16
PLT-01069,2025-11-05,23.89,48.3,7.19,1.14,14.9,52,50.0
PLT-03351,2025-10-11,17.59,66.8,5.13,1.5,14.7,55,305.21
PLT-02698,2025-01-14,21.35,62.5,5.79,1.26,13.9,51,344.63
PLT-04284,2025-06-16,19.38,61.6,6.17,0.86,12.6,48,317.47
PLT-01567,2025-06-26,13.89,68.2,6.96,1.46,13.7,48,111.19
PLT-00331,2025-06-21,21.17,56.1,8.14,1.75,14.1,52,50.0
PLT-01676,2025-01-17,21.99,63.0,5.49,1.9,12.0,57,294.28
PLT-02699,2025-05-01,20.25,51.6,4.88,1.37,13.4,51,50.0
PLT-03682,2025-06-03,22.43,63.6,5.36,1.69,11.6,56,265.44
PLT-00623,2025-11-23,22.05,85.5,4.8,1.9,15.0,51,50.0
PLT-01655,2025-11-10,18.98,73.3,5.77,1.34,14.0,49,196.73
PLT-02370,2025-08-27,18.41,50.9,6.59,1.27,13.7,48,50.0
PLT-03726,2025-01-11,24.27,75.6,6.11,1.31,19.6,58,50.0
PLT-02243,2025-03-19,16.9,67.5,6.08,2.06,14.6,48,264.86
PLT-01618,2025-11-14,23.22,61.1,4.96,1.46,17.0,54,179.23
PLT-02764,2025-05-26,21.41,74.0,5.99,1.52,14.1,51,190.46
PLT-00756,2025-01-01,19.52,71.5,5.71,1.02,17.3,50,144.98
PLT-00519,2025-01-12,20.65,57.8,5.56,1.1,16.7,48,132.91
PLT-04160,2025-02-28,22.88,69.6,6.11,1.48,14.4,52,290.6
PLT-00033,2025-07-07,21.45,59.2,6.08,1.36,14.3,55,282.0
PLT-03690,2025-11-02,12.86,63.4,6.93,1.45,14.6,50,50.0
PLT-01158,2025-09-14,23.69,83.4,5.28,1.37,16.1,58,50.0
PLT-00745,2025-05-13,14.5,75.1,7.43,0.99,13.1,58,50.0
PLT-02037,2025-10-21,19.53,68.0,4.81,1.22,9.2,47,69.2
PLT-02448,2025-09-09,21.52,53.0,5.76,1.11,14.0,52,50.0
PLT-01698,2025-08-07,20.86,60.6,5.13,1.42,13.3,55,267.92
PLT-02643,2025-10-12,22.89,64.6,6.34,1.75,15.8,59,290.84
PLT-00784,2025-12-07,23.22,70.3,5.31,1.15,13.6,56,217.87
PLT-01836,2025-06-23,19.68,58.5,6.49,1.2,16.8,47,187.77
PLT-02555,2025-08-20,18.96,59.7,5.71,2.07,15.0,55,285.15
PLT-00230,2025-04-08,15.81,64.4,7.54,1.34,17.3,57,77.5
PLT-00858,2025-10-28,19.45,57.3,5.68,1.4965305263157893,16.4,52,169.3
PLT-02888,2025-04-27,20.14,64.4,6.19,1.5,16.9,49,253.84
PLT-02407,2025-05-21,18.09,56.6,5.15,1.38,11.9,50,165.83
PLT-00409,2025-09-28,26.84,64.3,5.59,1.51,15.5,48,96.6
PLT-00171,2025-05-08,17.15,78.5,6.82,1.39,13.1,45,50.0
PLT-00541,2025-12-23,23.31,65.7,6.45,1.47,11.7,48,265.14
PLT-03382,2025-02-25,18.16,66.9,3.77,1.14,13.5,47,173.83
PLT-02349,2025-04-24,21.18,56.4,5.47,1.37,12.9,47,174.26
PLT-04564,2025-04-04,16.14,64.5,6.56,1.42,16.1,59,267.12
PLT-00614,2025-01-05,24.47,66.7,5.42,1.65,15.0,46,225.39
PLT-04271,2025-01-05,20.43,63.3,6.5,1.71,11.0,53,268.32
PLT-02858,2025-09-07,18.32,59.0,6.38,1.63,16.5,51,223.0
PLT-04670,2025-12-01,23.06,59.7,5.35,1.1,19.1,50,50.0
PLT-01162,2025-04-20,22.74,63.5,6.28,1.71,10.7,50,214.3
PLT-02102,2025-12-31,18.58,54.1,7.02,1.2,14.0,57,71.97
PLT-02410,2025-03-20,18.23,64.8,6.64,0.94,15.4,56,314.3
PLT-02487,2025-08-30,23.87,61.3,5.85,1.41,13.6,55,244.87
PLT-01670,2025-08-12,20.89,67.3,6.64,1.03,11.9,58,279.28
PLT-04843,2025-09-13,23.31,63.8,7.19,1.41,13.7,49,296.48
PLT-03318,2025-11-03,20.69,55.1,6.57,1.4965305263157893,13.8,46,144.3
PLT-00565,2025-12-08,22.04,70.8,4.43,1.63,12.8,59,209.98
PLT-03802,2025-06-12,20.31,75.8,3.97,1.95,13.7,50,50.0
PLT-04292,2025-08-03,23.76,69.5,6.57,1.57,13.3,51,238.46
PLT-01861,2025-03-25,21.91,62.8,6.08,1.97,10.6,54,175.53
PLT-03782,2025-01-13,22.12,65.0,6.03,1.44,14.0,48,347.52
PLT-04819,2025-01-27,21.46,61.3,5.0,0.91,12.2,50,237.34
PLT-04979,2025-12-30,16.92,59.1,6.58,1.27,15.7,54,224.16
PLT-03546,2025-07-27,20.33,60.4,7.2,1.22,11.1,57,213.14
PLT-01589,2025-04-15,16.72,59.1,7.29,1.69,15.1,59,203.17
PLT-02438,2025-09-10,20.04,63.0,7.03,1.43,15.8,51,270.61
PLT-02532,2025-09-04,19.22,74.2,4.47,1.4965305263157893,11.6,49,71.51
PLT-02599,2025-10-15,17.27,55.8,4.56,0.8,15.3,58,57.88
PLT-01173,2025-04-27,19.72,53.4,4.86,1.58,15.3,54,50.0
PLT-04150,2025-02-16,19.97,74.1,7.15,1.71,16.4,52,107.32
PLT-00326,2025-01-04,14.39,69.1,5.21,1.17,16.2,49,111.93
PLT-01052,2025-02-11,18.81,64.8,7.31,1.48,15.6,59,305.21
PLT-03861,2025-04-08,17.07,70.1,7.29,1.9,15.0,53,222.35
PLT-03361,2025-12-20,21.77,76.9,7.07,1.75,13.8,57,50.0
PLT-02945,2025-09-27,20.41,42.1,5.38,2.11,13.9,52,50.0
PLT-04327,2025-03-15,17.06,69.9,5.6,1.85,14.1,52,230.56
PLT-04226,2025-10-16,24.33,60.9,6.82,1.14,14.7,53,207.23
PLT-01197,2025-10-12,24.09,61.9,7.05,1.4965305263157893,15.3,51,252.99
PLT-00621,2025-12-08,21.31,78.5,5.29,1.7,12.0,48,50.0
PLT-02379,2025-05-14,19.72,67.8,3.09,1.72,16.7,47,50.0
PLT-01190,2025-06-01,20.26,78.3,5.49,1.35,15.1,49,50.0
PLT-00329,2025-02-18,19.1,47.4,6.7,1.61,14.3,53,50.0
PLT-00649,2025-01-01,21.57,58.6,6.28,2.03,15.1,59,261.7
PLT-00898,2025-08-26,18.82,66.0,6.29,1.71,13.6,46,342.94
PLT-03072,2025-01-01,14.61,57.3,6.26,1.31,13.6,58,102.89
PLT-01124,2025-09-11,15.78,49.6,5.66,1.02,10.7,51,50.0
PLT-01962,2025-05-25,19.14,71.5,6.03,1.28,13.0,59,290.56
PLT-04691,2025-11-16,19.71,68.5,6.6,1.34,10.5,52,207.66
PLT-03979,2025-05-21,20.89,47.6,5.8,1.07,16.0,56,50.0
PLT-02005,2025-11-30,13.73,49.4,5.72,0.79,14.5,48,50.0
PLT-03254,2025-11-06,14.92,69.3,6.04,1.45,12.4,51,143.8
PLT-02498,2025-07-02,21.98,64.4,5.23,1.34,12.7,55,345.3
PLT-03379,2025-06-05,16.25,45.6,4.75,2.04,14.5,45,50.0
PLT-02305,2025-04-26,20.25,72.7,5.56,1.44,12.2,48,207.18
PLT-01601,2025-09-18,18.18,57.8,6.03,1.8,15.5,54,188.65
PLT-03800,2025-12-22,15.37,69.6,6.71,2.22,11.5,50,108.28
PLT-01024,2025-08-24,14.09,64.7,5.26,1.83,15.9,53,138.4
PLT-02046,2025-12-07,16.85,58.5,5.33,1.33,14.0,54,201.3
PLT-04644,2025-12-02,16.49,65.9,7.21,1.61,13.4,56,247.35
PLT-02953,2025-02-13,21.74,80.1,6.35,1.76,12.2,53,50.0
PLT-04988,2025-09-28,19.39,71.5,6.03,1.58,14.3,56,268.33
PLT-00810,2025-07-03,15.56,66.4,6.99,1.64,16.2,49,178.05
PLT-03236,2025-11-08,22.89,78.1,6.8,1.82,15.0,55,50.0
PLT-00979,2025-06-22,17.56,53.1,5.71,1.15,12.9,46,50.0
PLT-03003,2025-05-09,19.68,75.6,4.85,1.43,17.4,51,50.0
PLT-02744,2025-07-07,20.04,55.5,5.58,2.02,11.0,51,89.51
PLT-01747,2025-09-14,20.5,73.1,5.75,1.37,14.3,48,229.38
PLT-04254,2025-01-07,17.2,41.6,5.53,1.54,16.8,49,50.0
PLT-01452,2025-02-16,16.46,51.9,6.58,1.91,15.2,54,50.0
PLT-03472,2025-09-07,13.38,71.2,5.8,1.42,15.2,45,50.0
PLT-04981,2025-10-17,24.4,66.8,6.73,1.0,15.2,47,200.45
PLT-02823,2025-11-22,16.19,69.6,6.2,1.4965305263157893,16.3,55,202.72
PLT-03667,2025-09-21,19.18,59.2,6.61,1.11,13.2,46,235.36
PLT-00175,2025-08-13,23.41,65.9,6.82,1.74,13.2,58,300.76
PLT-01653,2025-08-23,23.52,66.1,6.2,2.24,13.3,50,261.25
PLT-03081,2025-05-23,18.3,64.5,5.83,1.28,14.3,59,377.75
PLT-01533,2025-03-02,16.62,62.2,6.66,1.34,13.1,51,259.88
PLT-04507,2025-05-09,11.14,60.4,7.38,1.59,14.4,58,50.0
PLT-00218,2025-08-06,17.42,60.0,6.42,1.27,14.7,50,280.52
PLT-04823,2025-10-14,17.31,67.9,6.05,1.61,12.9,45,297.89
PLT-03794,2025-01-13,16.98,69.7,7.96,1.62,13.5,58,156.96
PLT-01445,2025-01-25,20.83,47.3,5.7,1.72,14.2,45,50.0
PLT-00691,2025-06-13,17.85,69.8,4.8,1.74,12.9,52,220.79
PLT-02629,2025-12-26,17.71,54.3,5.65,1.16,11.9,49,61.35
PLT-02277,2025-07-15,19.08,66.4,7.27,1.4965305263157893,14.6,58,316.26
PLT-02458,2025-08-09,17.47,58.5,6.79,1.39,14.7,51,249.26
PLT-01107,2025-09-18,22.08,62.0,6.56,1.49,14.6,45,325.67
PLT-02158,2025-10-04,19.38,83.0,6.09,1.65,15.1,52,50.0
PLT-02112,2025-07-18,19.97,57.2,6.47,1.17,15.0,52,206.31
PLT-01584,2025-11-25,20.1,78.4,5.73,1.56,15.2,51,50.0
PLT-00612,2025-05-02,15.84,74.0,5.82,1.76,14.0,55,126.26
PLT-03308,2025-04-23,20.28,68.3,6.63,1.28,13.5,58,364.27
PLT-03785,2025-04-28,20.66,70.7,6.51,1.22,15.2,54,271.43
PLT-00577,2025-12-05,16.54,71.6,5.86,1.87,14.7,59,245.75
PLT-02105,2025-12-10,20.68,67.6,7.04,1.43,18.8,47,91.66
PLT-04481,2025-05-15,19.56,49.9,7.22,1.18,17.0,46,50.0
PLT-01181,2025-10-21,18.18,71.7,6.14,1.72,13.0,47,233.0
PLT-00889,2025-08-04,16.57,64.3,7.98,1.87,14.9,50,189.53
PLT-03193,2025-11-04,24.96,72.5,6.63,1.18,16.3,49,50.0
PLT-02433,2025-09-23,20.87,74.0,5.29,1.78,15.3,52,169.94
PLT-03075,2025-05-08,19.1,74.9,7.52,1.45,15.3,48,56.96
PLT-00818,2025-07-24,17.84,57.4,6.04,1.38,12.1,50,203.49
PLT-04678,2025-11-29,19.9,86.8,5.54,1.3,14.3,48,50.0
PLT-03319,2025-11-27,16.6,55.3,7.01,1.37,16.1,55,50.0
PLT-00209,2025-08-08,20.22,81.4,7.04,1.37,13.0,58,50.0
PLT-00294,2025-11-06,21.66,76.4,7.48,1.74,13.8,56,50.0
PLT-01120,2025-10-10,17.17,66.6,5.36,1.31,13.1,47,296.1
PLT-04730,2025-08-08,18.61,73.4,6.42,1.53,18.1,59,70.37
PLT-04395,2025-09-28,18.76,49.8,6.97,1.48,14.0,50,50.0
PLT-01265,2025-04-02,19.69,63.1,5.37,2.02,12.4,50,286.57
PLT-00991,2025-02-16,14.69,79.3,5.87,1.4965305263157893,12.5,52,50.0
PLT-02318,2025-02-24,21.51,67.0,4.86,1.26,13.5,59,301.98
PLT-04241,2025-11-16,23.41,74.7,5.6,1.09,13.1,58,115.15
PLT-03432,2025-03-18,15.08,76.1,7.02,1.77,17.9,45,50.0
PLT-00354,2025-10-08,16.94,71.0,5.32,1.52,9.5,47,50.0
PLT-01922,2025-04-27,19.61,56.9,7.32,1.32,13.2,51,159.86
PLT-01539,2025-01-11,23.66,66.0,7.41,2.12,15.3,58,219.26
PLT-03459,2025-10-07,24.0,61.5,5.89,1.59,11.5,48,198.83
PLT-01490,2025-06-10,16.76,75.3,4.33,1.93,11.6,51,50.0
PLT-03834,2025-06-02,27.1,74.0,7.67,1.81,16.4,45,50.0
PLT-03723,2025-04-11,23.81,76.0,6.39,1.57,15.9,54,50.0
PLT-01229,2025-09-14,17.05,39.8,5.01,1.4,14.5,53,50.0
PLT-00260,2025-05-24,20.67,74.5,5.22,1.89,11.9,53,112.45
PLT-03538,2025-05-27,19.98,71.9,5.0,1.55,17.6,45,72.22
PLT-04731,2025-08-03,16.47,63.4,5.18,1.66,14.4,58,280.56
PLT-04789,2025-01-28,18.08,68.2,5.85,1.44,15.2,46,274.28
PLT-01834,2025-12-25,11.49,53.3,7.23,1.18,13.4,59,50.0
PLT-02592,2025-12-13,22.22,70.8,6.29,1.52,14.5,50,265.47
PLT-00053,2025-09-22,25.71,72.0,5.19,1.63,15.4,50,50.0
PLT-02618,2025-02-01,18.81,64.2,6.6,1.56,12.9,45,304.54
PLT-04509,2025-05-20,18.12,76.3,6.36,1.06,16.2,53,50.0
PLT-02237,2025-05-30,19.83,80.4,6.55,2.16,13.9,59,50.0
PLT-03430,2025-07-20,16.09,70.8,7.52,1.4965305263157893,11.5,48,112.22
PLT-03117,2025-04-12,19.79,55.7,6.45,1.52,13.0,52,167.19
PLT-02389,2025-07-25,18.76,71.4,5.09,1.46,13.6,53,248.01
PLT-01480,2025-05-11,19.12,57.3,6.73,1.32,11.0,47,130.47
PLT-01508,2025-09-02,18.71,68.4,5.52,1.54,15.2,45,320.62
PLT-01034,2025-12-15,19.63,65.8,5.37,1.64,17.3,53,234.4
PLT-01098,2025-06-08,20.53,61.3,5.3,1.18,17.8,48,163.67
PLT-01470,2025-08-11,16.73,51.9,6.68,1.42,14.5,51,50.0
PLT-00544,2025-06-26,18.23,62.6,7.02,1.68,11.3,50,227.91
PLT-01047,2025-03-19,19.39,61.2,6.4,1.25,14.4,56,347.72
PLT-04040,2025-10-01,21.67,77.4,5.56,1.51,15.4,51,50.0
PLT-01631,2025-08-04,20.6,52.8,5.64,1.24,13.6,53,50.0
PLT-00031,2025-02-28,25.5,66.2,6.44,1.65,12.1,51,167.72
PLT-00726,2025-08-12,18.4,70.9,7.33,1.38,15.1,57,230.43
PLT-02139,2025-08-16,21.76,47.8,5.97,0.96,15.5,54,50.0
PLT-03981,2025-01-08,13.63,64.3,5.94,1.26,14.4,59,151.43
PLT-01427,2025-02-13,19.23,50.5,5.88,1.55,12.3,47,50.0
PLT-03750,2025-07-29,23.77,49.3,7.66,1.0,13.1,49,50.0
PLT-00437,2025-02-27,16.85,48.5,6.85,1.69,16.1,48,50.0
PLT-02518,2025-04-30,19.06,55.2,6.87,1.73,17.5,48,50.0
PLT-00913,2025-05-06,18.28,88.5,6.57,1.39,11.5,55,50.0
PLT-04266,2025-02-22,16.54,60.4,6.33,1.11,12.3,57,216.78
PLT-04328,2025-06-15,20.49,72.6,4.59,1.61,13.5,48,203.31
PLT-04558,2025-09-04,21.24,61.7,7.36,1.42,15.4,58,268.85
PLT-04861,2025-06-02,22.84,68.1,6.18,1.77,12.3,50,271.93
PLT-02332,2025-12-26,21.56,66.2,5.5,1.44,12.4,59,319.5
PLT-04747,2025-11-09,23.78,65.0,6.03,1.03,15.7,59,248.82
PLT-01239,2025-09-21,14.44,54.6,5.29,1.44,16.7,59,50.0
PLT-00904,2025-01-15,20.79,78.8,6.87,1.48,15.5,58,50.0
PLT-01838,2025-05-23,25.18,59.9,7.79,2.1,14.6,50,50.0
PLT-03209,2025-12-08,17.01,59.1,6.37,1.61,14.3,53,264.42
PLT-04255,2025-07-25,13.14,82.3,5.04,1.67,13.5,51,50.0
PLT-00508,2025-02-02,12.54,87.1,6.03,1.5,15.8,50,50.0
PLT-04351,2025-11-22,18.83,61.2,6.01,1.69,12.3,52,313.01
PLT-00184,2025-11-14,18.29,61.2,5.32,1.44,11.3,54,228.92
PLT-04152,2025-02-08,21.44,67.6,5.12,1.4965305263157893,13.2,55,301.71
PLT-01498,2025-09-04,15.46,66.1,7.14,1.82,10.9,45,120.94
PLT-03306,2025-08-27,19.88,81.0,4.55,0.81,17.2,45,50.0
PLT-00322,2025-10-11,21.08,45.2,4.3,1.88,12.2,58,50.0
PLT-01841,2025-12-26,21.07,52.7,4.51,1.58,16.5,57,50.0
PLT-02716,2025-10-20,24.8,66.4,5.88,1.16,14.0,56,256.84
PLT-04664,2025-01-06,18.55,53.1,5.89,1.55,19.4,51,50.0
PLT-03709,2025-07-17,22.87,67.3,5.2,1.52,19.3,55,50.0
PLT-01845,2025-09-19,23.29,56.4,5.41,1.24,15.2,47,128.97
PLT-01910,2025-01-24,21.58,62.7,6.77,1.53,15.0,50,304.96
PLT-04557,2025-02-14,18.2,61.2,5.55,1.52,14.3,57,326.32
PLT-01552,2025-11-06,18.06,63.1,6.87,1.2,15.9,48,266.74
PLT-01147,2025-11-24,22.01,61.3,6.15,1.29,14.6,48,322.45
PLT-02111,2025-03-17,16.81,63.6,5.4,1.86,16.1,52,226.66
PLT-00045,2025-01-21,22.85,66.9,6.37,1.77,14.9,50,303.04
PLT-03939,2025-08-28,21.0,61.4,6.03,1.57,13.1,56,345.52
PLT-02493,2025-06-13,15.59,66.2,4.95,1.81,12.0,49,166.74
PLT-01892,2025-05-30,17.11,79.8,7.51,1.82,17.6,51,50.0
PLT-01379,2025-10-23,19.19,71.7,6.09,1.58,15.0,51,232.09
PLT-04994,2025-10-23,16.94,77.7,5.86,1.58,13.0,47,50.0
PLT-00414,2025-03-01,14.35,85.8,6.49,1.43,12.8,52,50.0
PLT-04812,2025-09-15,18.02,57.0,4.73,1.76,10.8,45,50.0
PLT-01408,2025-10-23,20.79,46.9,6.15,2.04,17.2,45,50.0
PLT-01721,2025-01-26,19.36,83.5,6.43,1.16,19.2,54,50.0
PLT-00802,2025-01-30,16.12,70.6,6.03,1.16,15.4,59,214.08
PLT-01289,2025-03-23,15.39,49.0,5.24,1.4965305263157893,11.0,51,50.0
PLT-01559,2025-08-29,25.85,79.0,6.39,1.48,13.1,50,50.0
PLT-02225,2025-12-11,17.8,56.5,4.99,1.43,12.8,55,175.66
PLT-02488,2025-08-01,27.76,61.1,6.03,1.41,15.6,52,50.0
PLT-01667,2025-03-18,18.52,63.3,5.87,1.66,16.4,50,287.81
PLT-04319,2025-09-23,20.31,63.5,4.5,1.4965305263157893,13.1,49,293.12
PLT-00257,2025-04-09,21.83,63.0,5.28,1.72,13.4,47,319.13
PLT-01860,2025-01-07,24.17,65.6,5.58,1.6,12.8,51,240.41
PLT-01752,2025-11-16,18.09,60.3,4.79,1.38,12.7,47,226.56
PLT-01152,2025-02-20,21.16,64.5,5.68,1.55,12.4,56,339.86
PLT-02940,2025-08-01,18.19,65.7,5.64,1.31,12.1,46,306.86
PLT-00648,2025-12-27,24.04,64.2,6.83,1.78,15.9,47,168.52
PLT-04598,2025-05-21,21.19,88.7,4.26,1.51,16.6,48,50.0
PLT-03665,2025-07-24,13.24,74.6,6.03,1.59,13.9,58,50.0
PLT-01766,2025-03-20,19.31,44.5,5.61,1.4965305263157893,14.4,46,50.0
PLT-03527,2025-12-31,19.44,63.7,6.15,1.07,13.1,45,342.56
PLT-02510,2025-08-09,17.25,63.3,6.03,1.6,17.5,55,195.13
PLT-03842,2025-01-16,13.85,46.8,4.85,1.42,15.2,56,50.0
PLT-01316,2025-07-28,20.22,60.0,6.18,1.53,10.5,51,154.43
PLT-01089,2025-03-27,16.71,47.3,7.17,1.44,14.6,59,50.0
PLT-04790,2025-09-14,24.45,48.4,5.11,1.59,14.5,46,50.0
PLT-02513,2025-02-11,20.24,41.4,5.5,1.83,15.0,50,50.0
PLT-02993,2025-04-17,21.36,49.3,7.37,1.54,12.8,49,50.0
PLT-01351,2025-12-28,19.67,49.8,6.13,1.4965305263157893,17.0,46,50.0
PLT-02548,2025-02-12,19.24,59.7,5.35,1.4965305263157893,15.3,46,240.3
PLT-00113,2025-11-24,13.75,78.3,5.97,1.74,15.6,52,50.0
PLT-03198,2025-02-07,24.87,68.0,5.67,1.86,16.4,50,149.54
PLT-00264,2025-01-02,18.99,57.9,6.35,1.22,11.8,59,230.99
PLT-01394,2025-11-08,20.92,59.7,4.5,1.86,20.1,54,50.0
PLT-01187,2025-09-08,18.81,61.1,5.8,1.96,15.2,50,293.32
PLT-04120,2025-09-06,18.6,55.2,5.98,1.33,14.4,52,164.28
PLT-00057,2025-04-02,20.89,64.4,5.33,1.56,10.4,45,198.28
PLT-01310,2025-06-07,20.66,77.8,5.68,0.8,11.0,56,50.0
PLT-00696,2025-06-27,24.16,51.5,6.16,1.73,16.7,55,50.0
PLT-04247,2025-05-28,15.91,69.3,6.07,0.98,14.5,52,274.66
PLT-03961,2025-10-01,17.0,73.7,4.9,1.2,14.7,56,148.27
PLT-01790,2025-03-13,18.25,37.5,5.05,1.64,14.1,57,50.0
PLT-02347,2025-10-19,21.31,68.2,5.63,1.8,17.9,47,163.52
PLT-04320,2025-04-08,19.11,76.1,6.03,1.27,16.2,49,50.0
PLT-00320,2025-10-13,23.21,46.3,4.86,1.32,17.1,57,50.0
PLT-02331,2025-01-05,19.6,62.2,5.25,1.59,16.1,55,289.5
PLT-01590,2025-11-19,20.41,68.3,7.59,1.4965305263157893,14.0,52,265.62
PLT-00683,2025-11-26,18.76,71.0,6.46,1.52,13.8,51,281.79
PLT-03738,2025-10-31,19.78,35.9,7.87,1.38,14.4,56,50.0
PLT-03280,2025-11-28,27.16,75.1,4.38,1.28,15.3,53,50.0
PLT-00480,2025-09-11,23.52,64.1,6.13,1.47,14.7,50,291.47
PLT-03977,2025-09-04,22.46,65.7,5.5,1.56,13.1,52,294.85
PLT-04194,2025-05-06,23.01,50.9,5.94,1.38,18.1,57,50.0
PLT-00287,2025-08-15,16.19,74.5,6.23,1.86,15.1,53,107.15
PLT-01966,2025-06-12,20.29,76.5,6.03,1.64,12.3,49,50.0
PLT-03115,2025-09-27,20.11,58.2,5.34,1.87,11.8,45,182.39
PLT-02460,2025-05-04,21.96,70.2,6.5,1.26,15.9,57,239.49
PLT-01783,2025-08-16,22.56,55.1,5.42,1.31,16.0,46,64.46
PLT-03297,2025-06-24,24.65,73.9,5.83,2.0,12.0,54,50.0
PLT-03839,2025-11-09,21.1,63.3,7.06,1.78,14.1,55,280.26
PLT-01599,2025-02-09,18.0,52.4,7.33,1.47,12.6,45,50.0
PLT-04916,2025-01-20,22.55,59.8,4.77,1.54,14.0,50,268.17
PLT-02125,2025-01-03,20.8,75.6,7.03,1.6,15.6,53,93.93
PLT-00737,2025-06-26,21.51,62.7,5.65,1.36,15.7,47,297.79
PLT-03210,2025-07-13,21.56,60.8,5.71,1.71,13.4,51,295.17
PLT-00337,2025-08-21,18.55,76.4,6.25,1.71,11.2,48,50.0
PLT-02705,2025-11-08,17.87,55.1,6.21,1.53,17.9,52,50.0
PLT-02827,2025-11-12,21.98,63.0,5.43,1.48,12.1,49,276.6
PLT-04921,2025-07-03,17.71,70.1,6.98,1.9,13.1,59,262.59
PLT-04449,2025-12-19,20.74,56.4,5.11,1.39,16.0,53,140.45
PLT-01072,2025-02-08,19.55,58.4,6.21,2.11,17.5,50,121.79
PLT-04537,2025-05-17,21.91,71.2,5.77,0.97,11.2,56,177.94
PLT-04851,2025-05-18,25.56,65.2,5.84,1.72,13.9,49,200.0
PLT-02866,2025-06-09,22.82,49.7,6.19,1.48,14.5,56,50.0
PLT-02367,2025-04-11,26.83,65.3,6.47,1.37,15.4,57,98.2
PLT-04156,2025-11-06,16.1,81.6,5.74,1.4965305263157893,15.3,52,50.0
PLT-04003,2025-06-19,22.93,58.4,5.42,1.32,13.2,50,204.03
PLT-03435,2025-04-19,19.2,71.4,5.36,1.21,14.7,59,290.22
PLT-01489,2025-07-29,15.92,55.0,4.89,1.76,18.9,59,50.0
PLT-00499,2025-10-07,13.54,73.1,6.1,1.4965305263157893,16.4,48,50.0
PLT-04389,2025-10-10,19.49,44.6,5.06,1.54,15.5,45,50.0
PLT-03241,2025-10-29,19.05,66.2,5.35,1.17,16.6,55,278.31
PLT-02928,2025-07-11,16.89,86.2,6.43,1.32,12.3,50,50.0
PLT-02385,2025-06-12,17.7,54.7,6.57,1.52,14.1,58,121.97
PLT-02981,2025-12-02,20.32,80.6,7.21,1.71,15.5,54,50.0
PLT-04957,2025-10-20,22.13,49.5,7.62,1.38,10.6,55,50.0
PLT-02381,2025-12-02,22.38,40.2,6.44,1.4,12.9,55,50.0
PLT-01611,2025-06-25,22.52,66.7,6.24,1.25,14.9,54,326.84
PLT-03090,2025-12-21,17.27,71.1,6.16,1.57,12.9,56,237.46
PLT-03830,2025-08-21,26.59,55.8,6.13,1.67,16.2,45,50.0
PLT-04620,2025-04-13,19.45,71.8,5.79,0.98,13.4,45,219.74
PLT-01023,2025-11-14,20.1,56.3,5.36,1.99,12.9,47,195.49
PLT-04587,2025-06-01,20.63,67.9,5.65,1.67,12.7,52,310.83
PLT-04937,2025-01-29,19.48,51.4,5.1,1.4965305263157893,12.6,56,50.0
PLT-03127,2025-07-25,21.52,64.3,5.23,1.51,14.2,51,336.8
PLT-03231,2025-12-21,21.44,74.4,7.0,1.81,14.0,46,125.56
PLT-00666,2025-07-22,18.76,68.3,6.03,1.28,16.3,55,269.92
PLT-04010,2025-04-11,18.18,65.2,7.51,1.14,13.8,51,277.08
PLT-04946,2025-01-07,20.5,69.1,5.88,1.06,15.5,45,286.77
PLT-04213,2025-07-02,22.31,64.3,6.84,0.95,14.2,55,318.8
PLT-04310,2025-02-27,23.57,61.9,5.49,1.97,16.1,57,223.03
PLT-02292,2025-02-27,20.3,61.9,5.39,1.75,14.9,47,301.34
PLT-01018,2025-02-07,15.2,53.5,4.61,1.89,10.9,52,50.0
PLT-00558,2025-12-21,19.27,64.8,5.42,1.44,13.8,55,373.28
PLT-04295,2025-09-05,21.68,81.8,5.76,1.99,16.0,55,50.0
PLT-01208,2025-04-28,18.59,73.9,5.06,2.01,15.0,46,131.78
PLT-04321,2025-12-11,21.9,69.6,6.96,1.45,15.1,46,241.92
PLT-02893,2025-03-22,20.54,76.0,5.72,1.33,12.1,47,96.31
PLT-02846,2025-04-16,21.1,83.1,6.35,1.22,12.1,49,50.0
PLT-01511,2025-09-29,23.62,84.5,6.05,1.27,11.3,47,50.0
PLT-02087,2025-06-25,29.23,65.6,6.26,1.6,11.7,56,50.0
PLT-00246,2025-12-18,20.1,65.8,6.27,1.21,14.2,56,345.16
PLT-01164,2025-11-09,21.28,66.8,6.56,1.49,13.8,55,330.81
PLT-03728,2025-10-08,22.65,65.9,5.01,1.49,15.9,57,275.66
PLT-00267,2025-05-20,15.88,54.2,6.23,1.55,16.0,51,50.0
PLT-04162,2025-07-21,23.25,65.4,6.25,0.96,18.9,52,64.81
PLT-01115,2025-04-25,21.29,54.4,6.02,1.51,12.9,54,118.11
PLT-00064,2025-01-02,17.49,65.7,5.06,1.27,14.2,57,335.68
PLT-01913,2025-08-08,21.53,66.2,6.22,1.29,15.8,59,329.1
PLT-02644,2025-09-26,19.94,60.0,5.99,1.45,12.8,55,319.41
PLT-02230,2025-06-24,19.29,60.3,6.92,1.19,11.8,46,242.2
PLT-02813,2025-03-11,21.23,70.0,6.32,1.84,9.2,54,87.31
PLT-03828,2025-06-24,22.89,91.0,5.72,2.01,15.6,59,50.0
PLT-03140,2025-06-10,20.25,62.4,6.95,1.5,18.6,57,138.55
PLT-03616,2025-06-11,15.7,62.9,6.57,1.69,13.7,56,265.9
PLT-04142,2025-11-02,16.04,65.7,5.87,1.21,11.5,48,216.24
PLT-02303,2025-12-20,19.95,55.3,4.22,1.18,13.4,51,55.91
PLT-02814,2025-03-31,19.17,73.8,4.07,2.01,15.8,52,51.04
PLT-01724,2025-01-04,20.8,72.3,5.53,1.81,11.8,47,176.72
PLT-04700,2025-04-06,19.06,75.6,5.58,1.7,17.8,49,50.0
PLT-01238,2025-05-12,15.73,81.1,5.27,1.55,12.6,55,50.0
PLT-00104,2025-03-22,24.17,48.4,6.01,1.7,12.5,49,50.0
PLT-02856,2025-03-25,20.69,64.7,5.07,1.78,15.6,58,311.26
PLT-00273,2025-05-27,18.33,65.8,5.7,1.38,16.2,51,313.28
PLT-00509,2025-06-28,23.83,73.0,6.44,1.71,14.9,58,164.66
PLT-02270,2025-08-17,19.19,54.0,5.82,1.08,14.9,47,129.14
PLT-04984,2025-02-19,14.83,66.9,6.05,1.43,14.5,52,237.04
PLT-02169,2025-05-16,22.37,56.1,6.56,1.39,16.1,57,146.38
PLT-00866,2025-02-25,18.71,53.7,6.49,1.49,12.9,45,97.41
PLT-02479,2025-08-18,20.82,70.9,6.97,1.74,17.3,46,148.28
PLT-00909,2025-02-08,23.65,70.3,7.44,1.73,15.9,52,135.1
PLT-02481,2025-05-29,23.57,72.6,6.25,1.18,15.0,52,151.12
PLT-02917,2025-04-08,19.92,59.4,6.25,1.88,14.9,57,295.74
PLT-03974,2025-10-26,21.48,82.3,6.27,1.4965305263157893,14.1,45,50.0
PLT-02933,2025-10-04,21.35,65.5,6.63,0.74,18.6,48,105.34
PLT-01523,2025-05-26,18.11,73.3,5.07,1.57,17.2,55,112.56
PLT-00836,2025-06-04,22.68,80.8,5.34,1.4965305263157893,16.5,54,50.0
PLT-00359,2025-12-26,19.7,50.5,6.03,2.04,10.7,48,50.0
PLT-00139,2025-03-04,19.42,52.4,5.58,1.79,13.2,47,50.0
PLT-00300,2025-10-16,16.65,72.8,5.4,1.58,16.0,53,134.19
PLT-01557,2025-11-09,22.82,55.7,7.17,1.4,13.0,53,110.48
PLT-01004,2025-01-10,17.34,62.0,5.58,2.0,16.1,46,251.04
PLT-00383,2025-06-22,18.83,82.5,6.52,1.31,15.0,54,50.0
PLT-00942,2025-08-17,21.75,61.2,6.59,1.89,14.7,55,306.53
PLT-04669,2025-10-19,16.81,70.5,6.99,1.46,16.1,57,234.48
PLT-03822,2025-04-02,14.9,54.2,5.67,1.67,12.9,50,50.0
PLT-00762,2025-02-03,20.94,84.3,6.9,2.16,12.8,54,50.0
PLT-02751,2025-03-17,19.52,48.8,5.72,1.25,14.6,45,50.0
PLT-01944,2025-08-28,18.53,51.2,6.29,1.65,13.5,51,50.0
PLT-03959,2025-12-23,15.3,63.9,6.03,1.99,16.0,49,184.8
PLT-02128,2025-11-24,23.98,74.7,4.48,0.95,13.3,57,61.45
PLT-02241,2025-01-11,26.83,72.7,6.4,1.22,13.7,46,50.0
PLT-00899,2025-12-29,20.54,48.1,5.44,1.39,11.0,55,50.0
PLT-04079,2025-06-03,25.8,71.2,6.09,1.08,14.3,51,91.78
PLT-04523,2025-10-29,23.06,71.8,5.54,1.3,15.9,53,188.84
PLT-01403,2025-12-31,27.05,47.9,6.35,1.4,15.9,50,50.0
PLT-02093,2025-11-20,15.98,84.0,6.72,1.3,12.9,49,50.0
PLT-03859,2025-07-14,17.44,80.1,6.18,1.57,18.2,54,50.0
PLT-04431,2025-05-07,20.04,77.2,7.99,1.66,14.2,46,50.0
PLT-03016,2025-10-10,18.05,77.2,7.18,1.23,11.7,47,50.0
PLT-01513,2025-08-27,16.83,57.4,5.72,1.64,15.1,55,226.82
PLT-01189,2025-07-01,21.04,58.4,6.03,1.54,15.3,56,288.52
PLT-03051,2025-03-16,20.55,81.5,5.67,1.59,14.4,46,50.0
PLT-02089,2025-03-14,16.27,61.8,6.07,1.4965305263157893,10.7,48,121.3
PLT-04585,2025-05-27,16.14,72.4,4.92,1.6,16.9,47,50.0
PLT-03506,2025-08-24,19.05,84.5,7.36,1.67,14.7,52,50.0
PLT-00109,2025-02-10,22.3,53.1,4.94,1.43,13.1,51,50.0
PLT-02789,2025-03-02,18.97,52.9,6.27,0.83,13.2,55,51.08
PLT-03135,2025-11-13,21.94,54.8,5.53,1.49,11.1,46,50.0
PLT-01927,2025-09-19,18.17,54.5,4.97,1.29,10.9,45,50.0
PLT-00077,2025-09-28,18.41,85.5,7.31,1.3,14.9,59,50.0
PLT-00797,2025-12-13,26.37,66.7,6.03,1.66,18.1,45,50.0
PLT-00369,2025-04-14,11.28,60.0,5.28,1.26,12.1,47,50.0
PLT-04956,2025-07-31,21.85,74.4,5.35,1.12,15.2,59,147.42
PLT-00786,2025-03-16,22.71,47.8,4.33,1.64,17.0,57,50.0
PLT-03843,2025-07-27,21.12,57.6,4.85,1.82,12.8,49,211.76
PLT-03529,2025-02-17,16.28,56.5,4.4,1.4965305263157893,12.8,54,79.0
PLT-02030,2025-11-02,17.59,76.2,5.28,1.52,14.0,50,78.06
PLT-04092,2025-04-22,17.3,49.7,5.79,2.06,14.9,45,50.0
PLT-03012,2025-08-11,19.68,62.2,5.83,1.27,14.8,55,329.62
PLT-03604,2025-09-16,15.73,72.6,6.12,1.92,15.6,52,157.74
PLT-01974,2025-07-14,23.84,60.0,5.35,1.85,14.7,51,202.86
PLT-03269,2025-07-11,18.91,68.9,4.76,1.68,12.9,46,257.0
PLT-00122,2025-12-26,22.25,64.3,4.58,1.54,15.4,56,228.72
PLT-03636,2025-11-17,19.31,73.4,5.87,0.81,13.0,55,180.94
PLT-04077,2025-10-30,17.52,69.2,6.73,1.72,12.3,45,249.83
PLT-00911,2025-08-19,22.62,64.7,5.32,1.4,16.3,46,248.34
PLT-00125,2025-08-15,18.65,72.7,6.03,1.71,18.6,47,50.0
PLT-02647,2025-08-01,17.94,60.8,5.48,1.27,13.7,50,289.0
PLT-01587,2025-04-08,14.77,49.9,5.42,1.54,14.4,45,50.0
PLT-01258,2025-02-23,22.3,68.0,5.53,1.08,15.7,45,278.31
PLT-03551,2025-06-20,19.66,50.8,6.56,1.2,14.7,48,50.0
PLT-03677,2025-07-23,18.86,70.9,5.81,1.4965305263157893,11.3,50,219.4
PLT-01179,2025-03-31,20.15,67.6,6.33,1.4,12.2,58,322.8
PLT-02925,2025-02-28,17.68,63.2,5.02,1.26,14.6,47,265.74
PLT-03540,2025-10-21,23.92,81.0,6.12,1.54,16.2,46,50.0
PLT-02380,2025-03-08,20.05,64.0,6.03,1.58,13.8,51,272.46
PLT-02145,2025-12-30,16.13,71.9,4.67,1.65,13.9,56,142.9
PLT-02334,2025-12-30,18.23,69.3,5.61,1.23,15.0,52,304.18
PLT-03784,2025-02-18,19.42,62.5,6.63,1.4965305263157893,11.7,56,306.33
PLT-00926,2025-08-16,20.12,56.3,6.5,1.73,14.5,59,197.45
PLT-04309,2025-01-06,15.62,64.9,6.42,1.24,15.2,48,234.39
PLT-02187,2025-11-08,24.59,55.9,6.35,1.4965305263157893,13.0,54,70.93
PLT-04820,2025-10-03,17.45,61.5,5.96,1.51,16.1,51,267.38
PLT-01412,2025-03-02,18.51,49.7,5.82,1.75,11.1,51,50.0
PLT-03537,2025-11-24,23.7,68.8,6.74,1.57,18.4,54,50.0
PLT-01814,2025-06-09,23.87,64.6,6.69,1.51,18.1,50,96.13
PLT-01510,2025-07-04,19.37,69.1,5.78,1.4965305263157893,12.6,45,317.41
PLT-01228,2025-01-18,15.78,52.0,7.54,1.42,14.7,55,50.0
PLT-03674,2025-05-07,22.99,73.3,4.83,1.6,15.7,51,124.64
PLT-02400,2025-09-27,21.1,71.2,5.23,1.72,14.7,54,270.47
PLT-04866,2025-05-19,16.82,78.9,6.25,1.91,11.6,47,50.0
PLT-03363,2025-07-14,20.19,58.1,6.03,1.53,15.0,59,194.19
PLT-03347,2025-05-07,20.91,49.2,6.11,1.21,13.6,46,50.0
PLT-00325,2025-05-27,21.35,76.1,5.56,1.42,13.0,58,114.17
PLT-03143,2025-05-22,22.02,57.3,5.23,1.28,12.3,55,173.94
PLT-04897,2025-11-17,21.6,69.8,6.39,1.22,13.9,49,256.36
PLT-01973,2025-01-10,15.51,72.7,6.45,1.35,15.4,51,118.42
PLT-03365,2025-06-21,15.57,52.2,5.54,1.96,11.8,48,50.0
PLT-03098,2025-09-08,24.18,57.7,5.56,1.65,15.0,58,151.88
PLT-01499,2025-09-26,23.48,56.6,6.13,1.77,15.0,45,115.97
PLT-01503,2025-08-15,18.63,69.3,6.47,1.46,18.4,48,96.78
PLT-01007,2025-06-21,21.76,43.9,5.34,1.8,11.9,54,50.0
PLT-03762,2025-06-22,18.89,78.0,7.34,1.51,10.9,47,50.0
PLT-02771,2025-11-09,19.81,75.1,6.74,1.43,15.9,47,68.91
PLT-03587,2025-05-08,19.22,57.4,6.66,2.16,14.6,49,218.18
PLT-01468,2025-08-03,20.63,81.8,6.12,1.13,15.4,48,50.0
PLT-01226,2025-05-24,21.9,76.5,6.03,1.55,15.8,55,50.0
PLT-03200,2025-06-06,21.18,70.4,5.71,1.25,17.1,59,206.63
PLT-02690,2025-01-13,18.5,55.5,7.06,1.18,15.5,57,121.84
PLT-02227,2025-06-13,24.79,74.2,5.74,1.74,12.9,50,54.99
PLT-01217,2025-05-21,17.41,72.7,5.82,1.4965305263157893,12.7,45,178.31
PLT-04055,2025-09-23,18.27,83.8,6.1,1.4965305263157893,15.3,59,50.0
PLT-03569,2025-01-19,15.94,80.5,6.33,1.37,14.4,46,50.0
PLT-00421,2025-12-16,17.14,61.0,6.6,1.36,14.0,50,281.96
PLT-04258,2025-03-24,18.76,64.0,6.14,1.4965305263157893,13.0,55,336.26
PLT-00007,2025-01-21,21.79,66.1,6.36,1.32,17.2,52,251.34
PLT-00933,2025-02-11,29.73,71.4,6.76,1.42,16.4,58,50.0
PLT-01692,2025-02-06,21.54,65.3,6.39,1.49,15.3,55,332.37
PLT-00440,2025-04-27,22.09,69.5,5.87,1.58,12.8,59,268.64
PLT-01314,2025-05-08,18.23,52.7,6.74,1.23,16.9,51,50.0
PLT-00679,2025-02-23,20.47,69.6,6.56,1.34,16.3,57,263.48
PLT-02016,2025-02-28,22.22,53.2,5.71,1.49,16.5,49,50.0
PLT-04657,2025-08-20,25.29,67.9,6.1,1.81,12.7,54,188.98
PLT-01889,2025-10-27,21.44,54.7,6.4,1.53,12.6,56,121.47
PLT-02312,2025-10-30,18.96,81.0,6.94,1.82,14.3,59,50.0
PLT-04681,2025-01-20,26.33,67.6,6.55,1.4965305263157893,16.4,59,88.13
PLT-03321,2025-07-29,17.31,71.8,6.9,2.08,14.4,49,170.31
PLT-04769,2025-07-14,15.42,70.2,5.61,1.74,13.4,46,156.19
PLT-02485,2025-01-13,15.99,63.5,6.8,1.29,15.3,59,238.92
PLT-01087,2025-09-11,15.83,75.6,5.26,1.4965305263157893,15.3,59,50.0
PLT-03013,2025-02-28,29.29,46.0,5.75,0.9,16.3,59,50.0
PLT-04289,2025-03-20,15.88,67.9,6.73,1.93,13.9,59,231.4
PLT-02834,2025-02-05,19.02,62.4,6.71,1.54,14.4,56,320.56
PLT-02693,2025-03-31,19.45,55.1,6.01,1.69,16.5,46,79.95
PLT-00195,2025-06-29,21.63,65.9,6.42,1.86,16.5,50,282.99
PLT-03438,2025-03-09,19.9,62.3,6.03,1.71,12.4,46,313.6
PLT-02183,2025-03-15,17.18,60.1,6.01,1.69,18.1,51,131.16
PLT-01212,2025-12-26,20.09,66.0,6.49,1.49,16.3,54,292.5
PLT-04105,2025-01-04,18.1,63.2,5.75,1.66,16.1,53,303.39
PLT-01658,2025-01-23,20.67,62.5,6.46,1.45,11.5,48,249.55
PLT-02754,2025-04-27,18.94,53.3,4.77,1.33,13.7,51,50.0
PLT-03159,2025-05-07,20.0,71.9,5.7,1.4,12.5,59,271.82
PLT-02759,2025-08-16,23.67,65.7,6.08,1.61,13.5,48,270.94
PLT-04106,2025-11-19,19.71,57.9,6.76,1.76,15.9,57,217.7
PLT-02214,2025-06-03,29.34,57.9,6.03,1.61,15.9,57,50.0
PLT-04452,2025-05-17,23.86,59.5,5.53,1.33,12.0,45,147.95
PLT-01131,2025-10-30,15.5,63.5,6.03,1.54,12.6,59,229.53
PLT-01462,2025-04-27,15.37,57.4,6.27,1.42,11.1,55,51.58
PLT-00277,2025-06-01,20.95,66.1,6.42,1.54,13.9,52,354.04
PLT-04575,2025-07-20,16.42,59.4,6.57,0.51,11.5,58,140.09
PLT-03651,2025-03-15,20.41,48.2,4.78,0.94,12.9,55,50.0
PLT-03373,2025-06-09,19.52,61.0,5.46,1.31,11.5,50,216.54
PLT-03188,2025-02-16,20.0,63.2,5.15,1.42,11.8,45,285.16
PLT-01303,2025-02-22,22.58,85.4,7.1,1.54,13.9,54,50.0
PLT-02847,2025-08-05,17.78,77.1,6.91,1.91,16.7,50,50.0
PLT-00223,2025-07-22,21.46,66.0,5.35,0.98,14.0,51,325.46
PLT-04688,2025-01-03,19.08,54.5,6.15,1.47,13.4,51,129.15
PLT-03657,2025-01-14,14.3,64.8,3.65,1.31,13.7,51,51.58
PLT-00574,2025-07-25,13.61,56.1,5.4,1.4965305263157893,15.9,58,50.0
PLT-01237,2025-11-15,26.51,66.9,5.74,1.24,15.4,54,131.44
PLT-03615,2025-05-25,22.64,64.6,6.73,2.15,14.5,57,292.6
PLT-02175,2025-03-18,19.85,71.5,5.49,2.02,11.6,59,209.44
PLT-02324,2025-01-30,20.14,63.9,5.79,1.65,11.6,49,311.18
PLT-01335,2025-10-20,18.64,64.2,5.37,1.15,15.7,54,320.68
PLT-04542,2025-05-30,22.12,67.7,5.95,2.11,12.0,52,275.01
PLT-04953,2025-09-13,28.13,57.3,7.27,1.31,13.7,52,50.0
PLT-00419,2025-09-19,20.67,59.6,5.51,1.56,14.8,52,316.34
PLT-00268,2025-02-06,17.87,53.2,7.26,1.48,11.8,53,50.0
PLT-01105,2025-06-06,20.43,64.3,5.53,1.4,12.8,46,333.06
PLT-00258,2025-09-20,20.47,63.2,5.61,0.81,14.8,50,313.11
PLT-00296,2025-07-27,19.25,78.3,6.43,1.53,14.0,46,50.0
PLT-02406,2025-01-25,25.19,86.2,6.0,1.17,14.2,47,50.0
PLT-00387,2025-05-22,17.16,59.6,5.23,1.64,16.5,55,175.72
PLT-04419,2025-03-02,22.44,51.9,5.18,1.65,12.4,49,50.0
PLT-03154,2025-12-27,15.26,61.0,6.03,1.92,15.9,56,188.85
PLT-02275,2025-12-19,19.58,69.8,7.53,1.87,15.6,51,213.29
PLT-02291,2025-10-27,20.6,74.2,6.24,1.37,12.6,49,174.63
PLT-04380,2025-08-25,15.98,65.6,5.32,1.43,15.2,45,250.24
PLT-03586,2025-07-07,18.72,77.5,6.02,2.09,14.9,50,50.07
PLT-04251,2025-01-22,24.82,78.1,6.03,1.94,11.8,54,50.0
PLT-04429,2025-12-04,16.13,43.4,6.03,1.38,17.4,49,50.0
PLT-01564,2025-02-23,15.25,72.5,4.54,1.18,14.4,49,50.0
PLT-01963,2025-12-11,20.42,63.8,6.56,1.24,12.8,56,314.19
PLT-01401,2025-09-01,18.56,63.3,6.25,1.3,14.6,52,333.72
PLT-00713,2025-07-16,22.45,70.4,6.03,1.76,11.0,57,157.19
PLT-04372,2025-03-09,13.79,55.5,5.93,1.54,11.2,54,50.0
PLT-02906,2025-04-08,19.5,59.9,5.59,1.78,14.0,45,293.46
PLT-00210,2025-02-23,19.36,74.1,4.16,1.59,15.1,57,83.85
PLT-04021,2025-06-04,17.41,65.7,6.4,1.26,15.4,59,292.7
PLT-01290,2025-01-02,19.57,79.9,6.22,1.37,11.8,47,50.0
PLT-04879,2025-06-19,17.98,56.0,5.2,1.75,12.4,52,141.75
PLT-01843,2025-05-03,18.0,66.8,6.03,1.02,14.9,50,304.73
PLT-00450,2025-04-06,25.73,59.2,7.23,1.82,16.3,57,50.0
PLT-04525,2025-02-24,16.85,70.5,7.16,1.38,14.2,53,206.45
PLT-03555,2025-11-16,20.42,98.8,5.82,1.64,15.0,57,50.0
PLT-01821,2025-07-21,16.72,73.6,4.29,1.46,13.8,49,85.45
PLT-00959,2025-08-31,20.97,66.3,5.41,1.4965305263157893,13.3,48,335.53
PLT-01794,2025-03-13,25.46,72.5,6.2,1.71,13.8,56,116.79
PLT-02810,2025-07-11,21.15,73.4,6.03,1.69,13.5,49,169.02
PLT-00655,2025-05-14,16.14,64.8,6.75,1.57,17.8,55,140.17
PLT-02452,2025-04-13,26.2,66.5,6.16,1.51,14.3,52,171.01
PLT-03928,2025-10-29,24.29,65.4,5.89,1.61,16.3,56,196.98
PLT-00332,2025-08-08,20.75,63.4,5.52,1.65,13.7,59,352.62
PLT-01761,2025-03-01,21.11,79.1,6.95,1.72,13.2,55,50.0
PLT-04661,2025-08-12,14.66,56.5,6.49,2.14,10.3,50,50.0
PLT-02797,2025-04-28,25.7,54.1,5.96,1.46,13.0,56,50.0
PLT-02155,2025-02-20,22.95,52.4,5.4,1.45,16.1,47,50.0
PLT-00412,2025-09-21,14.36,75.0,4.81,1.39,11.9,46,50.0
PLT-01775,2025-02-15,18.39,59.3,5.24,0.75,16.4,58,182.48
PLT-04815,2025-07-01,22.98,72.8,5.04,1.59,15.3,57,160.38
PLT-02229,2025-03-10,20.03,51.8,6.74,1.32,15.5,58,50.0
PLT-02424,2025-06-09,18.48,49.9,6.36,1.08,12.4,48,50.0
PLT-02679,2025-04-14,23.27,58.1,6.47,1.63,13.4,50,180.84
PLT-04356,2025-03-06,24.06,74.9,7.34,1.14,14.3,46,50.0
PLT-04824,2025-04-01,18.09,73.0,6.19,1.1,17.4,57,131.26
PLT-04472,2025-03-04,25.46,57.9,6.53,1.53,11.6,54,50.0
PLT-03383,2025-11-17,23.41,52.3,5.98,1.68,14.3,56,50.0
PLT-03533,2025-12-03,26.97,74.1,6.32,1.78,14.7,45,50.0
PLT-03629,2025-02-24,14.59,69.0,7.68,1.99,14.4,52,95.66
PLT-02003,2025-04-18,22.19,66.9,6.17,1.87,11.8,59,299.14
PLT-03436,2025-08-12,24.11,61.2,6.4,1.54,13.0,49,224.2
PLT-03448,2025-12-20,18.91,59.1,5.46,1.19,16.1,54,246.05
PLT-03823,2025-07-05,17.57,57.0,5.17,1.77,15.3,58,173.65
PLT-00431,2025-05-27,22.21,59.9,5.55,0.5,15.7,50,216.55
PLT-04561,2025-05-14,18.65,55.8,5.75,1.14,12.8,56,175.2
PLT-02081,2025-07-11,19.77,66.2,6.74,1.88,15.2,54,353.55
PLT-01367,2025-03-05,19.82,71.6,5.85,1.52,14.0,53,276.21
PLT-00174,2025-07-09,19.29,86.6,6.63,1.4965305263157893,12.6,59,50.0
PLT-02911,2025-01-02,25.13,71.8,5.77,1.31,12.7,59,109.6
PLT-01177,2025-09-01,17.81,69.6,5.47,1.44,14.5,52,297.94
PLT-03400,2025-04-23,25.86,61.1,5.4,1.33,17.8,55,50.0
PLT-01477,2025-07-07,22.99,45.7,5.44,1.16,12.2,47,50.0
PLT-03940,2025-11-27,12.52,52.0,6.9,1.59,13.8,52,50.0
PLT-03566,2025-08-10,17.84,67.5,6.51,1.11,13.9,47,311.42
PLT-00103,2025-05-19,18.42,76.7,6.3,1.4965305263157893,13.8,57,91.82
PLT-03413,2025-11-02,15.71,45.9,5.83,0.99,15.4,57,50.0
PLT-03265,2025-02-28,15.96,63.1,6.54,1.17,16.4,53,203.7
PLT-01264,2025-04-07,28.44,64.4,5.96,1.8,15.0,49,50.0
PLT-02573,2025-08-11,15.1,70.0,5.34,1.69,9.8,57,50.0
PLT-04706,2025-12-14,22.43,74.4,6.06,1.83,14.0,58,155.81
PLT-02795,2025-12-16,15.96,68.9,6.09,1.96,15.0,50,256.83
PLT-03366,2025-12-01,20.77,74.1,5.11,1.09,12.4,51,153.67
PLT-04546,2025-03-17,18.58,64.3,7.5,1.45,14.1,54,271.99
PLT-03756,2025-11-25,16.93,78.7,4.85,1.3,15.2,51,50.0
PLT-01644,2025-12-11,17.47,58.9,5.35,1.53,15.0,58,252.12
PLT-04551,2025-06-14,20.73,41.4,5.01,1.57,14.6,57,50.0
PLT-00001,2025-04-13,18.54,66.9,5.7,1.38,17.1,59,254.12
PLT-01581,2025-09-26,18.21,76.1,4.98,1.45,16.3,53,50.0
PLT-04467,2025-02-06,21.01,74.3,4.55,1.56,11.0,55,76.08
PLT-04454,2025-02-25,20.83,57.4,6.43,1.05,16.0,51,177.88
PLT-01357,2025-08-07,21.86,65.0,5.88,1.83,13.9,57,371.11
PLT-03460,2025-05-05,22.79,67.3,3.95,1.39,13.5,58,206.55
PLT-02124,2025-09-22,16.54,88.2,6.63,1.58,13.2,45,50.0
PLT-02278,2025-09-26,23.14,67.4,6.03,1.34,13.4,50,306.69
PLT-02079,2025-03-31,17.94,70.3,5.74,1.72,10.7,57,177.19
PLT-04366,2025-10-05,17.79,54.1,6.73,1.4965305263157893,12.6,53,55.16
PLT-00397,2025-07-05,22.94,32.6,6.2,1.3,13.1,56,50.0
PLT-03530,2025-11-25,21.82,51.9,6.08,1.29,13.4,55,50.0
PLT-01065,2025-05-23,19.55,60.0,6.12,0.92,14.9,58,278.94
PLT-02405,2025-08-26,17.25,67.3,6.21,1.24,15.4,50,257.73
PLT-04216,2025-12-03,21.2,55.5,6.24,1.61,12.8,58,163.54
PLT-02196,2025-12-28,13.34,47.4,6.43,1.6,15.3,54,50.0
PLT-00819,2025-05-06,26.15,90.9,7.45,1.36,15.7,53,50.0
PLT-01813,2025-02-15,19.17,55.3,6.13,1.59,16.1,55,135.75
PLT-02621,2025-02-08,17.45,60.8,6.25,1.19,11.7,51,233.77
PLT-01553,2025-08-31,15.02,78.9,5.88,1.1,14.7,51,50.0
PLT-03185,2025-11-28,21.01,71.1,5.59,1.77,10.2,58,134.65
PLT-00817,2025-02-22,17.53,61.2,5.29,1.49,12.4,54,258.05
PLT-01573,2025-06-27,20.68,71.6,6.03,1.77,13.0,52,269.92
PLT-03028,2025-05-14,24.33,67.3,7.4,1.4965305263157893,13.3,46,180.52
PLT-01801,2025-02-01,19.44,76.5,5.21,2.34,14.5,55,54.68
PLT-04332,2025-08-07,18.7,72.2,5.52,1.39,10.1,58,128.84
PLT-00382,2025-02-05,14.74,94.9,5.35,1.74,15.6,56,50.0
PLT-04533,2025-12-02,17.22,83.3,5.6,1.8,14.6,55,50.0
PLT-03898,2025-04-12,20.8,62.1,5.86,1.26,11.7,56,288.05
PLT-02956,2025-08-15,20.3,50.5,3.88,1.22,14.1,56,50.0
PLT-03574,2025-01-30,15.37,71.3,5.45,1.67,14.9,49,161.95
PLT-04369,2025-01-25,17.37,76.8,4.89,1.37,12.9,45,50.0
PLT-01781,2025-08-24,22.38,69.7,5.08,1.12,14.2,46,255.11
PLT-02781,2025-02-16,20.09,88.0,7.54,2.11,16.7,57,50.0
PLT-02482,2025-05-18,17.54,69.0,7.47,1.6,15.2,57,220.46
PLT-02378,2025-06-07,13.78,63.3,5.59,1.27,9.3,58,50.0
PLT-00865,2025-08-27,22.35,67.5,4.95,1.55,16.2,56,268.15
PLT-03083,2025-01-21,18.03,66.8,6.17,1.6,14.4,50,324.6
PLT-03971,2025-12-20,14.18,59.0,6.77,2.0,17.5,47,50.0
PLT-00555,2025-01-13,21.51,66.5,5.38,2.15,11.9,51,305.88
PLT-01160,2025-04-11,12.83,68.5,5.58,1.24,13.1,49,54.85
PLT-01214,2025-11-23,19.04,80.9,5.69,1.51,14.4,56,50.0
PLT-02604,2025-09-30,15.46,60.9,6.64,1.35,13.9,59,251.66
PLT-03672,2025-09-05,16.99,71.1,6.33,1.05,17.8,49,76.0
PLT-00049,2025-03-30,24.69,71.4,5.87,1.47,11.5,51,103.36
PLT-02986,2025-12-29,15.13,85.1,5.84,1.33,16.2,51,50.0
PLT-00701,2025-08-16,16.97,84.8,5.47,1.76,14.7,53,50.0
PLT-00653,2025-11-08,21.72,66.6,3.74,1.56,14.5,45,190.22
PLT-03222,2025-09-25,22.51,62.9,7.45,1.62,14.2,47,256.62
PLT-03132,2025-05-01,17.32,64.8,6.41,1.2,15.7,58,303.82
PLT-03378,2025-10-17,22.61,55.3,5.94,1.45,12.2,50,129.2
PLT-01456,2025-07-18,19.77,52.9,6.05,1.61,17.8,51,50.0
PLT-04239,2025-01-13,18.33,70.5,6.03,1.4965305263157893,16.2,49,229.27
PLT-02252,2025-11-19,27.18,60.0,6.98,1.46,11.2,52,50.0
PLT-02060,2025-04-24,19.58,52.5,6.38,0.93,16.6,53,50.0
PLT-00867,2025-12-16,21.22,54.1,6.3,2.38,15.8,47,50.0
PLT-00753,2025-05-25,22.04,71.4,5.29,1.15,10.4,49,138.13
PLT-01645,2025-06-30,20.31,45.2,5.39,0.9,9.8,50,50.0
PLT-00093,2025-01-15,17.19,59.1,6.03,1.41,15.5,45,141.54
PLT-02882,2025-08-06,15.69,64.9,6.72,1.93,14.5,46,234.61
PLT-03165,2025-09-25,15.0,57.4,5.25,1.37,13.8,51,115.74
PLT-02477,2025-08-07,23.76,65.4,5.42,1.55,11.1,49,191.95
PLT-03904,2025-06-23,17.22,37.0,6.41,1.66,11.7,59,50.0
PLT-01491,2025-01-16,13.93,58.5,7.21,1.62,15.7,45,50.0
PLT-02955,2025-02-11,18.12,60.9,6.05,1.58,14.8,50,319.26
PLT-04270,2025-04-07,20.97,58.4,5.58,1.4965305263157893,11.7,46,192.25
PLT-00730,2025-12-07,14.76,69.8,6.27,1.46,14.2,57,175.41
PLT-02772,2025-04-28,15.65,49.9,5.15,1.48,13.4,50,50.0
PLT-02519,2025-05-09,22.57,83.9,6.42,1.15,11.4,58,50.0
PLT-03806,2025-09-25,20.81,55.3,7.45,1.13,14.5,55,109.44
PLT-01937,2025-02-09,23.02,61.8,6.7,1.66,10.8,55,198.74
PLT-01746,2025-05-27,18.35,63.5,5.5,1.68,17.7,52,204.95
PLT-03568,2025-06-12,16.89,70.4,4.86,0.96,14.2,52,212.64
PLT-03380,2025-01-07,15.4,88.6,6.61,1.23,12.1,51,50.0
PLT-03632,2025-08-09,17.96,58.6,5.36,1.23,14.6,50,236.06
PLT-01958,2025-03-25,21.49,53.3,7.01,1.62,11.0,48,50.0
PLT-01111,2025-11-28,18.82,53.8,6.37,1.34,13.5,52,100.5
PLT-03406,2025-02-14,23.84,47.7,6.59,1.35,13.4,45,50.0
PLT-04110,2025-04-26,21.35,62.2,5.25,1.3,17.8,50,172.72
PLT-04517,2025-11-15,18.02,67.3,4.57,1.03,15.5,58,267.66
PLT-04818,2025-06-25,18.47,63.8,5.83,1.63,12.4,47,299.84
PLT-00347,2025-07-10,19.73,62.3,5.98,1.38,18.4,58,186.18
PLT-01186,2025-12-30,23.87,79.9,5.19,1.26,13.5,54,50.0
PLT-04067,2025-09-13,16.64,69.7,7.39,1.4965305263157893,15.5,52,183.65
PLT-04086,2025-08-30,16.03,69.5,5.56,1.52,14.9,55,227.93
PLT-01516,2025-12-06,17.62,54.4,6.03,1.3,13.1,58,50.0
PLT-04717,2025-11-14,25.18,70.1,6.99,1.58,12.6,57,127.74
PLT-00579,2025-03-10,14.62,51.8,5.34,1.74,15.2,49,50.0
PLT-01965,2025-03-07,17.4,58.2,6.09,0.99,13.2,49,215.47
PLT-00076,2025-10-31,20.58,70.4,4.88,1.66,13.8,52,247.64
PLT-01430,2025-11-26,14.42,70.3,5.88,1.63,10.5,47,50.0
PLT-04394,2025-05-07,17.11,56.3,4.05,1.68,12.1,56,50.0
PLT-04960,2025-08-11,21.8,62.2,5.06,1.32,13.7,52,297.51
PLT-04053,2025-04-26,22.78,64.8,6.42,1.38,18.0,58,148.06
PLT-01847,2025-12-25,15.37,85.0,6.03,1.48,11.4,47,50.0
PLT-00132,2025-12-25,25.55,65.0,6.28,1.77,16.3,45,148.7
PLT-00179,2025-08-21,18.41,57.2,5.25,1.13,13.5,50,200.4
PLT-04512,2025-08-22,18.74,77.7,6.03,0.84,13.1,47,50.0
PLT-02749,2025-06-01,23.95,60.7,6.48,1.12,15.7,59,234.64
PLT-02570,2025-04-21,23.49,56.4,5.82,1.98,15.0,49,106.09
PLT-02418,2025-05-21,18.47,67.1,6.61,1.4,11.9,58,297.55
PLT-04623,2025-08-29,18.87,73.6,5.89,1.35,13.2,55,217.0
PLT-00659,2025-06-09,20.42,62.6,6.05,1.36,15.9,57,328.16
PLT-01897,2025-02-28,19.31,61.0,5.45,1.8,12.8,46,297.12
PLT-03385,2025-02-16,19.51,63.9,7.35,1.85,14.3,57,322.14
PLT-03164,2025-06-07,23.5,72.9,6.36,1.44,11.0,46,60.87
PLT-00343,2025-04-05,14.27,73.8,6.84,1.4965305263157893,15.3,51,50.0
PLT-04499,2025-01-21,25.9,71.6,6.47,1.21,13.8,47,79.24
PLT-00728,2025-06-26,17.37,70.8,5.62,1.75,17.3,53,154.67
PLT-03857,2025-05-12,16.7,68.7,6.06,1.84,15.8,53,251.79
PLT-00977,2025-07-22,20.97,74.7,7.52,1.6,11.4,51,50.0
PLT-02419,2025-01-31,20.45,69.9,4.97,1.45,13.8,54,248.89
PLT-04422,2025-06-10,20.47,72.6,5.9,1.37,12.4,58,251.51
PLT-01929,2025-08-31,21.23,52.2,7.27,1.31,16.5,55,50.0
PLT-02665,2025-04-18,20.96,61.6,6.75,1.66,10.9,49,219.64
PLT-04913,2025-09-25,23.09,79.2,5.23,1.11,13.2,51,50.0
PLT-01300,2025-09-13,14.27,68.0,5.5,1.47,14.5,52,176.07
PLT-04705,2025-02-18,20.75,64.9,5.18,1.26,13.9,48,328.62
PLT-04646,2025-04-28,15.33,62.3,6.68,1.46,9.5,52,50.0
PLT-00661,2025-11-13,22.09,66.9,8.55,1.23,18.3,56,50.0
PLT-04048,2025-04-24,17.75,58.8,6.66,1.66,14.1,50,253.65
PLT-02439,2025-02-25,19.33,44.4,5.47,1.74,16.9,48,50.0
PLT-03707,2025-03-24,20.32,56.9,7.12,1.35,13.6,52,179.48
PLT-03037,2025-03-17,20.1,55.1,5.89,1.38,13.3,58,183.24
PLT-02234,2025-06-10,26.13,69.6,5.84,1.04,11.0,58,62.94
PLT-03114,2025-12-10,23.24,58.1,5.35,1.55,14.3,48,187.86
PLT-03999,2025-06-05,20.17,46.6,7.12,1.21,13.7,58,50.0
PLT-03669,2025-04-29,16.7,46.9,6.03,1.66,15.3,47,50.0
PLT-03257,2025-12-10,22.86,59.9,6.15,1.47,14.4,56,285.09
PLT-01279,2025-11-26,17.15,69.0,5.3,1.52,16.0,48,221.59
PLT-03134,2025-04-30,14.38,59.7,5.99,1.18,14.0,50,150.73
PLT-01622,2025-11-19,22.54,83.1,6.57,0.92,14.3,52,50.0
PLT-03076,2025-07-10,18.11,59.7,5.99,1.5,12.0,51,235.73
PLT-00068,2025-11-06,22.5,61.9,7.4,1.25,16.1,53,204.11
PLT-04741,2025-09-24,19.78,57.3,4.36,1.4965305263157893,12.3,52,138.36
PLT-02168,2025-10-18,23.76,67.3,6.0,1.59,13.4,45,292.28
PLT-04746,2025-02-28,13.85,65.2,6.28,1.33,14.8,51,180.55
PLT-00821,2025-02-12,22.35,71.1,6.73,0.95,17.7,55,101.02
PLT-01227,2025-01-19,20.07,68.4,5.58,1.05,13.5,49,328.28
PLT-03186,2025-03-17,18.22,69.7,6.8,1.78,16.6,50,202.47
PLT-04891,2025-05-13,17.48,49.1,7.35,1.32,13.0,51,50.0
PLT-02958,2025-06-16,17.02,66.4,6.08,1.74,11.6,57,278.24
PLT-04503,2025-03-25,23.23,67.5,6.03,1.28,16.2,49,239.86
PLT-04314,2025-03-23,19.81,59.0,6.2,1.49,14.3,56,313.13
PLT-04146,2025-01-25,16.78,56.7,6.59,1.8,14.9,45,150.02
PLT-01144,2025-11-20,21.39,62.0,4.32,1.37,11.8,55,211.87
PLT-00398,2025-03-04,21.57,68.0,5.1,1.87,14.2,52,317.77
PLT-04244,2025-03-21,16.62,89.5,5.89,2.07,15.9,45,50.0
PLT-04346,2025-10-10,23.93,59.8,3.95,1.35,13.7,56,121.84
PLT-04420,2025-11-14,17.47,69.8,6.02,1.54,10.1,45,123.29
PLT-01399,2025-05-28,17.46,62.8,5.85,1.92,15.9,53,268.04
PLT-01660,2025-12-29,22.04,65.8,6.97,1.76,13.2,51,321.25
PLT-00980,2025-10-27,22.47,70.8,5.8,1.19,14.5,46,238.48
PLT-01299,2025-10-20,25.04,63.6,6.28,1.63,9.7,52,50.0
PLT-03661,2025-01-22,22.35,51.1,5.67,1.97,11.0,52,50.0
PLT-00083,2025-07-27,17.48,73.6,6.26,1.05,15.6,47,136.12
PLT-02226,2025-05-26,19.58,73.2,5.61,2.15,12.5,53,164.25
PLT-02506,2025-03-23,22.73,57.5,6.45,1.17,11.5,48,135.63
PLT-04317,2025-07-23,19.34,48.6,6.39,1.24,13.1,57,50.0
PLT-04709,2025-11-13,18.19,54.1,6.31,2.04,15.0,50,103.62
PLT-04099,2025-10-10,17.81,61.7,5.39,1.76,12.4,52,308.4
PLT-00424,2025-11-07,22.49,49.4,6.02,1.59,19.9,59,50.0
PLT-04384,2025-09-19,19.66,64.1,5.06,2.08,12.7,55,314.09
PLT-01905,2025-11-28,15.67,64.8,6.96,1.4965305263157893,8.0,49,50.0
PLT-04057,2025-07-22,18.09,71.0,4.28,1.66,14.1,49,196.62
PLT-03166,2025-02-04,15.52,87.3,7.49,1.92,16.1,58,50.0
PLT-01566,2025-08-03,18.32,61.7,5.44,1.62,10.9,45,238.18
PLT-03424,2025-12-23,20.39,59.1,5.62,1.04,14.0,55,273.01
PLT-00840,2025-05-02,20.14,76.9,6.59,1.62,15.0,54,50.0
PLT-00501,2025-09-04,15.32,55.0,5.68,2.03,17.1,58,50.0
PLT-00142,2025-08-29,20.76,71.0,6.03,1.44,12.3,46,232.11
PLT-01378,2025-09-24,21.44,64.0,5.75,1.59,12.8,52,329.5
PLT-03771,2025-01-28,19.16,69.3,6.27,1.39,10.6,48,175.82
PLT-02571,2025-08-08,18.38,71.9,6.03,1.49,13.8,52,272.13
PLT-01139,2025-04-21,18.96,54.1,5.98,1.08,14.4,47,115.3
PLT-02595,2025-06-30,21.83,63.3,6.53,1.97,15.9,52,286.68
PLT-01788,2025-04-27,19.1,59.4,4.91,1.37,17.2,50,161.39
PLT-02616,2025-04-23,20.93,46.3,5.43,1.72,12.4,57,50.0
PLT-00551,2025-08-12,24.2,75.3,6.8,1.42,14.0,55,50.0
PLT-03163,2025-03-03,18.2,58.6,6.93,1.91,14.7,56,242.47
PLT-02020,2025-07-25,17.88,54.8,6.03,1.49,15.2,59,146.92
PLT-00949,2025-01-04,13.94,67.9,7.21,1.17,14.4,54,141.41
PLT-02304,2025-10-13,21.52,51.2,6.59,1.46,18.2,57,50.0
PLT-00533,2025-07-15,19.84,63.1,7.87,1.81,14.6,53,249.75
PLT-01830,2025-06-03,18.46,46.3,6.03,1.63,15.8,58,50.0
PLT-04848,2025-07-16,17.44,64.0,7.77,1.4965305263157893,15.7,56,197.61
PLT-04463,2025-06-17,19.65,67.5,5.36,2.03,13.2,50,313.03
PLT-03948,2025-09-29,17.35,89.5,5.83,2.01,14.2,55,50.0
PLT-01603,2025-05-04,17.94,57.0,5.32,1.69,13.3,52,199.47
PLT-00640,2025-06-22,21.25,56.3,5.78,1.39,14.3,54,204.66
PLT-04882,2025-07-22,21.93,58.6,7.29,1.98,17.1,54,98.72
PLT-00968,2025-03-16,20.99,70.4,5.96,1.47,11.6,54,210.35
PLT-04282,2025-07-16,17.18,66.6,6.79,1.8,11.3,51,239.67
PLT-02678,2025-01-03,21.98,55.1,6.62,0.86,15.4,50,116.57
PLT-01684,2025-11-22,21.25,46.4,6.03,1.79,16.8,54,50.0
PLT-04516,2025-03-02,23.36,71.4,6.03,1.79,14.8,50,163.92
PLT-04545,2025-03-28,15.87,61.3,8.13,1.32,15.2,48,126.19
PLT-00156,2025-08-31,18.82,62.2,7.06,1.61,9.1,59,60.45
PLT-02535,2025-08-02,19.42,76.3,5.65,1.14,15.2,45,58.48
PLT-03705,2025-11-03,21.21,58.7,6.95,1.24,11.7,49,169.31
PLT-01090,2025-11-18,15.57,62.0,5.83,1.32,16.0,49,223.76
PLT-02708,2025-07-05,23.06,65.8,6.03,1.74,18.0,55,164.9
PLT-04285,2025-10-16,24.82,70.0,6.03,1.67,8.1,57,50.0
PLT-00289,2025-04-09,20.61,58.8,6.56,1.61,11.7,51,239.12
PLT-00931,2025-08-24,23.04,76.1,5.75,1.54,9.9,45,50.0
PLT-02585,2025-04-29,18.53,51.3,5.81,1.2,12.8,51,50.0
PLT-02306,2025-09-21,17.86,80.1,4.27,1.8,15.9,55,50.0
PLT-03440,2025-06-14,25.64,48.4,6.47,1.65,14.2,46,50.0
PLT-04134,2025-12-08,27.68,73.4,6.11,1.4,15.2,59,50.0
PLT-03358,2025-01-30,19.86,79.7,5.96,1.61,17.4,49,50.0
PLT-00943,2025-10-16,21.49,96.6,6.45,1.23,12.6,55,50.0
PLT-03935,2025-08-23,25.23,56.5,5.31,1.2,14.5,59,71.34
PLT-04710,2025-07-26,20.01,50.7,5.21,1.67,12.1,54,50.0
PLT-01699,2025-07-11,17.46,50.9,5.06,0.75,13.7,48,50.0
PLT-04757,2025-03-22,21.83,56.4,6.72,1.79,15.3,50,155.55
PLT-03017,2025-11-21,20.89,59.3,4.82,1.12,14.0,48,249.38
PLT-03648,2025-07-02,12.15,68.5,7.18,1.47,10.7,47,50.0
PLT-03913,2025-02-23,22.99,58.7,5.98,1.4965305263157893,12.3,49,182.17
PLT-00986,2025-07-31,18.34,72.8,6.08,1.58,11.6,51,204.19
PLT-02828,2025-12-30,25.3,76.2,6.0,1.6,12.0,49,50.0
PLT-02232,2025-04-18,18.46,65.4,6.76,1.48,13.2,53,342.13
PLT-02268,2025-02-05,21.05,71.4,6.74,1.39,14.6,59,272.9
PLT-04827,2025-12-13,20.71,67.2,5.17,1.5,11.7,47,281.66
PLT-00982,2025-11-22,20.05,60.4,5.09,1.32,14.4,49,281.45
PLT-03408,2025-06-03,16.77,62.2,4.79,1.51,11.2,57,181.25
PLT-04528,2025-04-20,17.73,69.4,7.81,1.65,14.7,59,224.47
PLT-03226,2025-05-16,17.49,64.2,6.09,2.11,15.1,55,320.66
PLT-03002,2025-01-16,21.77,74.2,5.77,1.34,11.4,52,103.95
PLT-04588,2025-03-13,20.17,63.0,6.74,1.4965305263157893,15.7,55,322.01
PLT-03920,2025-10-04,15.8,80.5,6.48,2.02,16.6,58,50.0
PLT-01458,2025-03-27,22.68,64.3,5.86,1.4965305263157893,15.1,51,315.24
PLT-01396,2025-09-07,18.97,60.4,6.03,1.82,16.0,47,267.14
PLT-00265,2025-10-31,21.28,52.1,5.96,1.45,14.2,45,50.0
PLT-02441,2025-04-09,28.81,77.7,6.25,1.5,11.9,53,50.0
PLT-00930,2025-09-21,13.6,61.7,5.53,1.4965305263157893,13.9,48,102.54
PLT-03124,2025-10-11,11.3,68.4,5.84,1.52,12.8,56,50.0
PLT-03571,2025-10-09,13.77,72.3,6.03,1.4965305263157893,11.9,54,50.0
PLT-00247,2025-07-18,12.54,60.9,6.41,1.75,18.1,46,50.0
PLT-03663,2025-07-10,17.7,61.1,6.43,1.93,13.1,53,261.65
PLT-04915,2025-04-28,21.33,51.1,5.47,1.79,12.6,59,50.0
PLT-02868,2025-07-22,20.25,67.3,6.15,1.97,14.9,53,344.45
PLT-00924,2025-05-26,24.06,69.1,6.28,0.99,12.9,57,214.61
PLT-02390,2025-10-03,17.01,68.6,6.06,1.8,13.1,53,265.04
PLT-00269,2025-06-09,19.13,60.8,6.19,1.91,15.1,54,346.63
PLT-00670,2025-08-15,18.32,58.8,6.06,1.93,13.8,49,265.16
PLT-04936,2025-01-08,16.29,55.6,6.55,1.63,13.8,47,110.49
PLT-03047,2025-02-10,19.29,79.4,5.97,1.4965305263157893,10.2,47,50.0
PLT-01153,2025-01-29,23.75,55.1,5.17,1.76,11.2,47,50.0
PLT-04867,2025-04-20,23.31,78.6,5.56,1.88,12.7,52,50.0
PLT-03524,2025-06-24,22.57,53.7,4.77,1.19,15.8,59,50.0
PLT-04513,2025-01-23,17.53,61.6,7.41,1.29,11.8,57,204.7
PLT-03964,2025-12-24,21.55,34.7,7.41,1.16,14.9,57,50.0
PLT-04529,2025-06-26,20.67,56.6,6.58,1.15,15.2,50,205.62
PLT-03044,2025-06-12,20.1,67.8,5.79,1.4,11.4,46,260.23
PLT-01916,2025-06-01,18.59,50.1,4.84,1.46,12.5,54,50.0
PLT-02451,2025-09-17,20.92,50.1,6.69,1.35,14.3,50,50.0
PLT-04125,2025-11-09,17.42,58.1,6.31,1.64,14.0,59,260.24
PLT-01899,2025-07-21,24.41,74.9,6.75,1.29,14.8,58,59.16
PLT-01650,2025-07-07,18.32,58.6,6.2,1.4,15.0,54,267.94
PLT-02499,2025-04-27,23.08,75.4,6.54,1.58,14.8,52,90.73
PLT-00259,2025-09-09,18.24,50.6,7.39,1.1,16.1,56,50.0
PLT-00848,2025-11-22,18.1,62.1,4.57,1.31,13.6,59,292.96
PLT-04296,2025-01-29,19.53,72.3,6.49,1.41,17.6,51,107.03
PLT-01234,2025-04-24,22.09,57.7,6.36,1.15,14.3,50,232.82
PLT-01128,2025-05-14,20.66,56.8,7.13,0.79,9.5,52,50.0
PLT-01968,2025-09-18,19.23,66.4,5.88,1.43,12.2,47,322.45
PLT-00559,2025-12-27,16.92,90.8,5.55,1.83,15.9,48,50.0
PLT-03983,2025-04-04,26.41,63.1,5.18,1.4,15.1,59,140.68
PLT-00485,2025-01-10,20.69,57.5,6.03,0.8,10.5,53,81.77
PLT-01321,2025-02-09,19.81,55.1,5.41,1.3,14.4,57,169.53
PLT-02575,2025-09-13,14.58,61.4,5.38,1.71,10.8,59,97.19
PLT-00008,2025-04-13,18.33,57.1,7.4,1.62,13.2,57,154.04
PLT-04408,2025-09-02,20.1,75.7,6.23,1.49,13.7,52,140.61
PLT-03255,2025-08-21,22.46,66.6,5.44,1.35,19.4,45,50.0
PLT-01451,2025-01-26,15.31,76.8,6.44,1.55,12.6,53,50.0
PLT-04059,2025-04-15,25.61,72.7,4.8,1.18,11.8,47,50.0
PLT-01815,2025-03-21,21.27,70.7,4.71,1.75,15.4,49,212.54
PLT-00774,2025-02-23,20.37,86.5,5.44,1.44,14.0,45,50.0
PLT-01012,2025-11-17,19.02,46.8,6.36,1.41,14.9,46,50.0
PLT-03146,2025-08-15,21.21,62.9,5.51,1.77,14.0,54,348.56
PLT-02816,2025-05-06,21.38,68.6,4.79,1.53,15.7,47,259.18
PLT-01992,2025-05-01,22.35,80.9,5.68,1.5,12.0,51,50.0
PLT-01278,2025-01-07,20.84,65.4,5.42,1.22,11.6,57,279.62
PLT-01784,2025-01-09,16.31,70.2,6.35,1.4965305263157893,12.8,45,215.74
PLT-03169,2025-02-19,17.85,73.4,5.32,1.27,10.3,53,50.0
PLT-00447,2025-01-01,18.75,65.1,4.72,1.35,17.6,50,160.64
PLT-00881,2025-07-26,23.58,61.8,6.37,1.15,11.5,46,209.91
PLT-04505,2025-10-18,22.59,61.7,5.73,1.58,10.5,45,161.36
PLT-00782,2025-07-26,20.15,65.2,5.47,1.38,13.8,54,372.54
PLT-01750,2025-06-11,17.36,59.0,6.73,1.41,11.8,51,202.24
PLT-03457,2025-11-20,19.35,62.8,7.61,1.35,16.5,52,186.88
PLT-04932,2025-12-30,22.0,65.9,6.34,1.75,17.4,50,221.47
PLT-00884,2025-02-25,21.77,58.1,7.24,1.4965305263157893,12.5,50,161.03
PLT-03775,2025-11-06,22.06,66.2,6.69,1.02,15.7,52,327.57
PLT-01092,2025-01-05,23.58,61.7,5.81,1.88,18.0,50,112.13
PLT-02998,2025-02-01,17.95,48.7,6.03,1.35,17.3,47,50.0
PLT-00532,2025-04-15,21.25,72.7,6.23,1.27,11.1,58,143.43
PLT-04101,2025-07-08,20.54,65.4,6.14,1.78,14.3,51,342.26
PLT-04245,2025-02-12,16.53,51.0,5.74,1.4965305263157893,13.8,46,50.0
PLT-04140,2025-12-09,17.85,58.9,6.87,1.62,16.3,58,196.59
PLT-01728,2025-10-12,23.17,54.8,5.77,1.14,11.7,51,50.0
PLT-00611,2025-10-10,25.92,56.6,6.29,1.27,12.5,59,50.0
PLT-00571,2025-03-17,18.22,86.9,6.61,1.16,17.1,49,50.0
PLT-04441,2025-09-21,19.96,58.9,6.99,1.83,12.0,51,197.33
PLT-04093,2025-04-13,21.65,63.1,5.06,1.96,14.3,47,313.56
PLT-00344,2025-04-09,23.95,55.5,5.6,1.22,11.4,52,50.0
PLT-03270,2025-09-24,22.56,65.0,5.62,1.55,12.3,46,293.13
PLT-03204,2025-12-14,20.12,63.2,5.02,1.95,14.2,57,326.01
PLT-00435,2025-10-02,17.79,62.8,5.9,1.45,14.5,57,331.39
PLT-01904,2025-12-19,17.15,49.8,5.52,1.4,14.1,59,50.0
PLT-03878,2025-10-05,18.11,59.1,5.82,1.51,12.7,54,265.88
PLT-03286,2025-03-31,18.51,69.1,6.47,1.52,11.3,50,237.08
PLT-02070,2025-10-16,20.45,58.6,5.54,1.31,15.6,57,250.41
PLT-01538,2025-12-10,19.68,60.9,5.62,1.46,15.4,45,287.57
PLT-02296,2025-05-10,24.43,54.6,5.73,1.45,15.8,45,50.0
PLT-02989,2025-05-09,22.09,73.8,5.36,1.98,12.2,59,169.4
PLT-01518,2025-06-26,15.9,73.5,5.39,1.8,14.0,52,134.37
PLT-00966,2025-11-18,15.58,61.9,6.48,1.84,16.2,57,182.95
PLT-04451,2025-02-06,18.12,63.4,6.89,1.5,12.0,53,274.5
PLT-00529,2025-04-03,26.26,67.4,6.52,1.91,12.1,56,85.09
PLT-00177,2025-05-01,17.53,58.7,6.87,1.87,15.4,54,168.85
PLT-03553,2025-02-23,22.07,67.3,6.2,1.44,17.2,49,244.44
PLT-04734,2025-12-12,19.26,86.1,6.56,1.51,12.2,48,50.0
PLT-00573,2025-10-11,20.24,64.4,5.58,1.98,16.9,51,264.83
PLT-03850,2025-11-27,17.71,68.7,5.51,1.93,11.8,57,252.62
PLT-03860,2025-06-06,17.99,35.3,5.13,1.93,16.3,49,50.0
PLT-02874,2025-11-09,19.87,56.1,5.53,1.98,18.2,45,50.0
PLT-03278,2025-04-18,22.17,58.8,7.13,1.23,13.6,54,239.78
PLT-02634,2025-08-12,14.07,67.2,5.74,1.68,13.9,55,173.59
PLT-02209,2025-06-19,19.66,71.6,6.17,1.77,13.6,56,279.66
PLT-02615,2025-06-23,14.32,62.3,5.26,1.95,15.7,49,128.01
PLT-02811,2025-09-18,23.37,68.4,6.14,1.5,16.7,45,197.25
PLT-00384,2025-01-20,20.47,72.2,4.63,1.64,11.5,46,124.93
PLT-00853,2025-12-12,18.98,77.7,5.57,1.63,14.4,48,50.0
PLT-01881,2025-12-22,22.16,59.1,6.66,1.8,14.5,46,240.14
PLT-00371,2025-09-03,16.88,74.3,4.64,1.17,13.0,54,79.27
PLT-02423,2025-11-12,23.48,80.2,6.39,1.51,14.2,56,50.0
PLT-04368,2025-04-08,22.22,62.4,6.03,1.09,16.6,53,198.37
PLT-01106,2025-05-16,22.55,62.4,5.63,2.08,11.3,57,214.39
PLT-04236,2025-07-12,20.17,67.1,6.12,1.53,16.1,50,317.72
PLT-04024,2025-06-09,22.09,67.2,7.05,1.67,13.5,51,275.56
PLT-01337,2025-11-22,18.18,43.1,3.86,1.97,13.5,54,50.0
PLT-02190,2025-02-05,13.74,71.0,5.77,1.2,11.7,59,50.0
PLT-04640,2025-11-08,23.09,73.6,6.15,1.48,15.8,56,128.17
PLT-03611,2025-05-03,17.29,56.7,6.34,1.19,12.2,51,162.85
PLT-04898,2025-03-05,17.58,66.6,5.74,1.13,12.0,52,293.22
PLT-01172,2025-11-09,18.17,75.5,6.2,1.37,14.6,49,118.87
PLT-02645,2025-09-15,17.69,76.1,5.88,1.41,13.7,57,100.15
PLT-04004,2025-09-09,16.6,76.1,6.97,1.32,15.5,50,50.0
PLT-01423,2025-12-20,21.48,75.5,5.06,1.52,15.2,59,104.71
PLT-02648,2025-10-10,18.15,75.3,6.47,1.58,14.4,45,127.16
PLT-04488,2025-05-09,20.71,66.7,6.03,1.45,17.1,45,273.67
PLT-04198,2025-06-18,23.93,62.2,6.19,1.51,17.8,50,109.33
PLT-01465,2025-06-25,21.48,78.3,6.39,1.21,16.9,51,50.0
PLT-00875,2025-09-14,20.48,65.7,6.14,1.65,15.5,55,369.68
PLT-03594,2025-07-10,20.19,74.8,5.84,1.4965305263157893,13.1,57,165.62
PLT-04385,2025-06-25,23.26,64.2,7.68,1.51,13.6,50,209.6
PLT-01252,2025-11-17,22.87,69.0,5.27,1.56,14.3,49,240.88
PLT-02707,2025-04-11,18.77,54.9,5.12,1.74,15.2,53,103.68
PLT-00841,2025-02-20,25.69,75.2,5.53,1.44,10.0,46,50.0
PLT-03133,2025-10-02,22.39,64.6,4.73,1.4,14.0,59,297.75
PLT-00582,2025-02-22,25.86,68.5,6.85,1.31,13.4,51,151.96
PLT-00205,2025-07-06,16.61,68.2,5.63,1.29,12.2,53,256.21
PLT-01642,2025-12-29,16.6,65.2,7.6,1.52,14.0,55,241.1
PLT-02015,2025-09-02,13.85,63.8,4.61,1.7,14.4,57,124.4
PLT-00906,2025-04-29,19.54,66.5,6.64,1.45,16.4,49,282.09
PLT-00632,2025-07-01,19.56,68.0,6.03,1.4965305263157893,11.2,46,241.38
PLT-04011,2025-06-04,19.4,78.2,6.03,1.15,14.4,49,50.0
PLT-01975,2025-04-28,18.0,63.7,5.38,1.89,11.9,49,262.13
PLT-00163,2025-05-14,20.26,76.2,6.66,1.57,13.7,52,98.31
PLT-03317,2025-07-21,18.24,68.7,5.74,1.29,13.2,56,319.04
PLT-04530,2025-12-28,14.16,51.9,6.03,1.28,14.4,53,50.0
PLT-04541,2025-02-08,21.42,74.5,7.13,1.56,14.6,55,146.07
PLT-00618,2025-05-16,21.71,76.6,5.22,0.98,12.7,48,50.0
PLT-01432,2025-11-07,21.68,77.0,5.69,1.38,13.4,45,60.44
PLT-00548,2025-06-01,15.36,76.4,5.4,1.75,13.3,54,50.0
PLT-03403,2025-12-10,21.25,75.0,5.85,1.88,13.0,47,113.04
PLT-04592,2025-10-16,25.92,65.6,6.25,1.69,13.3,49,185.05
PLT-04267,2025-11-27,22.9,75.8,5.53,1.4965305263157893,14.0,47,106.81
PLT-03932,2025-01-06,21.38,48.3,5.89,1.51,17.5,48,50.0
PLT-02719,2025-12-25,20.5,72.8,7.33,1.76,15.2,49,183.81
PLT-04772,2025-03-02,20.79,50.0,6.47,1.52,12.6,50,50.0
PLT-04123,2025-11-22,16.51,70.4,6.03,1.84,17.0,59,172.97
PLT-01862,2025-07-27,24.85,62.1,7.48,1.6,12.3,59,154.77
PLT-00641,2025-05-21,14.67,71.1,6.82,1.54,14.7,50,107.49
PLT-03049,2025-12-04,16.69,59.4,5.76,1.44,14.4,56,263.26
PLT-00638,2025-02-08,19.77,74.4,6.21,1.46,17.0,59,106.45
PLT-04904,2025-08-02,21.63,63.6,5.26,1.35,16.5,59,279.97
PLT-04800,2025-04-30,24.09,81.1,6.17,1.6,15.7,46,50.0
PLT-03048,2025-11-03,19.64,67.8,7.15,1.08,17.0,52,201.02
PLT-02097,2025-04-12,22.98,65.5,6.13,1.5,16.5,57,241.23
PLT-02527,2025-11-10,19.18,66.0,5.98,1.02,12.0,55,277.34
PLT-03139,2025-11-16,21.93,81.9,7.11,1.22,12.5,58,50.0
PLT-03748,2025-12-27,21.38,69.0,7.03,1.33,13.0,49,287.57
PLT-02900,2025-06-18,20.14,72.8,7.9,1.89,19.1,52,50.0
PLT-00922,2025-08-21,20.92,71.6,6.92,1.9,12.6,51,210.06
PLT-00547,2025-04-06,22.74,62.8,6.03,1.49,18.1,53,132.56
PLT-03740,2025-01-28,22.42,55.8,5.83,1.48,14.6,49,158.57
PLT-01901,2025-02-04,16.89,57.2,5.4,1.06,16.2,55,141.79
PLT-02029,2025-08-05,21.98,68.9,5.41,1.73,10.9,54,203.99
PLT-02302,2025-10-18,26.97,66.8,6.01,1.32,14.8,48,103.24
PLT-01886,2025-07-02,20.11,67.7,5.28,1.25,12.0,59,300.35
PLT-04399,2025-09-05,22.19,64.0,6.42,1.38,12.4,55,307.11
PLT-04859,2025-03-15,18.67,62.6,6.37,1.44,12.5,52,310.67
PLT-02098,2025-01-19,24.12,62.6,6.8,1.71,18.9,46,50.0
PLT-04402,2025-02-12,22.06,84.2,5.32,1.74,13.0,57,50.0
PLT-03634,2025-02-22,24.43,59.9,5.84,1.96,11.6,49,114.26
PLT-04540,2025-02-04,20.73,60.9,7.24,1.97,12.9,51,254.86
PLT-03352,2025-10-04,16.56,51.6,6.06,1.52,12.2,57,50.0
PLT-00837,2025-04-03,15.88,57.1,7.15,1.95,13.0,47,86.86
PLT-00602,2025-01-09,18.31,50.4,6.16,1.14,13.4,58,50.0
PLT-02185,2025-06-08,19.12,65.6,6.25,1.89,13.6,57,357.66
PLT-03942,2025-02-19,23.59,58.0,6.0,1.17,14.4,51,170.21
PLT-02529,2025-10-04,17.58,59.3,7.17,1.55,14.1,58,243.54
PLT-04352,2025-08-21,21.55,69.3,6.28,1.31,15.5,48,277.81
PLT-01583,2025-03-30,18.42,61.8,5.51,1.87,10.8,45,184.56
PLT-04311,2025-11-21,22.03,71.6,6.12,1.89,15.7,59,227.97
PLT-03536,2025-12-18,19.68,57.0,7.2,1.37,15.6,45,184.64
PLT-03227,2025-12-28,19.82,67.1,7.21,1.57,16.0,57,286.03
PLT-01071,2025-04-14,18.9,63.5,5.88,1.33,14.6,50,349.13
PLT-01776,2025-01-15,21.97,61.6,5.74,1.3,14.5,54,322.37
PLT-04858,2025-06-20,20.27,63.0,5.73,1.61,16.1,51,306.26
PLT-01284,2025-05-27,20.89,70.7,5.24,1.75,9.6,52,79.25
PLT-03113,2025-10-08,15.29,49.9,7.79,1.06,14.8,57,50.0
PLT-04803,2025-06-25,16.88,79.2,5.35,1.4965305263157893,14.6,58,50.0
PLT-01837,2025-05-02,18.64,68.6,7.46,2.01,11.9,57,195.63
PLT-04287,2025-03-25,23.62,72.0,6.77,1.21,10.8,51,90.03
PLT-01020,2025-04-05,20.48,71.4,5.63,1.82,13.5,53,279.83
PLT-03272,2025-11-29,24.5,57.6,5.57,2.04,14.2,58,154.26
PLT-01327,2025-10-05,23.44,83.5,5.37,1.47,14.7,54,50.0
PLT-00476,2025-12-07,24.31,67.7,6.43,1.78,12.6,57,229.71
PLT-03517,2025-07-11,19.34,67.2,5.86,1.44,15.2,54,321.16
PLT-01652,2025-05-13,22.09,50.8,7.71,1.36,15.4,52,50.0
PLT-04078,2025-11-23,25.54,54.8,6.72,1.81,15.2,59,50.0
PLT-04330,2025-06-03,17.15,70.0,5.62,1.34,18.1,57,99.64
PLT-04484,2025-11-06,20.24,71.3,6.15,1.24,16.1,48,223.24
PLT-02524,2025-04-07,17.45,68.9,6.64,0.89,13.0,56,284.5
PLT-02635,2025-07-22,18.29,73.5,5.75,1.4965305263157893,16.5,58,141.98
PLT-01374,2025-10-19,18.57,70.7,6.59,1.34,13.9,58,274.82
PLT-00740,2025-04-09,24.89,54.8,5.7,1.38,13.2,57,50.0
PLT-03692,2025-11-21,21.85,79.2,5.87,1.8,12.2,56,50.0
PLT-04785,2025-12-23,23.53,48.3,4.89,1.4,8.4,52,50.0
PLT-00868,2025-04-17,21.65,70.6,7.4,1.3,16.2,45,170.51
PLT-01141,2025-11-12,19.21,53.8,7.72,1.52,14.1,48,50.0
PLT-00998,2025-05-19,19.02,74.6,5.41,1.38,14.8,52,185.54
PLT-01338,2025-05-26,19.59,50.8,5.77,1.37,11.7,48,50.0
PLT-00542,2025-07-11,21.43,81.6,7.21,1.68,15.8,45,50.0
PLT-01100,2025-08-16,17.33,61.1,7.58,1.1,12.0,45,172.05
PLT-01133,2025-10-29,19.74,82.6,3.67,1.68,12.9,58,50.0
PLT-04902,2025-05-23,22.71,80.9,6.53,1.4,13.6,59,50.0
PLT-04899,2025-11-23,19.35,71.9,7.05,1.32,14.4,56,245.7
PLT-04066,2025-07-16,17.02,62.9,6.59,1.42,16.3,50,209.49
PLT-00060,2025-07-25,16.5,61.0,5.85,1.9,15.6,57,274.61
PLT-02943,2025-04-26,13.38,60.6,7.1,1.85,14.4,52,69.82
PLT-01939,2025-08-13,20.08,66.0,6.36,1.58,16.6,59,302.23
PLT-02628,2025-10-29,18.43,66.8,6.61,1.41,15.0,49,328.3
PLT-04987,2025-02-21,22.67,78.0,7.49,1.95,15.5,57,50.0
PLT-01079,2025-04-21,19.98,60.7,5.32,1.18,13.8,59,344.13
PLT-02978,2025-11-12,21.55,69.3,5.76,1.67,13.3,56,308.57
PLT-04881,2025-01-14,22.68,61.3,5.24,1.1,12.4,45,202.24
PLT-02536,2025-07-19,21.62,85.6,5.96,1.94,14.1,49,50.0
PLT-00941,2025-12-31,18.13,63.6,5.44,1.68,16.7,48,258.29
PLT-00188,2025-08-22,19.79,71.4,6.67,1.21,16.2,51,193.64
PLT-02687,2025-08-07,24.55,70.2,6.44,1.88,14.2,57,211.27
PLT-02086,2025-03-30,18.43,61.9,6.43,1.32,13.4,47,275.7
PLT-02250,2025-03-26,21.62,59.6,7.4,1.64,13.4,49,223.17
PLT-04941,2025-12-06,24.91,71.9,6.01,1.35,10.7,59,53.75
PLT-02024,2025-08-30,21.96,74.8,5.5,1.23,15.9,57,88.65
PLT-03783,2025-11-09,24.43,66.8,5.38,1.23,13.2,52,235.63
PLT-01493,2025-11-07,18.2,60.8,6.49,1.96,12.3,45,243.01
PLT-03680,2025-08-29,21.8,49.9,6.76,1.02,13.5,55,50.0
PLT-00227,2025-10-21,19.72,62.1,6.86,1.77,13.8,56,337.37
PLT-03371,2025-03-16,22.17,54.6,6.97,1.71,16.8,58,50.0
PLT-03642,2025-10-02,21.53,61.3,6.82,1.53,16.0,58,282.22
PLT-04535,2025-08-01,21.07,76.7,6.83,1.52,16.8,51,50.0
PLT-01405,2025-06-03,18.75,64.1,4.44,1.35,13.5,52,276.72
PLT-02180,2025-09-20,20.93,62.7,5.97,1.28,13.7,53,349.24
PLT-00698,2025-08-08,12.19,64.7,5.5,2.04,15.4,54,50.0
PLT-01125,2025-11-26,21.76,70.6,5.46,1.59,16.4,54,238.41
PLT-02891,2025-03-27,16.04,50.2,5.41,1.87,11.7,52,50.0
PLT-02979,2025-09-25,17.06,61.8,7.11,1.82,17.9,57,131.16
PLT-01779,2025-07-25,17.31,70.7,7.19,0.94,17.1,57,101.32
PLT-02918,2025-05-24,19.35,71.1,6.33,1.12,17.7,58,157.1
PLT-01038,2025-08-17,20.81,78.4,7.34,1.33,16.7,56,50.0
PLT-04218,2025-04-10,14.67,46.2,6.03,1.46,16.3,48,50.0
PLT-02257,2025-10-07,21.5,66.2,5.68,1.4,14.8,51,329.72
PLT-00314,2025-02-20,21.75,76.6,5.46,1.16,13.5,52,76.02
PLT-02282,2025-01-05,19.39,64.5,6.52,0.97,11.8,49,281.18
PLT-01417,2025-10-18,20.73,81.6,4.88,1.36,11.9,45,50.0
PLT-01037,2025-12-27,18.8,68.8,6.23,1.28,15.1,59,323.47
PLT-02160,2025-10-02,17.82,83.3,4.98,1.59,14.9,45,50.0
PLT-04206,2025-01-03,19.83,82.1,4.96,1.73,11.9,53,50.0
PLT-03177,2025-07-20,17.56,35.3,4.87,1.35,13.2,59,50.0
PLT-04304,2025-03-03,14.34,70.2,4.53,1.16,14.7,53,62.78
PLT-02752,2025-01-30,27.5,52.9,7.56,1.29,14.7,52,50.0
PLT-03274,2025-02-15,23.08,58.2,6.59,1.27,13.4,56,200.34
PLT-03414,2025-09-19,18.57,82.8,5.57,1.57,13.5,58,50.0
PLT-03500,2025-03-11,23.06,61.5,6.48,1.18,15.3,52,275.47
PLT-01507,2025-11-14,21.53,58.3,4.89,0.74,13.3,47,184.15
PLT-01924,2025-08-16,18.55,74.9,7.09,1.8,13.2,46,103.14
PLT-00449,2025-10-17,16.79,44.6,6.3,1.15,12.6,53,50.0
PLT-02489,2025-06-30,16.4,84.7,6.08,1.75,17.5,54,50.0
PLT-02577,2025-11-25,19.86,65.9,4.71,1.18,16.3,45,253.12
PLT-04991,2025-05-06,22.45,63.5,5.03,1.59,14.3,48,287.09
PLT-00362,2025-04-24,21.41,64.7,6.34,1.54,10.9,55,263.82
PLT-02184,2025-02-08,23.36,64.9,8.16,1.55,15.3,48,131.22
PLT-01135,2025-08-06,22.85,47.8,6.62,0.93,11.2,52,50.0
PLT-03957,2025-11-28,14.87,64.8,6.2,1.74,15.6,58,205.0
PLT-02156,2025-09-28,15.8,45.9,5.94,1.58,14.5,48,50.0
PLT-01831,2025-04-13,20.17,60.5,6.03,1.77,14.8,46,292.03
PLT-01054,2025-10-23,21.14,51.5,5.94,1.96,14.9,52,50.0
PLT-02461,2025-08-19,22.92,81.2,6.43,1.26,14.2,59,50.0
PLT-00023,2025-10-04,19.76,69.3,6.03,1.47,13.6,59,344.71
PLT-02067,2025-11-24,12.13,58.6,4.55,1.67,12.9,54,50.0
PLT-01654,2025-02-14,19.18,63.9,5.43,1.58,14.3,53,353.86
PLT-02639,2025-08-23,22.78,65.1,7.12,1.4965305263157893,18.5,47,64.67
PLT-03277,2025-06-17,20.15,53.2,5.76,2.05,12.0,46,50.0
PLT-03882,2025-03-31,17.23,57.5,6.51,1.12,12.5,53,189.43
PLT-04111,2025-10-06,17.88,61.1,6.97,1.02,15.4,50,232.01
PLT-02469,2025-06-04,18.6,70.3,6.38,1.4965305263157893,12.6,59,295.46
PLT-02326,2025-10-06,20.24,78.1,5.74,1.36,15.2,56,50.0
PLT-00461,2025-12-15,19.48,57.9,6.0,1.29,11.5,52,197.19
PLT-01068,2025-08-13,21.48,57.5,5.84,2.68,13.7,57,165.4
PLT-00088,2025-08-05,21.38,84.0,6.09,1.59,15.1,45,50.0
PLT-01431,2025-02-26,20.14,58.8,6.57,1.66,13.8,50,251.02
PLT-02700,2025-01-20,20.11,71.1,6.03,1.8,13.3,55,284.92
PLT-00283,2025-04-23,25.26,76.6,7.92,1.74,14.4,54,50.0
PLT-02484,2025-03-06,18.36,63.8,7.14,1.23,13.0,46,275.12
PLT-00463,2025-03-17,21.32,65.2,8.1,1.23,13.8,46,203.88
PLT-00213,2025-08-13,20.77,68.3,5.94,1.27,14.7,47,322.19
PLT-03871,2025-05-13,18.36,43.8,7.42,0.97,12.4,48,50.0
PLT-01369,2025-11-06,20.26,75.0,6.93,1.34,16.4,58,70.69
PLT-00235,2025-07-20,18.65,86.2,5.73,1.5,16.3,56,50.0
PLT-02826,2025-06-23,20.11,58.3,5.18,1.4965305263157893,14.8,54,246.64
PLT-00598,2025-11-27,23.57,68.1,6.98,1.43,13.0,50,236.16
PLT-04465,2025-09-09,14.25,69.5,5.22,1.35,14.7,51,100.58
PLT-02251,2025-05-26,22.15,45.2,5.2,1.72,12.7,49,50.0
PLT-04109,2025-09-05,16.27,55.9,6.28,1.34,10.0,54,50.0
PLT-02284,2025-06-09,24.82,69.3,6.62,1.65,13.2,59,207.8
PLT-00663,2025-05-29,19.67,71.7,6.56,1.77,12.7,55,262.79
PLT-02286,2025-09-21,20.87,61.5,5.62,1.24,17.2,58,235.16
PLT-04765,2025-08-12,22.22,61.8,7.58,1.23,15.2,58,232.71
PLT-03259,2025-11-01,26.61,62.8,5.29,1.33,16.4,58,56.99
PLT-02551,2025-01-17,17.68,67.0,4.35,1.67,14.9,56,237.05
PLT-03700,2025-05-27,19.0,60.2,6.26,1.64,15.5,45,275.76
PLT-00780,2025-09-12,23.58,67.1,5.7,1.61,13.2,47,214.77
PLT-04770,2025-06-15,16.54,71.1,7.35,1.27,16.0,57,115.95
PLT-03495,2025-01-05,16.37,69.3,7.22,1.45,12.8,50,172.27
PLT-03354,2025-05-26,18.29,53.2,5.86,1.11,14.3,56,64.63
PLT-03263,2025-10-04,20.01,79.6,5.27,1.48,13.3,55,50.0
PLT-04885,2025-06-04,19.99,70.0,6.1,1.67,11.4,48,214.47
PLT-00686,2025-12-24,19.34,59.3,6.36,1.55,15.1,50,275.87
PLT-03415,2025-11-11,19.1,69.8,6.03,1.76,13.6,46,308.01
PLT-02803,2025-02-04,18.07,73.3,5.75,0.87,17.2,59,121.67
PLT-04473,2025-05-30,19.75,73.2,5.29,1.32,12.7,57,252.63
PLT-02172,2025-06-07,15.83,72.0,6.22,1.21,11.2,49,91.79
PLT-03751,2025-08-17,17.94,74.7,5.06,1.6,11.9,48,61.13
PLT-01851,2025-09-21,17.96,64.3,6.48,1.42,12.9,50,309.93
PLT-00488,2025-04-10,17.38,75.6,5.85,2.17,11.4,48,50.0
PLT-01689,2025-03-01,23.88,46.4,4.82,1.0,14.8,49,50.0
PLT-02231,2025-02-18,20.23,73.2,6.66,1.66,14.9,46,197.62
PLT-04940,2025-05-08,20.04,64.5,4.47,1.09,13.2,46,292.04
PLT-02321,2025-05-16,21.2,56.4,6.48,1.34,8.4,55,50.0
PLT-00783,2025-08-17,20.69,77.3,6.48,1.5,13.0,45,50.0
PLT-00522,2025-09-10,23.18,73.0,5.57,1.6,16.2,58,145.8
PLT-00523,2025-08-30,21.6,50.8,5.61,1.28,13.9,53,50.0
PLT-02896,2025-03-02,18.5,73.0,5.99,1.71,15.5,52,177.82
PLT-04031,2025-04-04,15.73,71.5,5.48,1.63,12.9,53,173.63
PLT-02399,2025-04-05,19.4,72.4,5.69,1.77,12.1,48,207.62
PLT-02208,2025-05-05,22.05,66.9,6.73,1.36,12.4,53,292.79
PLT-03906,2025-10-09,17.91,78.1,6.42,0.83,12.4,52,50.0
PLT-03623,2025-07-03,19.75,57.3,4.95,1.57,15.7,45,171.3
PLT-03811,2025-08-16,14.48,65.1,5.69,1.86,15.1,49,189.03
PLT-02880,2025-05-11,15.56,47.8,6.09,1.22,13.4,54,50.0
PLT-01512,2025-08-24,15.42,55.1,6.34,1.1,15.2,48,50.0
PLT-01883,2025-08-09,18.07,63.9,6.08,1.97,16.5,50,268.3
PLT-00652,2025-07-10,22.67,66.5,6.93,1.25,15.6,45,241.43
PLT-02844,2025-12-02,22.86,57.9,6.47,1.25,14.8,52,196.32
PLT-03814,2025-08-18,18.18,90.2,5.02,1.55,11.9,55,50.0
PLT-00370,2025-10-26,18.88,49.8,7.05,1.55,16.8,58,50.0
PLT-04386,2025-06-15,20.12,65.8,6.24,1.18,13.7,45,351.32
PLT-00119,2025-10-20,18.29,68.9,7.18,1.19,12.2,51,240.03
PLT-03886,2025-01-25,22.11,48.2,5.85,1.32,19.0,48,50.0
PLT-03097,2025-05-14,12.79,56.5,5.42,1.47,14.7,47,50.0
PLT-02217,2025-03-09,18.73,58.2,5.89,1.6,14.3,45,237.96
PLT-03613,2025-01-16,20.35,66.2,4.77,0.9,14.1,50,309.56
PLT-01614,2025-04-24,17.11,60.2,5.11,1.43,15.1,48,222.75
PLT-04074,2025-04-19,19.12,75.3,6.44,2.03,12.8,56,83.39
PLT-00963,2025-02-05,13.47,64.0,4.1,1.59,15.2,46,50.0
PLT-02511,2025-02-11,23.97,66.0,4.28,1.43,13.6,48,184.95
PLT-03618,2025-05-24,17.56,57.8,6.48,1.61,18.7,56,50.0
PLT-02881,2025-03-28,18.54,71.8,6.6,1.42,10.1,56,95.69
PLT-03514,2025-03-16,16.6,60.3,5.41,1.22,15.4,52,227.5
PLT-03095,2025-04-25,17.55,51.6,5.59,1.03,16.1,56,50.0
PLT-02416,2025-04-06,22.78,68.1,6.99,1.35,13.6,45,257.4
PLT-04702,2025-08-23,18.12,63.6,5.46,1.2,13.1,45,309.63
PLT-04281,2025-08-02,20.71,71.7,4.94,1.89,10.7,52,125.7
PLT-02186,2025-03-12,24.36,57.7,6.03,1.4,15.4,57,122.82
PLT-04363,2025-05-30,21.77,75.7,6.59,1.94,10.1,55,50.0
PLT-02568,2025-05-18,21.13,49.8,5.29,1.64,13.0,58,50.0
PLT-02038,2025-12-06,19.45,68.9,6.93,1.43,13.0,46,264.98
PLT-00773,2025-09-25,21.92,61.5,4.58,1.35,12.6,50,227.99
PLT-01285,2025-04-22,16.43,79.9,5.21,1.55,12.6,51,50.0
PLT-04650,2025-12-05,17.23,68.3,5.9,1.04,18.1,58,143.14
PLT-04786,2025-12-06,18.25,60.3,4.71,1.89,13.9,59,276.45
PLT-04622,2025-07-12,25.0,66.0,6.53,1.27,13.8,46,236.78
PLT-01415,2025-01-25,10.98,40.1,6.08,1.64,10.8,47,50.0
PLT-01235,2025-08-10,18.45,63.1,5.67,1.28,14.4,59,346.33
PLT-03478,2025-01-05,22.32,59.3,6.69,1.4965305263157893,14.6,51,235.59
PLT-01675,2025-08-21,15.35,75.5,6.36,1.86,13.0,51,50.0
PLT-00366,2025-05-07,17.31,59.4,5.63,1.65,16.8,57,166.09
PLT-04906,2025-07-28,19.41,64.1,5.36,1.67,11.2,45,257.19
PLT-00232,2025-08-28,23.12,78.4,4.95,1.38,11.2,53,50.0
PLT-04312,2025-11-14,14.85,67.3,3.97,1.99,13.3,51,102.32
PLT-00148,2025-05-23,18.63,78.5,5.5,1.47,14.1,46,50.0
PLT-04444,2025-03-14,19.85,64.1,6.19,0.77,17.3,58,249.01
PLT-00408,2025-11-22,22.14,60.9,6.03,1.4,12.1,58,282.18
PLT-02091,2025-03-18,18.18,68.2,6.49,1.5,13.1,53,316.99
PLT-00087,2025-10-07,18.09,80.3,6.03,1.3,15.3,59,50.0
PLT-00845,2025-06-19,15.37,71.5,6.35,1.28,12.5,57,145.0
PLT-01032,2025-03-01,14.62,65.7,5.17,2.3,18.8,51,50.0
PLT-02684,2025-01-10,20.75,76.6,5.51,1.46,15.1,53,96.61
PLT-04609,2025-12-10,16.08,78.4,6.31,1.26,14.1,45,50.0
PLT-02779,2025-02-16,18.13,65.4,5.99,1.68,19.3,55,60.42
PLT-03296,2025-06-26,24.01,80.6,5.59,1.22,15.4,52,50.0
PLT-02907,2025-03-06,20.21,59.9,6.63,1.53,14.8,58,316.49
PLT-00856,2025-03-19,21.37,58.8,6.09,2.08,11.5,56,217.05
PLT-00079,2025-09-09,16.69,50.8,6.03,1.28,16.3,57,50.0
PLT-02248,2025-10-18,23.76,74.5,4.67,1.4965305263157893,11.8,58,50.0
PLT-04616,2025-11-01,24.1,60.0,6.38,0.87,14.0,46,210.86
PLT-03730,2025-07-20,19.08,51.1,6.06,1.74,17.2,53,50.0
PLT-04088,2025-04-19,22.0,63.1,5.46,1.39,14.7,54,315.81
PLT-02969,2025-06-13,24.17,42.5,6.41,1.29,12.8,45,50.0
PLT-02280,2025-11-12,15.98,82.8,5.61,1.4965305263157893,13.5,59,50.0
PLT-02650,2025-04-05,18.96,64.5,6.09,0.93,13.1,55,356.49
PLT-04202,2025-09-19,18.33,72.2,6.12,1.85,10.7,56,112.8
PLT-03947,2025-06-18,25.04,54.7,5.72,1.58,14.5,54,50.0
PLT-03497,2025-01-20,20.34,86.4,5.01,1.63,16.2,45,50.0
PLT-02177,2025-03-31,19.04,54.3,6.5,1.46,13.9,52,93.59
PLT-00425,2025-11-04,22.7,54.2,6.11,1.42,13.3,52,96.78
PLT-00393,2025-08-03,15.6,81.0,5.84,2.13,14.5,48,50.0
PLT-04775,2025-06-05,17.4,53.8,6.42,1.4965305263157893,16.9,49,50.0
PLT-03484,2025-04-01,22.91,73.1,6.88,1.73,10.9,55,92.91
PLT-00105,2025-06-12,18.84,70.8,6.1,0.83,11.7,52,234.34
PLT-03033,2025-08-01,17.56,66.0,7.57,1.92,14.2,46,225.65
PLT-02623,2025-08-21,15.41,66.2,5.92,1.43,14.1,52,247.35
PLT-03201,2025-06-28,24.77,74.4,5.45,1.45,16.1,59,70.98
PLT-03896,2025-06-24,18.35,55.4,6.0,1.88,16.3,55,117.9
PLT-01949,2025-01-02,16.86,77.7,5.97,1.46,12.1,56,50.0
PLT-01460,2025-09-27,22.1,53.9,5.85,1.68,14.3,52,89.42
PLT-03324,2025-07-20,17.42,59.6,6.63,1.13,16.2,54,195.45
PLT-02861,2025-07-15,22.28,57.1,6.37,1.85,14.3,47,206.26
PLT-02760,2025-12-16,19.41,36.9,5.37,1.63,17.9,52,50.0
PLT-04839,2025-04-24,17.59,57.8,7.24,1.13,13.3,45,149.56
PLT-01588,2025-09-24,18.36,64.5,5.38,1.55,14.6,58,312.99
PLT-03733,2025-07-30,25.08,61.9,6.03,1.91,14.1,52,203.39
PLT-01732,2025-05-10,17.26,51.5,6.32,1.62,13.8,51,50.0
PLT-04814,2025-11-27,16.84,72.5,5.55,1.35,16.2,51,144.92
PLT-03787,2025-05-18,19.6,74.9,6.29,1.52,15.0,58,168.32
PLT-03755,2025-05-17,18.45,71.3,4.21,1.65,12.9,56,188.94
PLT-01792,2025-07-24,19.34,56.5,6.15,1.63,13.5,57,219.84
PLT-02356,2025-11-27,18.02,52.0,7.04,1.41,13.9,54,50.0
PLT-01941,2025-10-09,19.76,57.5,5.73,1.42,13.7,55,251.3
PLT-00703,2025-05-25,24.59,69.2,6.45,0.9,17.5,59,110.02
PLT-02443,2025-11-25,18.71,58.4,6.43,1.29,16.6,54,184.26
PLT-04461,2025-07-07,22.1,80.6,6.29,1.67,16.1,49,50.0
PLT-00497,2025-01-04,17.41,61.8,5.66,0.8,9.5,56,79.92
PLT-00465,2025-05-24,20.69,98.8,7.04,1.09,14.8,49,50.0
PLT-03102,2025-02-15,25.02,75.8,6.37,1.64,13.9,59,50.0
PLT-04378,2025-05-18,19.83,72.1,7.57,1.87,12.7,55,182.33
PLT-00173,2025-08-19,22.8,64.6,5.5,1.92,13.1,57,328.46
PLT-04457,2025-09-15,22.06,54.1,6.24,1.31,11.9,57,88.91
PLT-04846,2025-01-03,21.18,50.7,5.71,1.52,14.1,46,50.0
PLT-02541,2025-03-10,20.6,66.8,5.63,1.35,14.2,50,345.16
PLT-04810,2025-03-18,19.69,94.7,6.26,2.16,12.9,52,50.0
PLT-03011,2025-04-12,19.15,73.5,5.76,1.71,11.2,45,115.98
PLT-02261,2025-03-09,22.48,56.7,6.16,1.26,11.5,45,106.86
PLT-02113,2025-05-23,14.93,60.6,6.58,1.57,14.4,57,185.26
PLT-00901,2025-10-01,21.81,73.7,6.56,1.5,12.7,50,144.56
PLT-01447,2025-09-25,15.29,64.5,6.44,1.05,12.3,53,209.66
PLT-04951,2025-08-03,20.35,61.0,6.28,1.44,12.8,45,302.11
PLT-02294,2025-12-08,23.11,54.2,6.83,1.4,14.2,56,59.23
PLT-02453,2025-02-09,15.81,76.6,7.81,1.46,13.6,58,50.0
PLT-02806,2025-12-15,24.62,61.3,4.82,1.65,14.6,49,172.96
PLT-04129,2025-03-26,17.94,63.7,4.9,1.85,11.8,56,264.07
PLT-01207,2025-05-28,14.93,81.0,4.97,1.4965305263157893,17.7,59,50.0
PLT-00510,2025-04-11,21.01,86.9,6.58,1.58,15.4,58,50.0
PLT-04197,2025-09-08,16.05,51.7,6.04,1.58,17.0,56,50.0
PLT-02673,2025-05-24,18.11,59.7,5.96,1.35,12.8,56,277.91
PLT-02860,2025-01-21,24.08,62.9,6.62,1.87,10.5,58,148.7
PLT-03401,2025-12-31,19.82,60.3,6.29,1.86,14.4,57,304.35
PLT-01550,2025-12-15,20.6,73.7,5.14,1.3,14.9,46,180.92
PLT-03334,2025-12-16,17.49,64.2,5.59,2.24,10.1,49,150.65
PLT-02203,2025-01-26,19.34,61.3,6.91,1.17,17.5,46,158.35
PLT-02567,2025-11-16,21.84,66.4,5.69,1.27,14.3,49,318.79
PLT-02733,2025-08-04,21.51,53.7,5.62,1.89,15.9,48,50.0
PLT-02045,2025-01-08,22.77,70.2,6.88,1.47,16.0,59,216.2
PLT-00768,2025-09-07,15.3,57.6,6.14,1.5,17.9,59,50.0
PLT-03812,2025-07-07,23.98,73.7,5.54,1.93,14.4,54,98.58
PLT-00422,2025-02-16,17.97,60.5,4.94,1.09,12.5,54,255.29
PLT-00124,2025-02-04,16.61,62.2,5.03,1.56,13.1,46,241.07
PLT-04205,2025-09-02,19.93,90.5,6.21,2.06,13.7,59,50.0
PLT-02681,2025-11-16,14.1,62.3,6.11,0.96,15.0,45,153.84
PLT-00820,2025-08-23,20.0,69.2,7.08,1.6,14.4,58,323.26
PLT-01404,2025-07-20,17.85,68.9,5.86,1.95,14.2,52,289.66
PLT-01383,2025-07-06,19.11,52.5,6.35,1.41,13.5,54,50.0
PLT-02149,2025-10-30,24.6,71.6,6.03,1.34,16.8,58,99.0
PLT-01576,2025-05-25,22.04,68.1,5.26,1.5,16.3,58,277.55
PLT-01639,2025-10-31,23.77,67.9,6.03,1.49,15.3,55,294.81
PLT-01796,2025-10-01,22.49,61.6,5.07,1.55,15.4,47,243.37
PLT-04865,2025-12-09,17.01,47.0,7.0,1.24,14.6,56,50.0
PLT-00400,2025-05-05,19.01,66.4,6.13,1.34,12.3,56,345.21
PLT-02311,2025-10-14,19.65,63.9,6.28,1.68,13.0,56,358.36
PLT-00883,2025-05-07,22.19,55.2,7.41,1.41,14.7,59,97.45
PLT-04627,2025-01-25,23.16,80.9,4.54,1.64,13.2,50,50.0
PLT-01353,2025-01-27,19.83,63.1,6.35,1.35,15.2,49,322.23
PLT-04347,2025-09-23,19.78,84.6,5.65,1.69,15.8,48,50.0
PLT-04596,2025-06-24,21.19,72.7,5.91,1.7,13.0,45,213.76
PLT-02131,2025-08-09,16.18,71.5,6.83,1.66,14.5,59,192.08
PLT-00983,2025-04-28,17.07,75.2,5.39,1.35,13.1,59,107.41
PLT-00457,2025-07-08,20.04,67.1,4.62,1.56,11.8,54,235.73
PLT-03602,2025-12-21,23.8,63.4,4.3,1.65,10.0,56,50.0
PLT-01080,2025-06-06,19.35,48.4,6.09,1.7,14.7,47,50.0
PLT-01951,2025-11-21,20.87,78.6,6.04,1.86,15.6,47,50.0
PLT-04359,2025-09-23,20.1,68.7,5.47,1.4965305263157893,17.5,47,150.59
PLT-00690,2025-12-14,16.82,59.1,6.8,1.25,13.2,53,222.84
PLT-02430,2025-05-31,21.2,63.9,6.75,1.39,11.1,59,272.79
PLT-00642,2025-08-30,23.19,64.7,6.73,1.4965305263157893,14.4,51,287.51
PLT-02393,2025-01-25,16.1,64.2,6.1,1.46,14.6,59,292.81
PLT-01954,2025-11-12,20.1,60.0,5.36,1.76,14.3,59,314.92
PLT-03299,2025-12-04,23.66,70.4,6.31,1.96,13.3,48,205.9
PLT-03504,2025-10-31,22.1,51.3,5.59,1.42,14.0,59,50.0
PLT-02711,2025-05-12,21.29,57.9,5.14,1.92,12.9,46,206.86
PLT-03405,2025-03-16,19.93,73.3,5.99,1.39,13.4,45,218.76
PLT-04816,2025-09-13,20.76,69.4,6.6,1.23,14.8,56,336.67
PLT-02991,2025-04-11,20.92,84.9,7.05,1.07,11.6,58,50.0
PLT-01885,2025-11-05,17.43,55.8,5.65,1.28,15.0,53,154.68
PLT-00390,2025-12-20,22.33,57.2,6.41,1.91,10.6,53,93.89
PLT-02495,2025-07-10,17.67,66.4,6.14,1.17,13.7,55,353.26
PLT-03182,2025-01-08,20.38,63.3,6.97,1.67,14.8,47,332.58
PLT-04728,2025-04-02,27.21,66.2,7.46,2.38,15.6,50,50.0
PLT-00846,2025-11-13,18.1,58.2,4.57,1.23,15.1,50,171.59
PLT-00543,2025-08-15,19.99,63.4,4.11,1.38,11.1,59,171.81
PLT-00092,2025-06-06,17.27,61.5,4.95,1.25,16.5,54,196.88
PLT-03967,2025-04-18,22.68,71.5,7.77,1.44,16.8,53,60.26
PLT-01980,2025-11-28,21.15,68.3,5.61,1.62,15.7,54,307.68
PLT-04808,2025-09-12,21.82,79.1,5.97,1.52,14.7,53,50.0
PLT-04727,2025-03-12,25.23,57.2,6.36,1.48,14.5,55,69.02
PLT-03253,2025-12-29,22.59,63.9,6.38,1.92,11.7,53,233.71
PLT-02530,2025-10-11,20.57,73.1,5.1,1.47,12.6,46,181.41
PLT-01677,2025-12-26,23.57,68.8,5.09,1.4,15.7,58,209.3
PLT-01049,2025-05-12,23.11,60.1,6.02,1.42,13.7,55,256.67
PLT-01961,2025-11-22,24.81,70.7,6.38,1.46,14.5,53,202.55
PLT-02531,2025-07-22,18.03,58.5,5.5,1.68,16.6,50,175.11
PLT-04689,2025-07-01,16.29,68.2,4.79,1.46,16.3,48,174.46
PLT-00238,2025-11-22,18.61,59.3,6.81,1.4965305263157893,9.7,53,64.79
PLT-03027,2025-09-22,23.31,57.9,4.56,0.72,16.3,50,75.33
PLT-03559,2025-07-13,19.57,60.2,5.64,2.12,14.5,51,289.63
PLT-01134,2025-12-29,21.64,59.9,6.03,1.49,16.5,59,200.42
PLT-01806,2025-04-12,16.76,73.0,6.13,1.4965305263157893,13.4,55,195.34
PLT-04478,2025-09-17,20.04,64.1,6.96,1.15,14.7,53,315.79
PLT-00164,2025-10-11,11.03,73.1,5.22,1.37,14.0,53,50.0
PLT-03862,2025-08-14,25.4,72.2,6.71,1.61,12.1,54,62.71
PLT-04758,2025-08-06,19.88,57.8,5.46,1.35,19.9,51,50.0
PLT-03412,2025-02-20,19.55,73.5,5.32,1.07,10.3,55,59.07
PLT-04715,2025-11-10,11.68,63.2,6.17,1.46,9.7,58,50.0
PLT-03266,2025-07-02,17.42,86.7,4.79,1.15,17.2,55,50.0
PLT-03708,2025-06-26,17.28,66.8,6.69,1.91,12.7,59,284.04
PLT-04017,2025-08-16,17.15,65.0,7.71,1.35,11.2,59,169.03
PLT-01812,2025-03-17,20.47,60.5,4.56,1.2,14.0,55,262.07
PLT-03174,2025-10-03,21.81,67.2,6.67,1.97,14.9,53,308.27
PLT-03214,2025-09-14,16.35,76.8,5.77,1.85,15.9,53,50.0
PLT-01429,2025-01-17,22.39,77.1,6.93,1.06,15.4,48,50.0
PLT-03687,2025-07-28,20.11,77.9,7.43,1.93,14.6,51,50.0
PLT-02857,2025-12-04,22.36,67.7,6.16,1.04,13.8,58,303.05
PLT-03465,2025-04-09,14.92,77.4,6.37,1.08,9.8,53,50.0
PLT-04506,2025-03-10,19.95,58.9,4.96,2.21,16.8,53,155.9
PLT-04697,2025-11-27,19.32,62.6,6.68,1.84,15.6,59,316.11
PLT-02878,2025-03-23,17.23,67.5,5.47,1.62,15.6,53,285.41
PLT-01453,2025-10-15,24.31,70.4,6.28,1.3,14.4,52,211.86
PLT-00594,2025-06-12,17.11,55.7,5.61,1.35,16.7,48,67.09
PLT-02726,2025-09-30,19.57,53.7,6.66,1.0,12.8,46,70.82
PLT-00042,2025-05-11,25.11,76.7,6.39,1.71,14.0,51,50.0
PLT-00561,2025-09-30,17.11,45.1,6.11,0.97,12.8,47,50.0
PLT-02996,2025-09-03,22.09,65.7,6.61,1.92,12.9,52,315.56
PLT-03104,2025-05-22,17.5,56.6,5.94,1.28,12.9,50,182.88
PLT-00244,2025-05-27,21.35,65.6,5.97,1.39,14.8,50,341.62
PLT-01340,2025-12-07,20.62,65.1,5.51,1.45,13.6,55,378.4
PLT-02837,2025-04-16,19.04,60.8,6.64,1.41,16.2,57,275.89
PLT-03022,2025-10-08,20.41,58.4,6.81,1.7,12.7,52,250.69
PLT-03873,2025-04-06,16.19,79.7,5.51,1.4,16.2,56,50.0
PLT-01443,2025-07-17,25.61,60.1,7.44,1.45,11.8,54,56.48
PLT-00262,2025-04-22,13.85,72.9,7.22,0.94,15.2,54,50.0
PLT-02820,2025-10-07,22.91,53.1,7.15,1.61,16.2,48,50.0
PLT-01690,2025-12-01,21.63,59.9,5.87,1.62,17.0,53,220.15
PLT-01726,2025-02-08,19.79,73.3,5.07,1.38,14.4,59,214.24
PLT-01204,2025-03-25,18.36,58.9,6.89,1.66,13.0,57,246.64
PLT-00835,2025-07-14,23.58,71.9,4.52,1.03,11.3,58,57.24
PLT-01867,2025-10-24,19.25,76.2,7.0,1.69,13.7,45,51.88
PLT-02497,2025-09-13,18.08,68.5,6.23,1.27,13.3,46,294.08
PLT-02011,2025-01-01,19.55,59.1,6.53,1.45,13.4,50,268.56
PLT-00341,2025-10-29,19.58,61.7,6.28,2.01,15.5,48,317.17
PLT-03050,2025-11-10,22.46,62.5,5.06,1.9,12.6,47,229.05
PLT-01602,2025-08-14,18.79,68.7,6.2,0.63,14.7,55,257.65
PLT-03065,2025-03-07,17.24,62.2,6.88,1.16,15.3,59,282.73
PLT-04742,2025-02-23,17.63,71.5,7.16,2.2,15.3,59,195.74
PLT-00481,2025-08-10,22.0,42.8,6.93,1.37,11.4,59,50.0
PLT-02883,2025-11-01,22.08,73.5,6.56,1.32,13.4,45,194.76
PLT-03606,2025-06-22,22.26,62.2,5.46,1.72,12.7,47,287.03
PLT-03978,2025-01-08,19.41,73.2,7.17,1.55,12.1,59,171.77
PLT-04686,2025-11-19,21.86,72.7,6.7,1.36,12.7,50,210.06
PLT-04833,2025-10-18,20.49,81.8,6.15,2.04,13.5,54,50.0
PLT-04070,2025-05-29,14.82,69.4,5.27,1.49,18.1,45,50.0
PLT-01767,2025-01-27,24.18,68.6,5.35,1.74,16.2,46,171.55
PLT-04519,2025-12-10,18.63,78.0,5.8,1.77,15.5,54,50.0
PLT-02454,2025-09-30,23.61,63.2,6.13,2.09,17.2,58,193.86
PLT-03340,2025-11-17,20.63,68.1,5.14,1.24,17.1,55,206.73
PLT-03890,2025-06-30,20.37,86.1,5.8,1.24,16.1,51,50.0
PLT-04096,2025-09-28,15.12,58.8,6.16,1.4965305263157893,14.8,51,161.35
PLT-04725,2025-01-29,17.6,49.7,6.22,1.4965305263157893,10.4,55,50.0
PLT-03753,2025-01-31,17.15,80.6,5.57,1.81,15.1,56,50.0
PLT-01272,2025-04-30,20.62,58.1,6.75,2.12,12.2,53,195.65
PLT-04570,2025-08-23,23.54,63.0,5.83,1.65,14.6,59,295.14
PLT-04547,2025-11-09,28.83,56.2,6.1,1.24,15.9,51,50.0
PLT-03791,2025-02-22,20.48,59.1,4.81,1.4965305263157893,12.6,51,219.75
PLT-04185,2025-03-22,19.82,68.9,5.43,1.33,13.8,45,309.72
PLT-00348,2025-09-10,19.89,70.9,6.97,1.41,14.2,51,277.19
PLT-03958,2025-05-19,18.82,63.8,5.61,1.65,10.3,46,193.59
PLT-04671,2025-08-08,16.83,60.8,5.75,1.05,9.8,51,77.13
PLT-02563,2025-09-18,19.18,73.9,5.81,1.13,12.9,54,194.81
PLT-04636,2025-11-06,19.26,63.3,6.07,1.92,13.6,51,354.7
PLT-01424,2025-01-12,11.44,46.6,5.9,1.39,14.5,56,50.0
PLT-00657,2025-02-13,20.44,57.0,7.02,0.74,16.3,46,127.71
PLT-02103,2025-11-27,17.68,63.6,5.88,1.4,13.8,54,340.62
PLT-00633,2025-06-16,22.52,64.4,4.37,2.02,14.2,49,205.21
PLT-02952,2025-09-11,19.16,32.7,7.24,1.44,16.2,58,50.0
PLT-02494,2025-07-07,16.21,68.9,4.25,1.3,16.2,59,158.42
PLT-02666,2025-10-08,15.78,62.7,6.88,1.6,14.3,50,250.52
PLT-04128,2025-04-13,24.02,51.9,5.32,1.45,11.3,55,50.0
PLT-04305,2025-06-06,20.16,77.4,6.9,1.71,15.9,45,50.0
PLT-04624,2025-03-03,22.1,56.7,6.07,1.29,12.3,52,180.21
PLT-03160,2025-09-12,15.37,61.5,7.25,1.11,12.5,57,127.61
PLT-03668,2025-01-12,22.91,56.4,7.54,1.86,13.9,48,88.82
PLT-02501,2025-07-15,24.86,66.2,5.0,2.19,11.6,47,117.1
PLT-01466,2025-11-24,19.83,48.2,6.63,2.14,13.2,53,50.0
PLT-03152,2025-09-21,21.33,54.3,6.88,1.4965305263157893,16.7,48,50.0
PLT-00116,2025-02-17,20.86,60.1,6.63,1.41,15.9,59,283.69
PLT-01822,2025-08-30,19.24,80.2,7.68,1.5,13.3,45,50.0
PLT-01495,2025-06-19,19.8,60.4,6.59,1.27,11.2,54,222.89
PLT-02402,2025-04-20,14.13,94.1,5.79,1.73,13.6,51,50.0
PLT-01233,2025-04-23,18.56,48.0,6.74,1.6,13.3,54,50.0
PLT-02662,2025-01-23,19.33,67.0,6.03,1.55,15.7,51,327.05
PLT-02818,2025-10-22,19.69,58.3,6.03,1.38,14.7,53,252.03
PLT-03439,2025-03-10,19.74,64.2,6.12,1.36,15.1,53,351.24
PLT-04619,2025-11-01,19.67,63.0,7.09,1.76,13.6,47,300.31
PLT-01154,2025-10-23,16.0,87.4,5.37,1.75,11.8,52,50.0
PLT-04817,2025-02-07,19.61,77.5,6.03,1.61,17.1,57,50.0
PLT-00058,2025-09-21,15.45,60.5,5.07,1.38,15.1,49,157.42
PLT-03464,2025-09-30,21.93,64.0,5.34,1.56,13.6,52,345.07
PLT-04333,2025-06-06,25.26,66.7,5.4,1.05,16.0,56,167.46
PLT-04996,2025-02-25,17.18,64.1,5.83,1.96,14.9,59,303.68
PLT-01736,2025-01-27,17.31,61.0,6.75,1.52,10.6,57,172.03
PLT-02824,2025-10-24,18.86,63.9,6.69,1.42,17.5,45,179.98
PLT-02197,2025-02-16,16.41,60.5,5.04,1.79,15.2,46,206.85
PLT-03624,2025-04-21,20.92,80.2,6.12,1.19,14.8,46,50.0
PLT-02476,2025-03-03,26.07,64.7,4.78,1.67,17.4,50,50.0
PLT-02565,2025-12-18,14.0,72.8,4.74,1.4,11.4,48,50.0
PLT-03765,2025-08-04,21.17,79.5,7.18,1.7,11.0,52,50.0
PLT-02609,2025-05-04,20.31,75.9,6.68,1.25,18.6,59,50.0
PLT-03729,2025-04-04,17.72,58.3,5.94,1.4,12.8,46,184.97
PLT-00708,2025-02-15,19.36,55.3,6.03,1.5,9.3,45,50.0
PLT-04325,2025-05-04,12.9,66.1,6.86,1.22,14.4,48,55.97
PLT-01094,2025-11-26,20.73,52.8,6.02,1.16,13.9,49,50.0
PLT-03633,2025-08-19,16.15,64.7,4.47,1.54,14.3,49,209.07
PLT-01377,2025-05-29,20.04,59.6,6.03,1.25,14.4,49,276.49
PLT-04964,2025-07-26,20.88,57.0,3.79,1.09,16.2,46,50.0
PLT-00073,2025-07-21,17.85,52.9,6.57,0.89,14.4,51,50.0
PLT-01923,2025-12-20,24.22,80.6,6.42,1.52,11.2,55,50.0
PLT-03239,2025-07-08,27.48,72.6,6.66,1.59,16.6,51,50.0
PLT-01765,2025-01-08,21.23,58.7,6.45,1.0,12.6,53,263.66
PLT-00744,2025-12-17,26.2,67.1,6.5,1.52,11.8,48,98.32
PLT-02938,2025-05-23,25.17,45.2,6.48,0.96,13.1,52,50.0
PLT-01006,2025-05-18,23.91,57.9,5.76,1.23,14.2,54,218.69
PLT-02669,2025-04-21,25.11,74.2,5.8,1.48,10.8,46,50.0
PLT-01191,2025-01-25,21.07,73.2,6.21,1.91,13.5,54,198.56
PLT-04875,2025-09-25,22.28,69.7,5.55,1.58,17.9,51,138.26
PLT-02602,2025-01-10,20.07,63.6,6.7,1.36,12.1,56,329.92
PLT-01126,2025-12-26,17.79,71.8,7.06,1.78,13.3,52,203.13
PLT-01242,2025-05-11,19.05,71.9,7.29,1.53,17.4,59,117.23
PLT-02909,2025-12-07,20.99,75.7,5.8,1.52,12.8,47,90.02
PLT-04173,2025-02-17,20.28,78.8,7.57,1.4965305263157893,11.5,54,50.0
PLT-04877,2025-09-03,24.12,61.0,5.7,1.53,13.1,45,219.54
PLT-00999,2025-12-22,16.87,76.8,6.03,1.8,14.0,53,50.0
PLT-03455,2025-05-19,17.73,66.6,6.9,1.84,17.6,49,177.68
PLT-02685,2025-10-29,19.02,77.2,5.53,1.66,12.6,54,50.0
PLT-01578,2025-01-03,17.53,79.1,6.17,1.43,13.3,45,50.0
PLT-04840,2025-12-22,17.8,64.6,7.19,1.44,12.7,47,249.43
PLT-01827,2025-08-21,20.2,66.3,6.03,1.39,11.0,52,189.21
PLT-03921,2025-02-15,19.25,70.1,5.29,2.04,14.2,47,256.93
PLT-03607,2025-10-17,14.17,51.2,5.38,1.82,14.5,50,50.0
PLT-00441,2025-11-14,20.85,74.2,6.84,1.62,12.4,49,129.08
PLT-01101,2025-12-31,19.81,82.4,7.11,0.92,12.6,47,50.0
PLT-04090,2025-02-10,18.63,56.4,7.08,1.55,12.4,46,114.55
PLT-03122,2025-10-02,18.84,47.9,5.35,1.3,11.1,50,50.0
PLT-00650,2025-12-14,19.71,72.4,6.32,1.25,10.9,54,173.44
PLT-01547,2025-02-28,22.04,79.1,6.26,1.59,19.7,56,50.0
PLT-03807,2025-07-01,19.35,70.6,4.88,1.59,10.0,55,107.74
PLT-03631,2025-04-28,21.09,65.3,6.03,1.17,16.8,50,267.84
PLT-04190,2025-04-06,23.49,56.9,5.2,1.59,14.7,51,132.43
PLT-04652,2025-09-28,20.88,62.5,5.78,1.58,15.9,59,324.49
PLT-03815,2025-11-17,14.7,59.1,6.03,1.8,16.2,45,85.17
PLT-00631,2025-12-30,18.35,59.2,5.9,1.38,14.1,50,278.58
PLT-00673,2025-02-16,23.27,75.1,6.03,1.4965305263157893,14.5,52,54.35
PLT-01250,2025-12-15,11.48,53.2,4.63,0.8,9.7,52,50.0
PLT-00483,2025-01-23,17.37,73.4,5.81,0.98,15.0,55,162.83
PLT-01585,2025-03-09,17.98,74.8,7.16,2.02,10.7,51,50.0
PLT-03138,2025-09-22,20.48,51.4,5.56,1.7,16.7,54,50.0
PLT-04675,2025-06-22,18.15,47.1,6.18,1.27,18.2,53,50.0
PLT-03101,2025-12-20,15.56,73.7,5.61,0.8,15.0,48,68.27
PLT-01463,2025-01-07,20.49,68.8,7.22,1.23,11.1,50,182.85
PLT-04007,2025-02-24,19.73,49.5,6.26,1.77,16.6,52,50.0
PLT-03695,2025-06-05,19.27,52.2,6.89,1.68,16.7,47,50.0
PLT-02579,2025-10-19,20.19,67.5,5.55,2.1,13.5,47,306.36
PLT-04035,2025-12-25,19.99,66.2,4.46,1.46,12.6,45,256.8
PLT-00050,2025-11-12,19.18,62.3,7.1,1.13,14.1,50,297.55
PLT-04334,2025-08-18,18.9,69.8,6.5,1.58,16.0,51,245.31
PLT-03120,2025-03-24,23.18,70.5,6.54,1.13,9.4,48,50.0
PLT-00859,2025-03-14,17.03,76.4,4.79,1.45,14.6,50,50.0
PLT-01073,2025-07-17,15.81,67.1,5.21,1.09,14.1,59,241.2
PLT-00720,2025-12-31,20.15,62.4,6.43,2.06,13.3,45,308.57
PLT-04791,2025-06-14,17.8,72.6,6.76,1.12,13.1,56,188.5
PLT-02632,2025-05-31,21.93,63.1,6.97,1.6,17.2,57,186.77
PLT-04924,2025-01-13,19.86,51.7,5.02,1.69,17.5,58,50.0
PLT-01661,2025-06-07,14.19,79.3,5.67,1.36,12.5,57,50.0
PLT-01657,2025-01-31,15.93,47.4,7.0,2.09,12.7,53,50.0
PLT-02426,2025-02-12,20.19,58.1,5.94,1.04,14.6,59,249.67
PLT-03997,2025-02-05,23.61,64.2,6.03,1.8,16.0,50,210.36
PLT-04273,2025-11-30,19.19,51.3,6.63,1.35,11.9,48,50.0
PLT-03376,2025-04-10,15.31,83.1,5.45,1.44,14.0,58,50.0
PLT-04522,2025-11-07,10.87,58.2,6.69,1.59,13.4,57,50.0
PLT-03372,2025-02-17,21.35,76.1,5.38,1.71,18.9,50,50.0
PLT-04169,2025-01-10,15.61,61.0,5.93,1.5,15.2,50,181.64
PLT-02607,2025-11-11,17.9,40.1,5.49,1.47,18.4,56,50.0
PLT-01386,2025-08-15,17.86,68.4,7.67,1.56,12.9,45,225.53
PLT-03910,2025-11-04,21.4,60.3,5.75,1.4965305263157893,11.4,47,184.13
PLT-01400,2025-08-15,18.25,68.3,5.51,1.91,16.8,57,248.4
PLT-01196,2025-06-26,16.85,62.8,6.19,1.4965305263157893,13.5,47,290.76
PLT-01409,2025-01-17,23.85,71.2,5.74,1.36,11.6,55,133.31
PLT-03899,2025-08-04,22.15,84.5,6.03,1.64,14.1,48,50.0
PLT-01799,2025-04-05,19.98,49.7,6.2,1.6,17.9,48,50.0
PLT-01476,2025-04-18,17.34,62.5,6.1,1.34,16.2,47,275.41
PLT-03283,2025-09-25,17.49,62.0,6.74,2.04,15.0,49,258.64
PLT-00036,2025-06-24,14.22,67.3,7.01,0.99,11.9,53,118.93
PLT-03612,2025-12-24,22.43,58.1,5.74,1.54,15.1,55,226.68
PLT-02346,2025-05-22,20.29,53.5,4.75,1.8,16.1,50,50.0
PLT-02360,2025-06-03,18.78,56.7,6.25,1.33,12.0,52,177.99
PLT-02207,2025-05-01,13.7,79.3,7.08,1.87,13.3,47,50.0
PLT-04945,2025-08-23,21.12,65.5,6.03,1.63,16.0,54,336.39
PLT-01287,2025-10-12,21.72,74.2,5.91,1.16,13.3,56,191.34
PLT-00350,2025-09-13,24.48,83.3,6.0,1.82,15.9,59,50.0
PLT-02138,2025-10-27,20.92,67.3,4.22,1.68,10.3,57,124.17
PLT-02692,2025-08-22,24.91,53.3,5.85,1.51,14.9,53,50.0
PLT-03041,2025-09-05,18.21,53.8,7.4,1.52,13.7,48,50.0
PLT-03190,2025-12-27,13.54,69.9,8.2,1.7,14.4,50,50.0
PLT-01682,2025-12-31,16.53,52.5,5.24,2.05,14.2,47,50.0
PLT-04100,2025-02-09,19.43,65.8,5.97,1.56,11.1,45,258.12
PLT-01444,2025-07-19,21.26,58.7,5.81,1.17,10.8,49,162.93
PLT-03310,2025-11-28,17.39,66.6,7.34,1.95,12.6,57,238.85
PLT-01672,2025-02-15,20.87,57.7,4.24,1.4,13.6,54,142.82
PLT-03014,2025-09-04,19.23,60.2,6.19,1.64,13.2,56,300.33
PLT-01180,2025-03-16,22.31,62.7,6.06,1.0,13.6,58,328.24
PLT-02799,2025-12-03,24.93,60.1,6.09,1.29,17.4,46,62.19
PLT-01693,2025-10-05,18.62,67.7,6.62,1.86,16.3,57,292.94
PLT-03951,2025-09-09,21.84,57.3,6.33,1.73,13.4,58,213.34
PLT-00373,2025-02-08,16.29,66.8,4.99,1.4965305263157893,14.9,52,240.84
PLT-03684,2025-04-06,18.55,66.1,4.77,1.49,12.2,46,250.85
PLT-01917,2025-02-19,17.02,62.5,5.71,1.51,15.2,53,306.49
PLT-01358,2025-06-17,24.92,63.2,5.55,1.22,15.6,51,208.31
PLT-01826,2025-10-16,17.48,70.0,7.21,1.25,17.0,48,138.96
PLT-00787,2025-04-13,19.11,57.8,5.76,1.34,12.4,58,254.26
PLT-00470,2025-03-10,23.17,54.7,5.66,1.56,14.0,48,75.16
PLT-00141,2025-08-19,20.28,61.8,6.36,1.13,12.9,51,311.87
PLT-00789,2025-09-09,20.96,69.1,6.06,1.25,12.6,57,321.6
PLT-00324,2025-10-31,21.72,73.2,6.65,1.23,11.6,46,87.75
PLT-00051,2025-01-14,19.27,67.2,6.4,1.61,13.3,48,322.47
PLT-00715,2025-01-10,19.45,47.2,6.1,1.85,14.8,56,50.0
PLT-04534,2025-04-07,23.73,69.2,6.06,1.71,11.1,46,150.31
PLT-02841,2025-08-08,25.15,77.0,5.85,1.44,10.9,56,50.0
PLT-02447,2025-03-21,25.42,74.6,6.02,1.4965305263157893,16.3,46,50.0
PLT-04863,2025-02-17,14.38,77.0,6.16,0.99,10.8,52,50.0
PLT-04464,2025-04-24,20.05,58.4,5.94,1.86,13.0,57,287.87
PLT-04642,2025-04-03,21.62,58.9,4.74,1.38,16.1,54,167.28
PLT-03077,2025-03-08,23.73,63.5,7.56,1.49,16.9,51,125.16
PLT-02667,2025-05-08,18.67,69.6,7.47,1.64,11.7,55,190.95
PLT-00407,2025-06-19,18.77,71.0,5.31,1.42,16.5,59,210.56
PLT-03428,2025-07-15,20.38,64.2,6.16,1.01,12.2,55,298.02
PLT-01005,2025-09-18,20.54,71.8,6.65,1.88,13.7,57,248.7
PLT-03067,2025-06-05,20.73,56.4,7.47,1.1,11.0,48,50.0
PLT-00891,2025-06-03,19.81,61.6,5.83,0.96,14.7,57,319.83
PLT-02412,2025-06-22,18.71,70.7,5.57,1.42,12.9,45,243.53
PLT-02546,2025-07-19,14.76,75.7,6.63,1.15,11.9,47,50.0
PLT-03505,2025-04-18,24.35,57.1,6.22,1.42,15.5,49,99.48
PLT-02391,2025-09-13,21.65,58.4,7.76,1.57,13.3,52,152.66
PLT-04018,2025-09-22,17.28,65.3,6.01,1.47,12.1,56,317.1
PLT-00043,2025-11-03,23.74,64.4,6.13,1.33,13.5,58,296.37
PLT-02831,2025-01-31,18.47,66.8,5.38,1.4965305263157893,16.3,45,269.02
PLT-04884,2025-07-08,18.55,61.8,7.07,1.66,9.3,46,88.81
PLT-00304,2025-07-14,23.66,62.3,5.62,1.47,13.5,45,241.1
PLT-03821,2025-04-14,19.82,59.6,6.03,1.63,14.8,53,226.28
PLT-00665,2025-08-01,18.84,57.1,6.11,1.74,14.6,52,256.73
PLT-01178,2025-01-25,25.67,63.6,6.29,1.08,14.0,53,173.59
PLT-02677,2025-09-18,19.89,52.3,4.76,1.56,17.0,48,50.0
PLT-02502,2025-02-03,21.25,68.1,4.83,1.48,17.6,46,163.36
PLT-01474,2025-06-08,24.27,54.0,6.98,1.34,17.5,46,50.0
PLT-03554,2025-10-25,18.67,57.8,5.67,2.23,10.6,46,98.04
PLT-03786,2025-02-23,23.87,58.2,7.35,1.4965305263157893,12.2,46,71.95
PLT-02133,2025-06-02,23.19,78.2,6.8,1.89,15.2,47,50.0
PLT-01027,2025-03-17,17.02,66.4,7.55,1.63,10.5,47,116.32
PLT-02990,2025-01-08,17.49,78.5,6.47,1.1,13.1,51,50.0
PLT-00962,2025-08-17,19.46,58.1,5.52,1.3,14.0,52,258.23
PLT-02890,2025-11-23,28.47,55.8,4.44,1.91,15.2,49,50.0
PLT-03276,2025-01-01,21.79,73.2,5.25,1.16,12.7,54,181.21
PLT-02010,2025-10-12,20.79,55.4,4.79,1.52,13.7,52,152.6
PLT-02150,2025-04-27,23.37,57.8,7.55,1.67,14.3,46,125.95
PLT-04680,2025-12-01,16.54,63.4,5.31,1.08,14.7,49,258.21
PLT-02339,2025-03-25,19.23,72.0,6.47,2.02,15.9,50,210.75
PLT-03966,2025-09-17,19.46,48.4,6.03,1.9,12.3,59,50.0
PLT-00305,2025-05-08,14.15,69.4,5.36,1.5,15.4,48,118.2
PLT-01441,2025-03-22,15.88,50.1,5.09,1.28,14.4,45,50.0
PLT-01497,2025-09-08,26.28,76.4,4.73,1.91,13.9,46,50.0
PLT-02653,2025-10-05,19.83,49.8,5.93,1.33,15.7,59,50.0
PLT-02876,2025-11-10,17.99,53.2,5.41,2.13,14.3,58,50.0
PLT-00917,2025-01-13,23.2,80.9,5.45,1.02,17.6,52,50.0
PLT-04225,2025-11-10,24.04,61.3,5.48,1.61,15.7,48,232.13
PLT-03795,2025-06-14,20.76,77.2,7.16,1.48,17.5,55,50.0
PLT-02773,2025-10-28,20.23,67.7,6.57,1.33,13.9,50,339.84
PLT-03912,2025-09-05,16.76,54.9,6.84,0.91,16.5,50,50.0
PLT-00822,2025-08-28,17.63,76.4,6.64,1.43,15.9,51,50.0
PLT-03367,2025-02-10,25.68,64.3,5.96,1.4965305263157893,13.1,45,179.58
PLT-01355,2025-10-14,22.67,58.9,4.09,1.53,15.3,53,134.94
PLT-04543,2025-04-28,23.53,53.0,5.55,1.68,16.3,58,50.0
PLT-00851,2025-08-21,21.26,53.9,4.22,1.14,15.1,49,50.0
PLT-01001,2025-09-16,21.39,53.0,5.45,1.42,12.4,48,50.0
PLT-04388,2025-11-26,19.26,68.7,6.65,1.12,13.1,55,330.2
PLT-00019,2025-09-15,21.05,57.0,5.82,1.4,10.8,51,120.46
PLT-01638,2025-02-28,16.74,67.8,5.28,1.57,15.0,49,238.44
PLT-01668,2025-01-12,18.51,69.2,6.12,1.62,12.8,50,341.11
PLT-00494,2025-04-06,20.4,72.8,5.81,1.48,14.7,53,240.14
PLT-01348,2025-03-17,20.01,85.1,6.58,0.98,15.9,52,50.0
PLT-03019,2025-05-11,18.77,67.9,6.51,1.97,15.6,54,296.34
PLT-03801,2025-05-18,24.78,70.6,6.03,1.53,15.1,49,111.95
PLT-03322,2025-02-20,23.19,46.3,7.78,1.4965305263157893,16.4,54,50.0
PLT-04217,2025-09-28,22.36,76.7,5.73,1.09,12.4,57,50.0
PLT-03552,2025-11-19,20.25,55.3,3.8,1.09,12.6,49,50.0
PLT-00688,2025-01-08,19.76,80.4,4.38,1.21,17.1,53,50.0
PLT-03805,2025-01-17,17.36,61.9,7.18,1.54,14.7,50,264.8
PLT-01609,2025-02-06,20.97,62.8,5.56,1.83,15.4,58,332.47
PLT-04591,2025-06-24,21.41,56.6,4.39,1.2,13.3,49,122.5
PLT-03471,2025-06-01,18.84,62.0,5.24,1.03,12.8,55,319.68
PLT-01010,2025-05-10,19.28,62.2,6.17,1.4965305263157893,12.2,46,336.03
PLT-02409,2025-01-25,21.67,75.8,6.09,1.43,13.9,59,165.72
PLT-01093,2025-05-03,22.85,62.2,4.15,1.34,15.2,51,179.07
PLT-01328,2025-08-23,17.67,70.4,5.62,1.76,13.6,59,283.87
PLT-01678,2025-08-11,25.55,64.6,6.4,1.59,13.6,46,202.93
PLT-02000,2025-11-08,17.06,68.2,6.41,1.27,14.1,50,291.86
PLT-01311,2025-04-30,23.7,77.2,5.92,1.98,11.7,51,50.0
PLT-04699,2025-04-17,18.32,55.8,6.12,1.22,19.5,59,50.0
PLT-01988,2025-01-01,17.08,67.8,6.69,1.33,14.1,47,272.62
PLT-03722,2025-01-13,19.23,66.2,6.97,1.68,14.6,57,368.44
PLT-00345,2025-07-07,20.22,63.2,4.93,1.54,13.2,53,322.69
PLT-04229,2025-07-08,22.62,58.5,5.99,1.22,15.7,58,239.92
PLT-00987,2025-08-13,23.01,61.2,6.24,1.51,13.6,59,306.61
PLT-03927,2025-07-21,23.22,85.0,5.14,2.2,16.4,47,50.0
PLT-03881,2025-02-28,17.84,66.0,6.09,1.05,11.5,58,293.07
PLT-04357,2025-03-24,10.34,53.4,6.81,1.23,8.2,53,50.0
PLT-04082,2025-05-12,23.09,53.7,6.48,2.2,16.6,56,50.0
PLT-03155,2025-05-05,23.73,40.1,5.42,1.18,17.7,48,50.0
PLT-01143,2025-12-22,22.88,51.5,4.4,1.0,12.3,50,50.0
PLT-02359,2025-07-09,23.1,58.9,4.62,1.4965305263157893,17.3,51,68.0
PLT-01199,2025-05-30,29.46,64.0,6.32,1.2,11.9,48,50.0
PLT-00086,2025-02-22,23.69,72.3,5.1,1.56,13.9,46,170.18
PLT-01519,2025-01-03,17.08,70.3,7.18,1.59,15.0,47,184.12
PLT-00517,2025-02-13,21.02,79.5,6.13,1.62,16.0,46,50.0
PLT-01382,2025-04-23,22.38,64.4,6.03,1.94,13.6,53,299.67
PLT-02717,2025-08-18,22.11,80.4,5.93,1.17,14.3,46,50.0
PLT-04673,2025-11-09,17.27,73.7,4.86,1.43,13.8,46,135.96
PLT-00129,2025-01-05,17.81,62.9,7.39,1.43,15.7,59,247.34
PLT-01365,2025-05-02,18.46,59.8,6.58,1.06,15.6,51,261.81
PLT-04889,2025-03-16,21.0,61.9,6.3,0.65,15.0,57,315.79
PLT-04056,2025-11-11,19.23,66.0,6.03,1.83,14.0,56,361.41
PLT-03627,2025-08-03,21.32,58.6,7.08,1.4965305263157893,14.5,56,238.97
PLT-00892,2025-01-14,20.22,74.0,6.69,1.52,11.8,45,126.96
PLT-02794,2025-04-23,20.58,60.2,6.22,1.73,17.8,53,162.48
PLT-04252,2025-11-09,23.67,57.9,6.05,1.54,13.5,45,179.33
PLT-01360,2025-09-25,20.93,61.1,6.03,2.31,16.3,46,228.75
PLT-00308,2025-01-22,22.28,73.5,6.12,1.3,15.9,49,172.21
PLT-01662,2025-02-08,17.72,47.6,5.24,1.7,15.7,54,50.0
PLT-02432,2025-01-05,21.51,55.3,7.34,1.25,15.4,51,78.47
PLT-04012,2025-12-15,24.2,59.5,6.02,1.4965305263157893,14.6,51,184.77
PLT-01318,2025-07-28,17.66,75.2,5.66,1.43,11.2,46,50.0
PLT-04348,2025-03-14,19.45,68.1,7.43,1.12,14.2,59,329.21
PLT-02475,2025-07-02,15.12,60.6,5.08,1.93,15.7,59,164.77
PLT-02543,2025-04-11,18.45,66.4,5.69,1.5,12.2,45,341.24
PLT-01247,2025-02-24,22.59,64.9,6.89,2.16,10.5,48,168.5
PLT-01209,2025-12-08,14.07,63.5,6.48,1.62,16.2,55,99.37
PLT-00217,2025-06-21,14.28,64.7,6.01,1.6,18.4,55,50.0
PLT-04337,2025-05-28,18.69,74.5,5.86,1.97,14.9,57,175.41
PLT-04667,2025-07-04,18.63,63.0,5.97,1.36,14.9,54,366.81
PLT-01240,2025-02-24,22.35,73.8,6.82,1.65,15.3,54,140.52
PLT-02290,2025-03-08,15.33,69.6,7.29,1.4965305263157893,13.5,49,144.82
PLT-02741,2025-06-07,17.43,67.3,5.69,1.97,13.4,55,302.58
PLT-00276,2025-05-11,18.81,55.1,6.33,1.54,12.5,45,100.03
PLT-00490,2025-06-29,22.16,61.1,6.07,1.23,11.5,59,281.84
PLT-01036,2025-09-24,16.45,67.7,6.14,1.26,13.0,50,285.47
PLT-01230,2025-03-19,20.6,66.5,5.16,1.16,12.3,59,298.11
PLT-04631,2025-01-29,26.87,80.1,5.56,2.04,15.5,54,50.0
PLT-01009,2025-06-17,20.77,65.6,6.73,1.96,12.0,53,284.14
PLT-04778,2025-12-22,16.61,62.7,7.54,1.49,15.2,53,230.71
PLT-04428,2025-05-18,18.87,64.9,5.95,1.44,12.2,58,321.69
PLT-03248,2025-12-07,18.73,70.7,5.06,1.24,17.0,50,204.16
PLT-02533,2025-10-17,15.47,77.2,7.21,1.4,13.3,53,50.0
PLT-04212,2025-04-19,19.11,53.2,6.11,1.83,15.5,57,50.0
PLT-01059,2025-10-15,22.94,64.3,6.12,1.4965305263157893,16.8,54,214.08
PLT-02167,2025-06-05,20.72,73.7,7.49,1.11,12.9,56,169.31
PLT-04141,2025-11-10,13.9,60.0,6.23,1.9,14.0,45,96.25
PLT-03442,2025-06-11,19.02,37.3,6.88,1.19,14.5,48,50.0
PLT-00282,2025-03-16,20.96,65.9,7.34,1.74,14.5,50,273.64
PLT-04442,2025-06-28,16.64,78.4,6.68,1.57,14.3,49,50.0
PLT-01317,2025-04-25,15.5,61.6,4.27,1.75,13.5,45,104.34
PLT-04685,2025-08-09,18.74,80.3,4.84,1.35,13.4,58,50.0
PLT-00969,2025-01-04,23.76,71.2,5.66,1.32,14.7,45,197.93
PLT-03991,2025-12-08,16.71,78.0,7.09,2.03,14.1,51,50.0
PLT-03998,2025-04-11,20.03,58.9,6.12,1.19,16.4,50,233.82
PLT-03232,2025-05-22,17.42,65.8,6.11,1.76,15.3,52,309.01
PLT-03590,2025-09-14,23.82,62.5,6.91,1.97,16.0,47,166.05
PLT-00620,2025-11-17,19.7,63.3,5.38,1.49,14.9,59,362.08
PLT-04391,2025-06-27,24.12,45.7,5.36,1.13,13.8,53,50.0
PLT-01743,2025-12-23,15.84,53.1,6.03,1.88,14.9,59,50.0
PLT-01391,2025-06-01,19.47,76.0,4.73,1.2,13.7,54,85.05
PLT-01848,2025-08-11,18.38,64.0,5.05,2.08,15.9,48,306.15
PLT-01580,2025-08-15,23.59,66.4,4.85,1.2,15.8,57,222.63
PLT-01656,2025-09-06,21.5,64.0,5.09,1.0,14.0,50,289.4
PLT-02353,2025-12-07,21.44,53.1,5.57,1.6,16.9,46,50.0
PLT-02213,2025-02-18,22.13,45.0,6.99,1.91,13.4,45,50.0
PLT-02021,2025-01-12,19.21,73.2,6.41,1.76,10.8,49,108.36
PLT-01957,2025-08-19,21.56,56.9,6.43,1.45,13.7,49,205.85
PLT-01308,2025-03-22,24.26,61.5,5.78,1.36,13.8,51,248.31
PLT-02004,2025-09-08,18.05,81.8,5.67,1.4965305263157893,13.7,45,50.0
PLT-04501,2025-04-19,23.75,63.6,6.66,1.2,14.5,52,248.97
PLT-00576,2025-02-21,17.06,59.1,6.79,2.01,11.6,48,145.46
PLT-02361,2025-07-15,22.72,67.3,5.58,1.71,11.9,47,251.75
PLT-04246,2025-03-30,20.97,74.5,6.38,1.46,13.9,46,151.91
PLT-04482,2025-03-02,18.03,66.5,6.89,1.46,17.6,50,182.97
PLT-01707,2025-09-27,21.19,67.1,6.36,1.4965305263157893,17.4,58,223.5
PLT-03816,2025-12-06,25.22,63.8,5.45,1.1,14.0,50,180.96
PLT-01281,2025-06-10,17.02,69.6,5.96,1.81,15.0,49,265.71
PLT-00862,2025-02-16,16.66,45.3,5.62,1.73,15.5,46,50.0
PLT-04188,2025-04-14,19.85,50.5,5.85,1.4965305263157893,15.0,57,50.0
PLT-01802,2025-01-11,23.58,49.3,6.25,1.79,12.5,53,50.0
PLT-01629,2025-10-16,16.82,70.6,5.31,1.34,12.5,55,229.88
PLT-01994,2025-06-24,23.61,66.7,5.17,1.6,15.0,45,221.33
PLT-02640,2025-12-11,19.73,64.9,5.35,1.15,11.9,52,286.64
PLT-00270,2025-01-09,17.65,60.1,7.73,1.4965305263157893,13.8,52,197.57
PLT-00630,2025-10-02,17.5,67.6,6.8,1.09,11.5,52,213.97
PLT-03082,2025-07-10,18.2,79.7,5.48,1.01,14.5,53,50.0
PLT-02335,2025-11-17,15.25,57.5,5.47,1.65,14.6,47,112.02
PLT-02967,2025-01-08,19.86,68.3,6.86,1.82,14.5,45,318.0
PLT-00301,2025-10-04,19.44,50.4,5.9,1.63,14.3,52,50.0
PLT-00460,2025-10-05,23.18,78.4,6.03,1.28,14.7,53,50.0
PLT-01448,2025-05-23,24.07,71.5,5.84,1.34,15.9,51,155.35
PLT-01473,2025-01-14,17.49,56.6,6.67,1.47,14.0,53,171.32
PLT-02047,2025-05-09,22.61,54.8,6.51,1.77,11.2,59,50.0
PLT-04272,2025-02-26,14.82,67.4,7.55,0.97,12.4,58,117.7
PLT-03838,2025-09-01,20.58,78.3,6.17,1.86,14.0,57,50.0
PLT-02114,2025-11-12,16.64,62.3,5.48,1.46,15.9,48,249.31
PLT-00028,2025-08-24,18.09,63.2,5.76,1.84,13.2,59,334.16
PLT-04629,2025-09-10,19.32,67.4,4.93,1.47,14.6,47,316.66
PLT-04568,2025-07-28,20.38,61.7,6.32,1.55,9.9,50,169.26
PLT-00838,2025-06-09,21.05,71.9,6.27,1.49,14.7,46,254.39
PLT-04374,2025-11-01,17.67,72.1,5.59,1.88,12.5,45,181.61
PLT-03434,2025-05-06,16.41,63.7,5.16,1.59,11.2,46,179.62
PLT-02009,2025-10-09,19.66,66.8,6.03,1.81,12.3,57,363.15
PLT-04958,2025-08-22,19.58,80.0,6.42,1.54,14.3,45,50.0
PLT-00504,2025-12-06,19.36,54.8,6.21,1.41,14.2,57,122.61
PLT-03955,2025-07-06,28.81,52.7,7.26,1.66,16.3,45,50.0
PLT-04349,2025-12-18,21.78,54.6,6.01,1.78,14.3,46,105.03
PLT-00381,2025-11-09,16.54,47.3,5.28,1.15,16.2,47,50.0
PLT-01852,2025-11-24,11.26,50.9,5.96,2.0,10.9,55,50.0
PLT-01526,2025-07-12,18.61,75.3,6.01,1.12,11.4,54,71.51
PLT-02366,2025-11-12,20.98,61.1,5.67,0.88,12.8,45,278.83
PLT-04723,2025-07-11,20.62,64.9,6.03,1.41,12.5,46,331.68
PLT-03053,2025-06-25,14.29,58.1,6.06,1.49,8.7,57,50.0
PLT-02885,2025-12-07,14.81,65.7,6.96,1.09,11.6,49,119.12
PLT-02341,2025-10-15,22.07,62.2,5.95,1.82,16.6,54,251.17
PLT-00375,2025-09-04,23.99,69.4,4.76,1.4965305263157893,15.3,52,171.51
PLT-03327,2025-09-16,23.12,56.5,5.86,1.58,14.0,58,195.94
PLT-02382,2025-01-07,22.92,70.0,6.03,1.29,15.9,45,199.83
PLT-04354,2025-02-28,18.17,65.7,5.82,1.77,12.1,57,334.38
PLT-04655,2025-01-30,15.46,67.3,5.62,2.03,13.0,49,188.68
PLT-04208,2025-03-04,22.89,50.5,7.02,1.62,12.7,46,50.0
PLT-02800,2025-12-31,21.17,42.8,4.82,1.22,13.7,59,50.0
PLT-02148,2025-12-02,13.43,56.5,4.93,1.26,15.2,47,50.0
PLT-03892,2025-03-09,22.33,57.0,5.74,1.43,11.8,49,144.68
PLT-04586,2025-04-28,18.48,71.7,4.29,1.4965305263157893,14.3,52,165.8
PLT-04260,2025-07-29,15.43,73.1,6.0,1.47,17.1,47,50.0
PLT-02069,2025-10-29,21.59,71.9,6.59,0.5,11.8,52,157.79
PLT-00530,2025-03-31,16.96,56.5,5.11,1.59,11.3,51,78.94
PLT-03804,2025-04-12,19.22,55.6,4.84,1.47,10.7,50,50.0
PLT-00637,2025-01-19,18.18,67.9,5.27,1.28,18.0,51,140.3
PLT-01270,2025-03-19,20.58,61.6,5.25,1.65,15.0,51,314.69
PLT-00186,2025-08-13,20.81,76.3,6.19,1.18,15.0,47,83.16
PLT-03893,2025-12-17,20.09,65.2,5.31,1.68,17.5,52,223.9
PLT-03245,2025-12-19,14.1,68.7,7.34,1.34,15.5,54,106.09
PLT-01798,2025-12-04,17.05,50.9,6.03,1.26,13.6,50,50.0
PLT-02980,2025-09-20,15.79,81.0,5.72,1.59,14.4,58,50.0
PLT-01442,2025-08-03,21.56,66.8,7.36,1.59,15.1,55,277.78
PLT-04094,2025-02-15,17.8,61.9,5.29,1.7,13.7,49,304.91
PLT-04925,2025-11-18,17.82,97.8,6.12,1.49,15.9,45,50.0
PLT-01536,2025-11-15,18.99,54.0,7.11,1.6,15.9,51,50.0
PLT-03189,2025-01-15,22.06,83.3,6.23,1.43,14.2,48,50.0
PLT-01274,2025-06-14,21.35,63.9,5.42,1.62,14.1,48,357.05
PLT-02468,2025-01-07,18.38,74.9,6.27,1.85,14.6,46,145.92
PLT-00608,2025-05-21,17.59,63.8,6.13,1.85,11.5,55,275.77
PLT-03456,2025-12-25,21.08,66.3,6.09,1.48,14.1,46,356.39
PLT-01713,2025-09-08,17.58,77.4,5.48,1.61,15.1,58,50.0
PLT-02200,2025-10-04,19.56,67.4,8.26,1.52,12.7,45,147.12
PLT-00956,2025-11-07,15.96,50.2,4.5,1.51,14.8,49,50.0
PLT-02580,2025-11-20,17.22,52.6,6.77,1.4,13.6,59,50.0
PLT-04610,2025-10-09,18.96,57.2,5.48,1.36,17.0,54,167.37
PLT-04470,2025-01-18,22.9,73.6,6.27,1.36,10.3,46,50.0
PLT-04316,2025-06-26,15.78,66.6,6.02,1.3,13.4,53,268.65
PLT-03759,2025-04-10,14.75,67.8,6.18,1.19,16.1,57,189.4
PLT-00404,2025-12-08,22.68,71.3,6.94,1.58,15.9,50,178.04
PLT-02072,2025-05-27,27.03,70.9,6.09,1.62,13.9,49,50.0
PLT-04805,2025-02-25,21.19,48.9,6.03,1.53,14.5,58,50.0
PLT-01978,2025-04-03,22.01,56.4,6.35,1.75,15.5,52,170.86
PLT-00159,2025-03-07,21.92,50.6,5.31,1.35,16.4,48,50.0
PLT-01749,2025-01-15,21.5,49.7,6.72,1.95,14.3,47,50.0
PLT-02910,2025-01-05,16.86,64.1,6.44,1.56,14.1,48,304.6
PLT-03605,2025-07-07,22.53,71.1,6.41,1.34,13.4,45,250.63
PLT-00903,2025-08-15,27.46,53.8,6.03,1.44,17.3,49,50.0
PLT-00353,2025-01-18,22.85,55.9,5.67,1.29,15.1,48,139.34
PLT-01231,2025-06-24,19.76,62.9,5.73,1.05,14.6,52,349.8
PLT-04718,2025-10-22,20.37,54.8,6.03,1.82,16.9,50,55.5
PLT-02141,2025-02-12,21.34,65.5,5.97,1.8,13.9,49,339.32
PLT-00445,2025-02-27,22.34,62.5,5.53,1.4965305263157893,11.9,54,287.19
PLT-04999,2025-07-11,20.32,69.0,4.89,1.84,15.4,54,249.62
PLT-00755,2025-03-19,19.85,68.3,5.2,1.65,12.5,52,282.88
PLT-01738,2025-12-03,23.22,84.8,6.12,1.46,10.6,54,50.0
PLT-02972,2025-02-24,16.87,65.0,5.31,1.67,11.1,58,197.97
PLT-02921,2025-03-27,18.97,70.9,5.27,1.59,11.3,50,191.4
PLT-00312,2025-08-18,23.84,91.4,6.51,1.93,13.6,46,50.0
PLT-00549,2025-05-31,24.77,66.5,6.39,1.24,14.2,47,231.08
PLT-00662,2025-10-30,16.58,56.5,7.08,1.86,14.3,50,129.09
PLT-04811,2025-08-18,24.34,79.7,4.18,1.97,13.9,46,50.0
PLT-01990,2025-03-05,20.06,62.9,5.31,1.44,12.4,47,292.2
PLT-00307,2025-06-25,14.55,54.5,5.64,1.78,12.7,59,50.0
PLT-02336,2025-05-01,22.45,53.8,7.68,1.1,14.2,57,50.0
PLT-00695,2025-11-12,23.46,87.1,6.28,1.46,13.0,59,50.0
PLT-02357,2025-11-19,18.28,63.2,6.46,1.55,12.2,48,289.34
PLT-01928,2025-10-22,21.78,71.8,6.03,2.09,11.8,46,158.47
PLT-00685,2025-09-29,18.64,52.9,6.51,1.71,16.0,47,50.0
PLT-00750,2025-06-14,16.28,78.8,6.97,1.14,15.5,57,50.0
PLT-03313,2025-02-10,16.57,51.9,6.02,1.31,14.2,46,50.0
PLT-01267,2025-10-18,17.79,69.2,6.23,1.24,16.9,56,213.63
PLT-04468,2025-12-01,17.79,52.0,5.89,1.07,14.0,47,50.0
PLT-04063,2025-08-25,20.28,75.3,5.77,1.51,15.9,58,126.33
PLT-03084,2025-08-15,17.91,57.1,6.07,1.77,15.3,50,201.87
PLT-03062,2025-10-16,18.36,62.9,6.03,1.74,11.8,57,286.81
PLT-03026,2025-07-08,19.31,70.1,6.03,2.14,13.1,54,288.14
PLT-00971,2025-05-14,17.92,58.4,5.97,1.71,12.1,45,197.77
PLT-00014,2025-12-26,14.64,61.8,5.49,2.07,11.4,47,125.69
PLT-00874,2025-10-19,13.74,81.5,6.92,1.65,14.3,56,50.0
PLT-00809,2025-05-18,26.91,84.4,4.74,1.46,12.8,48,50.0
PLT-03199,2025-10-03,25.97,60.9,6.97,1.5,11.6,50,50.0
PLT-00515,2025-11-26,16.54,63.1,5.13,1.46,11.6,47,210.42
PLT-04518,2025-02-21,18.46,64.2,5.19,1.7,16.6,50,250.0
PLT-00410,2025-02-23,18.15,65.9,4.57,1.64,14.1,50,290.7
PLT-04154,2025-01-22,18.62,59.3,7.99,1.56,14.8,57,190.84
PLT-04387,2025-05-25,18.55,90.2,5.33,1.13,15.5,56,50.0
PLT-00208,2025-05-10,21.81,64.8,5.53,1.81,15.9,47,316.38
PLT-03290,2025-06-02,21.36,65.7,6.48,1.56,14.4,59,366.18
PLT-00459,2025-03-10,14.99,63.3,5.07,1.48,12.6,46,182.63
PLT-03542,2025-11-21,15.76,74.1,6.62,1.45,13.9,45,76.29
PLT-02431,2025-10-14,21.08,45.9,6.29,2.1,16.8,59,50.0
PLT-04651,2025-05-27,18.65,57.2,5.22,1.45,15.2,56,208.72
PLT-00111,2025-05-15,21.52,45.6,5.72,0.6,12.5,45,50.0
PLT-03820,2025-06-24,21.27,66.0,5.83,1.36,14.5,54,329.84
PLT-01108,2025-06-06,21.75,70.3,6.03,1.6,13.9,50,261.79
PLT-01884,2025-04-29,25.0,61.2,7.74,1.21,11.1,45,50.0
PLT-01714,2025-08-15,23.23,72.3,7.85,1.34,16.4,54,81.0
PLT-04037,2025-12-12,25.98,59.5,6.03,1.68,13.3,58,100.33
PLT-03468,2025-04-14,18.93,64.0,4.17,1.33,13.3,57,282.11
PLT-00553,2025-09-25,15.9,55.3,5.85,1.26,12.2,50,74.08
PLT-01440,2025-05-29,23.54,49.7,6.44,1.76,15.0,47,50.0
PLT-02271,2025-12-19,16.35,54.0,5.84,1.67,14.4,51,57.75
PLT-03145,2025-11-05,23.54,54.5,5.88,1.76,16.5,52,50.0
PLT-02822,2025-04-10,20.66,46.5,5.9,1.42,15.6,48,50.0
PLT-04831,2025-09-10,24.52,65.8,6.04,0.81,15.5,46,182.07
PLT-01926,2025-12-01,19.88,54.2,5.99,1.57,14.3,47,129.16
PLT-00635,2025-07-21,16.12,59.5,6.13,2.35,13.3,46,177.72
PLT-04855,2025-03-02,24.31,70.5,5.51,1.25,16.3,54,151.31
PLT-00317,2025-01-27,17.88,41.0,6.21,1.23,15.7,46,50.0
PLT-04261,2025-11-24,22.39,81.7,5.64,1.08,13.6,52,50.0
PLT-04748,2025-02-09,21.85,59.4,6.65,1.91,12.3,51,249.45
PLT-01329,2025-01-04,24.68,75.6,5.81,1.51,14.4,51,50.0
PLT-00428,2025-05-04,16.47,71.4,6.03,1.84,13.6,50,231.42
PLT-03443,2025-12-31,15.72,92.1,7.46,1.17,15.8,55,50.0
PLT-00106,2025-10-16,21.15,62.3,5.49,1.96,15.0,57,339.31
PLT-03042,2025-08-06,14.98,62.2,4.75,1.47,11.6,46,115.47
PLT-00143,2025-02-21,19.65,55.9,7.08,1.48,15.5,46,142.58
PLT-02170,2025-05-24,22.91,55.4,5.4,1.33,12.5,52,113.12
PLT-03397,2025-07-23,22.89,31.2,6.0,1.86,12.2,59,50.0
PLT-00090,2025-07-07,18.25,56.0,6.06,1.4965305263157893,14.2,54,189.0
PLT-02919,2025-05-05,20.18,60.8,5.24,0.98,14.9,50,292.36
PLT-03238,2025-05-21,21.2,48.8,7.98,0.74,16.0,48,50.0
PLT-02242,2025-05-18,16.3,79.8,5.0,1.91,13.8,59,50.0
PLT-03175,2025-12-23,18.66,68.5,6.73,1.29,15.1,49,291.12
PLT-03481,2025-06-13,18.2,68.2,6.45,1.28,13.1,59,307.73
PLT-02164,2025-01-27,16.0,58.9,5.73,1.57,13.5,56,217.76
PLT-02637,2025-03-27,20.1,75.6,6.58,1.19,12.5,49,109.08
PLT-01950,2025-10-20,21.42,52.5,7.03,1.32,14.5,52,50.0
PLT-01769,2025-02-19,22.62,70.6,7.32,1.54,15.8,51,195.48
PLT-03350,2025-10-21,20.1,76.6,4.33,1.65,13.6,49,50.0
PLT-02273,2025-03-14,22.13,62.8,5.66,1.74,11.6,49,248.4
PLT-00002,2025-12-15,18.94,65.6,6.76,1.55,12.5,58,331.13
PLT-04603,2025-02-17,19.05,61.7,6.22,0.97,13.3,49,307.93
PLT-01952,2025-02-10,22.87,63.6,4.68,1.08,15.3,53,239.94
PLT-00936,2025-06-29,19.68,57.0,4.78,1.3,12.8,46,187.76
PLT-04341,2025-11-05,24.03,74.0,4.26,1.5,12.1,59,50.0
PLT-02721,2025-02-07,18.55,65.2,5.15,1.13,14.4,50,301.15
PLT-01110,2025-11-20,14.28,54.2,5.94,2.15,13.1,59,50.0
PLT-03660,2025-12-01,22.71,69.3,6.57,2.07,15.8,46,246.09
PLT-00592,2025-05-02,16.93,62.9,6.33,0.9,15.5,49,288.58
PLT-01696,2025-08-30,23.16,75.4,6.61,1.51,11.9,46,50.0
PLT-03519,2025-08-30,22.88,57.8,5.28,1.98,18.4,46,50.0
PLT-02937,2025-08-02,18.7,63.1,6.69,1.75,14.8,55,333.99
PLT-04248,2025-04-05,18.4,53.3,6.32,1.98,16.7,48,50.0
PLT-03480,2025-04-11,20.92,51.3,5.93,1.16,16.2,55,50.0
PLT-01577,2025-08-04,20.92,79.2,6.38,1.76,12.3,52,50.0
PLT-04033,2025-04-09,14.11,73.9,6.03,1.37,11.2,56,50.0
PLT-00214,2025-05-06,16.27,56.6,5.58,1.74,15.7,48,105.8
PLT-00779,2025-04-22,13.43,74.3,4.49,0.95,13.4,56,50.0
PLT-01416,2025-02-08,21.71,60.4,5.85,1.72,12.4,58,307.4
PLT-03833,2025-08-12,23.27,61.5,6.22,1.65,11.2,46,188.89
PLT-02044,2025-08-22,22.39,59.0,7.25,1.25,13.4,52,235.04
PLT-02849,2025-03-11,20.45,61.7,3.99,1.23,12.2,50,159.76
PLT-04583,2025-09-03,25.18,62.5,5.7,1.09,14.3,58,227.14
PLT-03576,2025-03-08,15.5,67.9,6.81,1.19,15.6,55,211.58
PLT-03887,2025-10-28,20.72,48.9,4.65,1.65,12.6,55,50.0
PLT-01568,2025-01-09,20.14,69.8,6.71,1.43,17.1,54,219.21
PLT-00166,2025-04-18,15.11,65.1,6.19,1.59,16.5,48,180.6
PLT-04763,2025-05-26,20.04,62.7,6.03,1.58,11.9,51,304.73
PLT-03656,2025-06-09,21.58,65.2,6.57,1.33,14.2,54,343.3
PLT-04977,2025-04-08,23.94,76.6,5.54,1.81,11.4,46,50.0
PLT-01344,2025-02-03,25.4,56.9,4.91,1.29,10.5,53,50.0
PLT-00274,2025-10-31,20.61,62.1,5.13,1.12,11.6,57,266.33
PLT-00072,2025-06-11,18.46,56.4,4.55,2.04,10.1,46,50.0
PLT-03965,2025-06-03,18.48,68.0,5.9,1.89,12.6,54,314.42
PLT-01088,2025-07-15,20.47,65.8,6.15,1.6,17.7,54,228.66
PLT-00395,2025-02-20,22.93,72.6,5.53,1.78,13.4,56,198.31
PLT-00584,2025-05-24,20.53,68.8,4.2,1.57,12.5,53,213.37
PLT-01368,2025-05-10,23.38,67.3,5.8,1.23,16.8,47,200.84
PLT-04690,2025-07-25,23.82,66.6,5.41,1.65,12.2,58,266.01
PLT-02549,2025-04-19,20.77,84.0,7.21,1.23,13.3,54,50.0
PLT-01014,2025-04-11,20.64,74.0,6.6,1.39,15.2,49,168.87
PLT-04948,2025-08-27,20.73,70.7,4.19,1.14,12.3,49,163.82
PLT-03004,2025-03-04,25.83,64.2,6.44,1.33,15.8,50,169.38
PLT-04838,2025-06-15,18.49,64.7,6.2,1.5,17.4,53,243.43
PLT-04595,2025-11-26,21.72,69.6,6.69,1.39,15.5,46,280.15
PLT-04526,2025-12-18,17.08,84.0,5.91,1.4965305263157893,15.0,48,50.0
PLT-01764,2025-11-05,19.83,72.5,5.99,1.67,14.4,57,262.54
PLT-01876,2025-08-31,17.59,66.4,6.15,1.45,17.2,56,213.83
PLT-01260,2025-08-27,20.9,46.7,5.38,1.47,13.6,51,50.0
PLT-03345,2025-03-03,17.55,58.0,7.15,1.37,9.3,46,50.0
PLT-04576,2025-08-22,25.83,66.5,5.16,1.85,13.3,56,162.58
PLT-02254,2025-05-05,17.94,61.9,4.93,1.54,12.6,59,289.54
PLT-02782,2025-03-19,22.07,50.6,6.23,1.44,17.4,52,50.0
PLT-03666,2025-02-28,21.01,48.3,6.87,1.41,11.8,48,50.0
PLT-00527,2025-03-31,16.45,56.0,5.53,1.29,13.4,51,129.76
PLT-04036,2025-04-01,18.37,71.6,6.52,2.04,9.5,48,50.0
PLT-02947,2025-02-27,19.57,49.3,3.72,1.26,14.6,46,50.0
PLT-00378,2025-11-02,21.37,73.8,5.71,1.4965305263157893,12.7,49,167.77
PLT-01560,2025-09-16,23.08,69.4,6.23,1.88,14.6,50,273.45
PLT-03895,2025-02-18,18.04,54.0,5.75,2.02,13.1,45,50.0
PLT-01964,2025-01-28,16.74,53.4,4.06,1.78,12.0,53,50.0
PLT-04782,2025-10-06,14.84,60.7,6.32,1.39,15.8,47,128.04
PLT-00349,2025-06-10,14.81,67.8,6.35,2.35,10.0,53,50.0
PLT-02435,2025-05-10,18.46,76.9,6.17,1.48,12.8,54,69.88
PLT-02247,2025-11-16,16.29,73.2,5.23,1.37,10.9,46,50.0
PLT-04862,2025-10-03,18.34,81.1,5.91,1.32,15.1,45,50.0
PLT-01710,2025-10-12,18.62,68.9,6.52,1.55,10.4,49,177.05
PLT-01051,2025-08-25,17.09,72.1,5.03,1.49,14.5,55,180.01
PLT-00591,2025-08-11,14.95,63.2,5.98,1.77,14.6,46,208.81
PLT-00520,2025-04-05,16.92,66.4,6.66,1.45,13.4,48,287.62
PLT-03381,2025-07-15,24.74,87.7,5.62,1.32,14.3,48,50.0
PLT-04539,2025-04-19,18.63,45.2,5.59,1.37,12.9,49,50.0
PLT-04166,2025-09-11,22.11,53.0,6.04,1.2,13.7,56,57.07
PLT-02478,2025-09-03,17.66,73.9,6.84,1.92,16.4,48,89.97
PLT-01084,2025-02-07,24.96,56.5,6.23,1.12,12.0,55,54.69
PLT-03662,2025-01-30,17.31,70.9,4.62,1.69,11.8,52,170.65
PLT-04828,2025-06-12,8.93,81.7,5.35,1.6,15.3,52,50.0
PLT-04555,2025-02-15,20.05,69.9,6.66,1.25,18.0,58,155.59
PLT-01295,2025-07-14,18.83,54.3,5.55,1.37,16.8,53,50.0
PLT-01810,2025-03-29,13.49,76.4,6.05,1.65,13.7,58,50.0
PLT-00793,2025-04-08,17.5,65.2,7.34,1.44,13.1,47,246.38
PLT-04376,2025-06-13,18.79,66.7,5.96,1.46,13.3,46,338.61
PLT-01856,2025-03-25,11.5,62.6,5.53,1.38,14.0,49,50.0
PLT-04807,2025-08-20,17.46,53.4,6.88,1.47,12.5,52,50.0
PLT-01981,2025-12-16,17.02,66.5,7.44,1.49,16.0,59,228.56
PLT-03234,2025-08-25,20.58,57.5,5.34,1.61,17.0,53,138.96
PLT-03986,2025-03-22,18.11,54.2,6.68,1.46,16.1,55,75.02
PLT-03454,2025-10-27,20.16,65.4,6.91,1.68,12.9,53,340.98
PLT-03329,2025-06-04,21.44,65.3,6.96,1.82,15.5,56,312.54
PLT-01531,2025-07-06,18.77,63.7,6.65,1.68,15.0,53,309.88
PLT-01411,2025-08-05,12.84,54.9,5.1,1.21,13.3,53,50.0
PLT-04339,2025-03-25,18.57,67.9,5.9,1.71,14.0,54,352.75
PLT-04696,2025-03-01,18.94,47.2,5.51,0.94,13.4,47,50.0
PLT-00084,2025-08-25,17.34,73.1,6.12,1.44,14.4,52,199.62
PLT-00869,2025-11-15,21.33,70.6,7.07,1.3,15.1,48,248.33
PLT-02351,2025-03-07,15.25,54.5,6.29,1.6,16.6,56,50.0
PLT-00021,2025-10-21,19.71,63.4,5.23,1.3,18.4,51,140.61
PLT-03493,2025-05-29,22.73,83.9,5.87,1.71,16.2,56,50.0
PLT-02796,2025-09-11,20.05,62.3,5.51,1.33,15.1,50,326.2
PLT-04618,2025-11-10,21.72,71.9,5.85,1.72,15.8,48,225.28
PLT-01563,2025-09-18,19.86,68.3,5.45,1.83,12.0,50,284.05
PLT-03094,2025-07-29,21.14,74.8,5.91,1.38,14.5,50,134.92
PLT-03156,2025-04-20,26.69,71.6,5.02,1.94,14.5,47,50.0
PLT-00974,2025-03-03,26.13,67.9,4.81,1.16,15.5,53,84.56
PLT-01711,2025-07-23,22.57,55.7,6.67,1.21,9.8,46,50.0
PLT-03202,2025-05-12,18.29,67.0,6.7,1.53,16.5,58,277.36
PLT-04060,2025-07-12,17.45,59.7,6.09,1.45,11.0,52,186.84
PLT-04869,2025-01-28,19.81,80.1,6.98,1.39,15.2,49,50.0
PLT-01099,2025-10-30,14.47,74.8,6.61,1.38,12.0,49,50.0
PLT-04204,2025-11-04,26.27,73.9,6.51,1.4965305263157893,17.4,51,50.0
PLT-02845,2025-07-01,17.57,74.3,4.46,1.68,13.7,58,100.38
PLT-00887,2025-01-28,23.09,76.2,7.43,1.72,12.9,52,50.0
PLT-04982,2025-09-08,19.91,71.2,5.42,1.12,17.3,54,167.57
PLT-03752,2025-04-10,22.46,79.0,5.88,0.97,14.6,55,50.0
PLT-04626,2025-06-20,23.54,46.3,6.01,1.45,12.8,45,50.0
PLT-04490,2025-01-03,19.32,53.1,6.47,1.44,18.6,54,50.0
PLT-04446,2025-12-11,21.99,57.8,6.89,1.33,14.1,51,191.73
PLT-00516,2025-02-12,23.41,75.3,4.8,1.77,16.7,57,50.0
PLT-04668,2025-12-26,21.43,79.1,6.61,1.93,10.0,45,50.0
PLT-00738,2025-04-08,12.52,67.0,5.3,1.75,13.1,47,50.0
PLT-01454,2025-09-23,18.96,48.3,5.78,1.76,11.6,47,50.0
PLT-04050,2025-02-27,20.33,49.0,5.36,1.28,13.3,52,50.0
PLT-04749,2025-08-25,20.26,67.7,5.74,1.17,14.4,46,343.05
PLT-02507,2025-08-20,24.72,55.0,5.42,1.21,12.0,48,50.0
PLT-02995,2025-09-17,20.09,68.9,5.22,1.32,18.9,49,62.02
PLT-02127,2025-10-09,18.45,67.2,5.71,1.33,15.6,46,308.96
PLT-02927,2025-04-09,20.26,76.7,7.27,0.77,12.1,52,50.0
PLT-04795,2025-04-06,18.31,52.5,5.15,1.53,12.8,48,50.0
PLT-00907,2025-01-28,21.6,70.1,7.57,1.26,11.7,45,151.07
PLT-03721,2025-08-23,23.2,83.6,6.43,1.49,15.7,47,50.0
PLT-01031,2025-11-16,16.21,68.1,5.77,2.09,11.2,49,188.6
PLT-02508,2025-08-15,21.37,51.1,6.71,1.62,13.4,57,50.0
PLT-02429,2025-03-01,19.47,71.7,6.63,1.44,13.5,56,278.2
PLT-00948,2025-04-22,17.52,63.7,5.96,1.23,12.6,54,337.31
PLT-03880,2025-01-17,11.88,58.7,6.83,1.55,13.1,57,50.0
PLT-00763,2025-12-14,22.06,65.8,5.13,1.38,12.6,49,293.7
PLT-00716,2025-11-08,18.93,75.6,5.84,1.47,14.2,45,122.53
PLT-00285,2025-12-06,20.68,65.3,5.21,1.54,13.9,50,336.49
PLT-00687,2025-06-05,19.73,64.2,6.6,1.2,15.9,54,327.57
PLT-03342,2025-10-28,17.67,74.0,6.01,1.9,10.8,55,69.68
PLT-02354,2025-09-15,22.19,46.7,6.62,1.97,13.9,58,50.0
PLT-02258,2025-07-07,14.92,62.8,4.95,1.48,12.8,49,177.72
PLT-03622,2025-01-13,24.01,70.7,6.05,1.56,15.1,53,221.69
PLT-00474,2025-07-23,17.86,67.3,6.3,1.6,12.1,59,334.5
PLT-00022,2025-07-11,14.67,59.4,6.03,1.19,14.5,58,68.46
PLT-02753,2025-11-10,16.83,76.0,6.9,1.44,11.1,46,50.0
PLT-00886,2025-01-14,21.02,73.0,7.23,1.34,11.3,51,87.47
PLT-02449,2025-04-07,16.83,56.1,5.84,1.28,12.5,57,131.91
PLT-00918,2025-07-31,24.36,59.1,4.81,1.4965305263157893,12.6,56,124.03
PLT-03831,2025-06-11,22.3,61.3,6.03,1.4,15.3,45,209.27
PLT-03825,2025-06-30,17.64,52.2,5.89,1.55,13.8,46,50.0
PLT-02240,2025-06-09,15.2,65.6,5.09,1.4,13.3,54,224.15
PLT-03919,2025-05-02,13.34,48.4,6.72,1.56,14.2,54,50.0
PLT-03396,2025-04-26,22.63,66.8,5.79,1.36,15.5,57,302.9
PLT-01266,2025-09-21,21.18,74.0,5.23,1.67,13.2,58,203.82
PLT-00484,2025-09-07,18.87,54.3,6.61,1.75,15.4,54,97.48
PLT-04382,2025-04-16,19.65,71.6,5.85,1.8,15.2,58,275.46
PLT-02964,2025-09-24,20.61,55.6,6.75,1.21,13.6,57,168.42
PLT-01220,2025-11-14,21.42,45.6,6.03,1.33,17.7,55,50.0
PLT-00278,2025-02-23,19.0,66.5,7.74,1.31,12.6,58,270.64
PLT-00989,2025-04-23,17.65,57.1,5.89,1.34,14.5,51,190.3
PLT-02085,2025-06-18,20.44,68.8,6.68,1.79,14.5,53,336.65
PLT-01246,2025-03-28,22.41,58.2,7.19,1.6,15.0,48,177.76
PLT-02383,2025-01-14,18.49,80.2,5.1,1.44,13.2,54,50.0
PLT-00572,2025-09-22,19.5,74.6,5.89,2.05,20.3,48,50.0
PLT-01436,2025-03-21,14.59,60.9,6.03,1.71,14.7,48,123.93
PLT-00994,2025-05-22,16.31,76.4,5.57,1.79,14.9,59,50.0
PLT-03521,2025-08-07,14.16,55.1,5.61,1.2,14.0,52,50.0
PLT-03516,2025-07-22,18.24,60.5,6.57,1.41,13.2,56,283.03
PLT-00586,2025-02-08,20.39,67.4,5.88,1.63,16.5,49,276.07
PLT-03732,2025-12-06,17.89,80.3,6.54,1.81,16.9,57,50.0
PLT-02515,2025-04-15,22.09,75.9,4.16,1.54,14.1,57,50.0
PLT-01350,2025-04-27,23.82,67.7,5.18,0.92,14.2,46,244.59
PLT-01008,2025-01-13,18.76,60.8,6.35,1.96,14.1,54,299.67
PLT-00675,2025-11-01,20.06,56.4,6.6,1.52,14.1,54,226.55
PLT-02413,2025-01-12,23.09,67.7,6.37,1.55,13.2,51,297.98
PLT-02904,2025-04-08,18.51,62.4,6.23,1.22,14.5,58,345.25
PLT-00448,2025-08-27,13.92,46.5,6.14,1.77,12.3,47,50.0
PLT-03543,2025-01-13,18.45,66.3,6.67,1.4,12.5,48,276.21
PLT-03832,2025-05-14,19.99,65.3,4.66,1.29,10.4,52,157.34
PLT-03922,2025-10-21,16.51,72.5,6.2,1.32,12.5,49,155.36
PLT-00360,2025-06-23,18.19,60.3,6.01,1.5,16.5,58,250.74
PLT-02065,2025-08-20,18.31,56.7,7.03,1.5,16.7,53,116.92
PLT-03884,2025-12-28,19.36,59.6,5.97,1.43,15.9,56,286.09
PLT-01691,2025-08-10,22.54,43.7,5.31,1.45,11.3,50,50.0
PLT-04371,2025-10-28,18.84,72.0,6.8,1.6,15.5,59,258.7
PLT-01549,2025-05-28,22.26,59.3,4.97,1.78,14.3,47,225.34
PLT-01248,2025-10-15,15.75,62.6,6.4,2.27,12.9,49,214.51
PLT-01986,2025-09-21,22.39,47.3,5.35,1.55,12.9,54,50.0
PLT-00295,2025-06-12,20.7,68.6,6.82,1.4965305263157893,11.6,49,217.17
PLT-01548,2025-03-13,16.54,61.9,5.82,1.3,14.8,49,274.88
PLT-02013,2025-02-04,21.46,64.5,6.8,1.34,14.0,46,337.49
PLT-00589,2025-02-11,24.35,67.5,6.17,1.73,15.3,55,223.22
PLT-03330,2025-04-27,17.38,61.2,5.91,1.54,15.6,47,247.9
PLT-02404,2025-11-06,20.64,54.2,6.56,1.74,15.2,53,107.79
PLT-02130,2025-04-27,20.47,73.0,5.88,1.11,14.5,49,243.94
PLT-04433,2025-06-13,18.23,61.3,6.16,2.27,16.4,57,216.43
PLT-03509,2025-03-11,21.52,76.8,5.91,1.57,14.5,54,108.59
PLT-02411,2025-03-09,14.46,61.7,6.03,2.02,10.8,54,80.91
PLT-02720,2025-07-21,15.85,65.7,7.04,1.51,15.8,59,217.36
PLT-04600,2025-04-03,17.61,61.4,5.68,0.95,14.2,55,271.9
PLT-00426,2025-05-24,21.35,68.4,7.01,1.94,10.6,55,200.67
PLT-01055,2025-11-24,17.1,79.2,5.88,1.2,15.0,51,50.0
PLT-04045,2025-04-01,19.48,56.8,6.99,1.18,15.1,49,185.53
PLT-04608,2025-05-08,20.23,87.0,6.9,0.98,14.4,46,50.0
PLT-00557,2025-08-05,22.12,65.9,6.03,1.53,14.8,54,215.21
PLT-04403,2025-02-10,13.8,69.1,6.04,1.35,13.7,51,126.35
PLT-04016,2025-01-10,23.69,50.1,5.06,1.51,14.4,50,50.0
PLT-04761,2025-12-12,23.17,58.5,4.77,1.57,12.2,59,183.23
PLT-02470,2025-04-02,15.55,57.3,6.23,1.66,16.8,55,64.28
PLT-04759,2025-01-02,22.38,61.8,7.4,1.11,11.2,49,180.06
PLT-00356,2025-02-23,19.2,68.5,5.88,1.98,13.2,54,307.55
PLT-01194,2025-12-10,24.34,64.5,6.27,1.91,16.2,52,220.57
PLT-01717,2025-02-02,17.12,62.3,6.94,1.6,14.1,51,260.52
PLT-03417,2025-09-02,18.34,74.1,7.12,2.07,17.0,55,74.46
PLT-02605,2025-07-02,16.01,83.1,6.08,1.66,11.2,48,50.0
PLT-04578,2025-01-11,21.99,74.7,6.76,1.29,13.9,48,144.05
PLT-02829,2025-07-07,23.12,78.8,6.99,1.33,14.7,49,50.0
PLT-01705,2025-07-29,22.64,60.2,5.22,1.18,15.1,48,220.48
PLT-02864,2025-03-11,24.7,68.4,5.61,1.65,20.4,52,50.0
PLT-02619,2025-08-10,21.6,77.0,4.93,2.1,13.7,52,50.0
PLT-02401,2025-11-17,23.12,58.7,6.03,1.55,14.5,49,240.67
PLT-02140,2025-09-28,24.24,75.5,6.66,1.43,11.5,46,50.0
PLT-03240,2025-02-18,19.17,74.2,5.81,1.74,13.5,50,147.65
PLT-02384,2025-03-14,19.55,66.2,5.6,1.4965305263157893,14.5,45,366.0
PLT-03219,2025-06-02,17.17,76.1,5.27,1.41,13.8,54,50.0
PLT-03818,2025-06-05,20.18,69.9,5.83,1.4965305263157893,15.9,55,264.91
PLT-01286,2025-02-05,23.16,72.2,5.27,1.79,16.3,45,120.29
PLT-03870,2025-04-29,21.01,81.8,6.03,1.44,15.5,51,50.0
PLT-03915,2025-08-14,16.61,69.3,6.85,1.21,15.1,49,229.48
PLT-04514,2025-06-02,16.82,58.6,5.54,1.59,11.1,48,140.79
PLT-02088,2025-09-26,24.08,52.7,6.69,1.52,13.9,46,50.0
PLT-01890,2025-03-23,16.83,49.0,5.33,1.29,13.0,58,50.0
PLT-03577,2025-03-06,22.7,78.3,5.23,0.94,13.3,47,50.0
PLT-01592,2025-01-29,21.94,54.7,6.63,1.5,15.1,56,95.48
PLT-01347,2025-06-02,19.27,77.2,6.55,1.04,15.6,54,50.0
PLT-04476,2025-07-04,27.36,72.1,6.37,1.16,13.3,54,50.0
PLT-02163,2025-02-21,17.78,41.6,6.07,1.4965305263157893,13.7,45,50.0
PLT-02397,2025-10-16,20.66,50.8,5.68,1.06,14.2,53,50.0
PLT-03717,2025-04-30,23.68,70.5,5.28,1.81,9.9,52,57.94
PLT-02272,2025-06-13,16.64,69.3,5.01,1.76,13.4,48,208.76
PLT-04536,2025-11-13,14.57,62.5,4.41,1.42,15.1,59,119.68
PLT-03112,2025-03-25,23.02,67.7,5.52,0.71,14.5,51,279.08
PLT-01138,2025-07-29,20.67,68.9,6.03,1.53,15.0,54,352.74
PLT-03973,2025-04-17,21.04,66.0,6.87,1.46,13.4,48,330.52
PLT-00973,2025-04-04,20.31,60.0,7.35,1.83,12.4,48,206.65
PLT-00796,2025-12-01,16.8,69.3,4.99,1.45,14.8,51,227.76
PLT-03021,2025-07-15,23.53,74.3,5.18,1.17,12.8,53,99.87
PLT-01712,2025-06-13,25.03,52.9,4.23,1.26,15.3,55,50.0
PLT-03388,2025-06-06,20.4,68.3,6.41,1.4965305263157893,16.7,53,238.99
PLT-00037,2025-02-20,19.16,71.0,7.15,1.42,16.8,50,146.11
PLT-00454,2025-03-30,16.24,55.1,6.74,2.03,12.2,59,50.0
PLT-00914,2025-10-27,21.0,51.0,6.73,1.75,16.0,52,50.0
PLT-04131,2025-07-31,23.21,54.0,6.03,1.28,20.3,46,50.0
PLT-01200,2025-06-03,16.63,73.3,5.94,1.28,13.6,49,170.08
PLT-01275,2025-07-01,22.89,50.2,7.72,2.21,14.5,59,50.0
PLT-02376,2025-06-07,16.61,77.1,6.31,1.47,10.5,57,50.0
PLT-00038,2025-12-30,22.54,73.5,5.42,0.73,14.4,51,147.8
PLT-00975,2025-07-13,20.83,66.6,6.57,1.41,13.9,51,343.96
PLT-03196,2025-01-21,21.46,68.8,6.91,1.06,13.8,51,270.27
PLT-00984,2025-11-20,23.91,66.9,4.57,1.79,11.5,54,170.28
PLT-04416,2025-10-17,15.56,65.2,6.02,1.21,13.5,47,272.42
PLT-04353,2025-04-10,18.04,64.6,6.53,1.64,15.3,55,308.0
PLT-01419,2025-08-17,17.04,60.1,4.94,1.39,11.3,59,177.82
PLT-03333,2025-06-15,22.47,69.4,6.68,1.68,13.7,56,279.24
PLT-01561,2025-09-19,18.04,65.3,5.03,1.8,13.5,58,350.52
PLT-00040,2025-09-01,15.78,67.8,6.51,1.24,15.5,51,188.18
PLT-01487,2025-01-04,19.6,80.0,5.85,1.1,13.8,49,50.0
PLT-03960,2025-03-30,15.52,63.8,6.37,1.41,12.6,52,247.39
PLT-00170,2025-11-27,24.56,51.1,5.02,1.65,9.6,53,50.0
PLT-01356,2025-05-14,20.01,73.0,6.28,2.22,13.7,51,213.3
PLT-02786,2025-05-17,17.01,81.3,5.02,1.34,10.8,51,50.0
PLT-03706,2025-05-21,23.96,77.1,7.45,1.0,15.0,46,50.0
PLT-04798,2025-01-05,22.0,61.1,6.34,1.92,16.1,52,288.76
PLT-04753,2025-05-18,18.71,72.0,6.67,1.09,13.3,47,225.94
PLT-04104,2025-01-24,25.42,61.5,5.97,1.79,13.7,50,158.28
PLT-01641,2025-09-26,17.3,73.7,5.66,1.4965305263157893,9.0,48,50.0
PLT-01291,2025-10-30,18.66,85.5,7.81,1.12,12.9,46,50.0
PLT-01381,2025-06-13,18.7,74.4,6.03,0.83,12.0,46,81.82
PLT-01934,2025-05-11,23.55,54.3,5.77,1.34,10.3,50,50.0
PLT-00580,2025-04-09,15.93,60.6,5.31,2.4,9.7,54,50.0
PLT-04264,2025-01-12,19.72,68.3,5.52,1.8,14.6,48,305.57
PLT-03161,2025-07-02,21.48,74.2,6.44,1.78,14.9,57,173.2
PLT-02031,2025-10-12,20.92,63.7,7.41,1.22,12.8,52,251.33
PLT-00893,2025-07-06,20.22,67.1,5.72,1.2,12.5,59,328.67
PLT-04910,2025-02-28,19.52,65.3,5.5,1.64,15.8,45,289.21
PLT-00781,2025-10-30,22.88,41.5,5.45,1.7,13.6,49,50.0
PLT-00160,2025-06-19,19.43,69.4,7.02,1.9,14.4,47,288.81
PLT-00003,2025-09-28,17.69,66.1,6.16,1.59,13.5,56,329.22
PLT-02264,2025-02-11,19.93,67.1,6.16,1.25,17.6,47,220.42
PLT-03217,2025-09-19,16.66,53.2,6.7,2.25,13.7,47,50.0
PLT-02110,2025-03-06,19.63,62.8,6.03,1.28,14.8,59,302.76
PLT-00850,2025-05-13,22.23,76.5,5.98,1.44,13.8,49,50.0
PLT-02738,2025-09-11,18.02,66.5,5.26,1.38,13.9,52,329.45
PLT-02467,2025-09-13,17.1,59.4,6.29,1.5,16.1,58,195.35
PLT-04714,2025-09-07,26.37,72.5,6.66,1.26,9.6,51,50.0
PLT-04835,2025-10-31,16.06,69.0,6.5,1.22,17.4,55,104.22
PLT-01597,2025-06-19,20.47,65.0,5.92,1.81,16.5,56,309.0
PLT-01777,2025-06-02,16.79,61.8,7.06,1.4965305263157893,15.0,49,254.85
PLT-01914,2025-12-30,23.82,71.1,5.38,1.27,13.1,48,203.24
PLT-01044,2025-06-14,21.46,68.4,5.75,1.43,15.0,59,321.24
PLT-04762,2025-10-06,21.41,57.4,5.04,1.36,14.2,46,205.51
PLT-01545,2025-02-21,25.1,67.3,7.07,1.84,14.5,48,181.61
PLT-02737,2025-02-24,17.76,60.9,6.01,1.27,10.6,56,203.3
PLT-03780,2025-08-23,24.41,81.0,5.51,1.39,11.6,53,50.0
PLT-04665,2025-07-23,23.71,68.2,5.87,1.36,15.3,54,249.34
PLT-00054,2025-12-12,24.88,64.2,5.52,1.58,17.3,47,121.6
PLT-01797,2025-11-16,20.63,79.7,5.95,1.22,15.6,57,50.0
PLT-03589,2025-05-07,23.36,67.4,6.23,1.6,15.9,52,215.09
PLT-01912,2025-01-04,19.41,57.0,4.41,1.5,14.2,59,173.19
PLT-02307,2025-05-30,14.54,60.6,5.35,1.52,11.9,59,123.84
PLT-02554,2025-10-04,17.6,81.2,6.31,1.92,14.9,47,50.0
PLT-02801,2025-02-20,23.5,56.6,4.92,1.11,13.3,51,129.15
PLT-00937,2025-10-09,22.99,61.9,6.97,1.65,15.6,54,260.37
PLT-04170,2025-08-02,17.99,35.1,7.42,1.51,10.5,46,50.0
PLT-00825,2025-05-31,15.95,39.9,5.63,1.89,13.4,54,50.0
PLT-04783,2025-11-22,18.92,70.3,7.15,0.99,14.4,52,242.98
PLT-03179,2025-02-04,20.1,57.5,4.74,1.38,11.9,45,158.52
PLT-03402,2025-11-21,17.75,54.6,5.59,2.0,13.8,46,82.88
PLT-01390,2025-04-21,17.1,53.5,7.52,1.73,14.5,54,50.0
PLT-03565,2025-02-26,16.49,78.8,6.01,2.11,14.4,53,50.0
PLT-04927,2025-08-18,21.0,62.3,7.17,0.93,13.9,55,294.2
PLT-00885,2025-08-02,19.57,68.8,6.03,1.88,15.3,48,302.76
PLT-03879,2025-08-21,22.59,80.5,6.2,1.9,13.8,46,50.0
PLT-03647,2025-12-03,18.11,62.3,6.38,1.78,17.3,59,218.58
PLT-01608,2025-03-31,22.46,80.1,6.96,1.67,14.1,49,50.0
PLT-01595,2025-08-14,20.89,61.0,6.21,1.41,10.9,52,225.23
PLT-00772,2025-11-02,19.9,66.8,5.67,1.59,12.9,46,332.7
PLT-02612,2025-08-01,22.41,56.4,5.48,1.86,8.9,59,50.0
PLT-03930,2025-08-10,20.85,67.9,5.36,1.44,13.8,48,323.17
PLT-02274,2025-05-16,20.06,48.2,4.34,1.83,13.1,58,50.0
PLT-01869,2025-12-28,20.14,66.9,4.08,1.64,12.3,46,213.59
PLT-01086,2025-10-16,22.99,51.3,6.54,1.33,13.9,49,50.0
PLT-00011,2025-11-27,19.91,65.7,6.03,2.14,15.1,50,229.53
PLT-03685,2025-08-02,21.59,62.6,5.78,1.4965305263157893,13.4,58,358.11
PLT-01326,2025-09-03,20.7,69.2,4.22,1.13,16.2,56,177.27
PLT-03391,2025-11-01,21.01,71.6,6.41,1.4965305263157893,15.6,49,253.47
PLT-01464,2025-05-17,26.59,55.1,5.79,1.71,14.8,46,50.0
PLT-00807,2025-05-13,23.21,79.5,5.26,1.4965305263157893,13.8,57,50.0
PLT-03809,2025-01-29,24.41,88.3,6.76,1.24,10.3,59,50.0
PLT-04064,2025-08-09,21.43,51.9,6.22,1.52,15.5,47,50.0
PLT-03845,2025-05-15,18.23,90.1,7.15,1.18,19.3,58,50.0
PLT-02109,2025-05-23,18.29,61.4,6.46,1.28,12.8,55,295.83
PLT-04280,2025-01-19,20.35,67.2,5.17,1.77,11.4,56,285.64
PLT-02235,2025-04-29,20.47,57.9,5.21,1.21,15.9,58,219.24
PLT-03212,2025-12-13,20.51,67.4,6.38,1.37,13.5,50,328.96
PLT-00964,2025-08-11,20.54,62.3,6.56,1.63,17.0,58,258.44
PLT-03416,2025-05-05,18.93,64.6,6.03,1.48,9.3,57,149.03
PLT-03827,2025-07-06,22.05,71.6,7.79,1.04,15.0,48,131.91
PLT-00399,2025-07-09,16.69,65.0,5.77,1.35,11.0,47,200.28
PLT-02633,2025-08-24,18.85,77.7,5.33,1.66,15.6,56,50.0
PLT-04901,2025-07-12,22.98,56.1,6.9,1.33,13.8,51,128.95
PLT-00705,2025-07-31,17.23,70.7,6.21,1.46,12.5,59,280.86
PLT-00432,2025-05-25,25.35,67.4,6.41,1.89,12.8,57,169.5
PLT-00293,2025-07-13,22.33,64.2,6.32,1.26,11.2,55,253.14
PLT-04917,2025-08-10,22.68,63.2,5.85,1.73,13.6,56,291.67
PLT-00146,2025-08-19,22.96,50.2,4.22,1.36,15.0,56,50.0
PLT-04379,2025-03-14,21.64,67.4,6.16,1.85,11.9,49,277.98
PLT-02034,2025-08-11,17.38,65.0,5.39,1.66,11.4,49,255.32
PLT-04672,2025-04-26,16.85,60.0,6.72,2.16,13.4,45,249.81
PLT-01166,2025-11-15,16.16,70.6,6.46,1.56,14.2,56,215.74
PLT-03501,2025-01-17,18.22,58.6,5.97,1.83,14.4,54,260.41
PLT-02051,2025-12-24,14.27,86.7,4.89,1.46,15.2,50,50.0
PLT-02625,2025-05-29,19.38,76.5,5.88,2.0,16.1,50,50.0
PLT-04423,2025-11-27,20.84,73.3,7.31,1.72,14.0,56,196.08
PLT-00340,2025-12-15,18.93,64.9,5.98,1.74,9.5,52,135.85
PLT-03956,2025-03-31,16.92,66.3,5.33,1.0,11.6,56,244.9
PLT-03746,2025-08-15,17.59,55.5,5.58,1.73,12.1,59,111.99
PLT-02974,2025-08-26,19.01,63.8,6.79,1.47,15.6,45,275.25
PLT-00266,2025-09-11,23.59,65.8,5.65,1.39,11.9,56,266.38
PLT-02425,2025-12-15,16.92,65.1,8.16,0.88,12.8,54,147.67
PLT-01263,2025-02-20,22.1,77.8,5.75,1.63,10.1,55,50.0
PLT-01772,2025-06-30,19.1,85.1,4.93,1.03,14.3,59,50.0
PLT-03512,2025-08-16,22.04,52.7,7.16,1.65,15.6,56,50.0
PLT-00272,2025-04-09,17.43,69.7,5.98,1.85,13.8,47,268.43
PLT-00697,2025-01-28,19.09,61.8,7.69,1.59,13.9,53,226.63
PLT-00748,2025-01-23,25.57,50.6,6.7,1.44,12.7,54,50.0
PLT-00245,2025-05-28,18.47,48.7,5.53,1.43,11.8,57,50.0
PLT-00318,2025-08-14,22.57,58.2,4.84,1.28,11.7,50,149.02
PLT-00477,2025-02-08,19.29,59.8,6.49,1.57,17.9,51,163.37
PLT-02033,2025-02-08,23.96,66.1,4.51,1.56,13.9,55,234.08
PLT-00958,2025-09-04,21.56,80.2,5.21,1.4965305263157893,12.0,51,50.0
PLT-00814,2025-03-10,23.02,75.5,6.59,1.32,13.6,49,96.96
PLT-04214,2025-07-11,18.42,73.4,7.7,1.12,12.4,54,105.49
PLT-01915,2025-01-20,20.38,77.0,6.88,1.4,16.4,55,50.0
PLT-04649,2025-07-25,21.38,48.9,7.53,0.97,12.0,57,50.0
PLT-03488,2025-11-06,22.23,60.0,6.16,1.4,16.6,57,219.8
PLT-01298,2025-09-18,17.91,81.1,7.47,1.36,10.6,57,50.0
PLT-04625,2025-01-17,14.37,56.6,3.98,1.78,16.0,56,50.0
PLT-01805,2025-10-16,18.62,44.4,6.03,1.4965305263157893,12.4,59,50.0
PLT-00759,2025-07-24,22.64,58.2,5.48,1.32,12.7,54,196.32
PLT-00251,2025-12-04,20.18,61.7,7.66,1.79,11.5,51,166.24
PLT-02462,2025-06-27,19.96,59.8,5.12,0.96,12.1,59,223.35
PLT-00546,2025-02-05,22.5,63.8,6.35,1.57,16.2,57,259.04
PLT-03242,2025-07-09,20.35,81.0,5.22,1.5,14.7,58,50.0
PLT-00739,2025-04-15,17.1,60.1,7.02,1.18,11.2,49,152.86
PLT-00311,2025-02-07,17.41,65.4,6.99,1.4,8.4,56,50.0
PLT-03854,2025-02-14,16.06,62.5,5.36,1.39,15.0,55,241.55
PLT-02942,2025-08-02,16.36,57.9,5.32,1.8,14.0,57,211.62
PLT-01132,2025-12-12,19.72,69.3,5.68,1.37,11.9,45,248.53
PLT-01450,2025-12-31,21.51,63.7,6.24,1.81,12.9,52,345.97
PLT-04970,2025-04-29,17.83,67.2,6.57,1.73,13.8,54,325.53
PLT-00016,2025-05-11,20.9,46.7,7.29,1.29,12.0,54,50.0
PLT-03233,2025-10-18,26.54,63.3,5.08,1.42,17.2,56,50.0
PLT-02770,2025-10-30,21.92,50.4,5.77,1.55,14.9,50,50.0
PLT-03469,2025-08-02,27.91,56.4,6.2,2.08,17.1,53,50.0
PLT-00921,2025-03-08,19.58,82.4,6.42,1.2,15.3,58,50.0
PLT-03030,2025-03-01,17.47,67.1,5.68,1.48,13.7,48,296.17
PLT-01373,2025-06-30,21.58,68.1,6.03,0.98,15.7,52,198.04
PLT-03588,2025-07-20,19.44,47.0,6.12,1.53,12.5,52,50.0
PLT-02545,2025-11-29,21.43,70.2,6.03,1.93,10.5,59,176.17
PLT-03599,2025-09-17,18.45,50.7,5.28,1.4965305263157893,12.0,55,50.0
PLT-00039,2025-02-24,19.85,60.1,6.15,1.1,15.6,56,329.28
PLT-00364,2025-12-08,17.86,81.6,6.72,1.92,16.1,47,50.0
PLT-04701,2025-12-13,18.99,54.4,6.98,1.53,13.4,54,112.59
PLT-00183,2025-05-17,21.06,75.3,6.38,1.12,13.9,54,117.87
PLT-03034,2025-08-04,20.53,67.0,4.67,1.75,12.6,48,271.26
PLT-02984,2025-10-10,19.76,80.8,5.29,1.53,14.0,50,50.0
PLT-01195,2025-06-10,21.7,71.3,5.75,1.25,17.6,56,175.59
PLT-02853,2025-08-16,26.25,57.1,7.61,1.88,13.2,50,50.0
PLT-03840,2025-05-06,19.88,55.3,5.73,1.39,12.3,53,144.43
PLT-01122,2025-05-28,19.03,57.3,4.32,1.32,13.9,56,176.22
PLT-02236,2025-05-29,21.19,82.9,5.83,2.05,11.3,48,50.0
PLT-02668,2025-08-17,20.33,57.1,6.34,1.58,15.8,55,208.29
PLT-03224,2025-08-06,15.24,57.6,6.64,1.22,18.0,54,50.0
PLT-01183,2025-12-13,20.93,61.4,6.8,1.74,12.3,50,281.46
PLT-04227,2025-09-27,20.87,58.9,5.66,1.4965305263157893,13.5,51,282.34
PLT-04338,2025-04-18,17.48,64.2,5.54,1.68,15.0,59,309.86
PLT-00615,2025-01-29,26.81,71.8,5.53,1.29,17.0,47,50.0
PLT-04959,2025-08-27,18.11,76.9,5.25,1.77,13.7,55,62.36
PLT-01467,2025-11-11,23.23,56.9,7.87,1.53,12.9,49,50.0
PLT-00402,2025-11-10,23.99,51.7,7.95,1.31,11.5,58,50.0
PLT-03043,2025-07-09,19.67,61.3,5.09,1.9,13.1,56,317.56
PLT-00935,2025-01-06,19.46,70.2,6.0,1.98,15.0,54,316.25
PLT-02420,2025-11-30,22.31,65.6,6.53,1.93,12.9,54,300.26
PLT-04180,2025-11-17,18.97,55.1,5.63,1.23,13.5,50,133.86
PLT-04560,2025-03-26,17.27,72.7,6.35,1.46,16.2,51,147.45
PLT-02642,2025-12-14,21.97,70.1,5.38,2.2,11.1,49,197.59
PLT-04097,2025-07-14,20.56,65.8,6.03,1.49,13.4,58,358.09
PLT-00727,2025-08-27,23.66,65.0,5.81,1.61,13.7,45,307.04
PLT-00827,2025-12-02,20.1,60.4,6.06,1.32,13.0,49,335.26
PLT-04794,2025-03-11,19.91,64.5,6.24,1.42,13.8,46,330.85
PLT-02931,2025-02-18,21.18,62.5,6.73,1.45,13.9,58,345.38
PLT-00137,2025-02-11,17.84,78.1,5.09,0.94,11.6,46,50.0
PLT-03591,2025-06-13,19.48,53.9,5.41,1.46,12.4,52,115.19
PLT-00629,2025-09-09,25.97,54.4,6.45,1.83,12.3,55,50.0
PLT-00335,2025-01-06,23.15,62.7,4.68,2.02,12.1,45,187.3
PLT-00391,2025-11-18,16.99,60.3,6.52,1.4965305263157893,13.8,56,271.67
PLT-04432,2025-10-02,21.69,60.7,6.95,1.9,13.2,58,285.23
PLT-04926,2025-10-20,17.37,72.8,6.48,1.32,12.6,58,194.49
PLT-03907,2025-08-29,21.42,59.3,5.65,1.79,15.0,58,273.71
PLT-01818,2025-04-02,22.81,77.7,7.51,1.34,15.2,58,50.0
PLT-00401,2025-05-30,17.66,65.5,5.65,1.42,15.3,50,333.27
PLT-00711,2025-03-23,21.53,55.1,6.22,1.06,16.3,58,114.29
PLT-01040,2025-11-12,20.55,58.5,6.61,2.04,13.0,50,228.2
PLT-04069,2025-11-08,20.1,77.3,6.05,1.47,18.5,49,50.0
PLT-03360,2025-12-30,22.05,78.5,5.78,1.57,16.0,54,50.0
PLT-00047,2025-06-16,14.89,63.1,6.75,1.08,8.7,55,50.0
PLT-01562,2025-01-05,20.08,63.4,5.8,1.4965305263157893,14.9,59,403.56
PLT-04849,2025-12-07,22.9,63.5,6.58,1.62,15.1,56,271.47
PLT-03643,2025-11-09,17.56,31.8,5.65,1.52,11.5,49,50.0
PLT-03727,2025-09-30,24.65,75.1,5.1,1.15,14.4,55,50.0
PLT-04893,2025-02-28,19.36,71.5,5.9,1.52,17.8,54,124.45
PLT-01113,2025-05-10,24.18,70.3,6.94,1.9,14.2,45,161.42
PLT-02514,2025-04-23,22.28,80.7,6.08,2.12,14.5,46,50.0
PLT-03609,2025-03-02,15.23,70.3,7.22,0.82,16.0,59,107.81
PLT-01224,2025-11-01,18.11,74.8,4.93,1.9,15.1,48,107.36
PLT-04907,2025-04-03,21.23,60.9,6.84,1.58,15.0,48,283.16
PLT-03024,2025-05-13,18.92,64.9,5.51,0.86,15.6,52,324.62
PLT-02422,2025-05-26,22.48,77.0,6.49,1.79,12.2,46,50.0
PLT-01509,2025-08-24,15.55,49.3,5.32,1.47,15.1,47,50.0
PLT-01751,2025-06-12,22.23,73.2,5.82,1.18,15.1,59,187.04
PLT-04887,2025-07-01,22.25,63.9,5.05,1.49,13.8,51,309.87
PLT-04138,2025-08-27,18.11,68.1,6.54,1.7,11.6,47,261.57
PLT-01800,2025-06-15,22.35,67.7,5.76,1.78,15.0,49,305.23
PLT-00339,2025-10-07,21.47,69.2,5.26,1.25,13.8,45,275.32
PLT-00216,2025-02-22,19.53,85.8,5.02,1.81,16.5,49,50.0
PLT-03664,2025-09-17,18.62,73.3,5.93,1.45,12.5,46,194.87
PLT-01342,2025-12-22,16.71,65.6,6.03,1.4965305263157893,13.5,58,312.6
PLT-00012,2025-03-29,17.45,76.9,6.02,0.95,17.8,49,50.0
PLT-01521,2025-06-07,16.08,75.0,5.73,1.4965305263157893,15.0,57,82.97
PLT-03641,2025-02-22,18.35,53.5,6.08,1.49,13.6,59,91.49
PLT-04744,2025-01-08,18.79,78.3,6.8,1.35,13.2,55,50.0
PLT-03849,2025-06-09,18.82,89.3,6.89,1.17,13.9,57,50.0
PLT-03005,2025-04-19,14.76,47.6,5.04,1.4965305263157893,15.8,48,50.0
PLT-02865,2025-05-07,24.34,61.4,4.06,1.52,14.7,50,89.32
PLT-03116,2025-06-03,23.28,61.3,5.16,1.09,18.7,45,50.0
PLT-04890,2025-10-04,19.13,63.3,6.45,1.18,12.7,56,346.55
PLT-02323,2025-05-24,16.91,70.6,5.83,1.53,10.5,51,137.35
PLT-02572,2025-12-03,22.68,90.7,5.67,0.97,10.9,48,50.0
PLT-02914,2025-02-26,17.76,86.5,5.33,1.88,12.9,46,50.0
PLT-00102,2025-03-04,18.5,69.8,5.82,1.56,13.9,50,285.39
PLT-03550,2025-08-02,19.13,76.0,6.28,0.86,12.9,47,61.29
PLT-01459,2025-09-07,18.23,64.9,4.6,1.07,17.0,56,213.69
PLT-00172,2025-12-14,25.24,86.0,5.2,1.62,15.8,59,50.0
PLT-00108,2025-08-19,13.61,75.6,5.66,1.18,18.9,56,50.0
PLT-04240,2025-08-28,20.1,76.6,6.03,1.67,15.8,54,59.53
PLT-03570,2025-09-21,22.2,78.7,4.37,1.59,13.2,46,50.0
PLT-04340,2025-11-18,19.87,61.9,6.4,1.35,14.0,48,333.4
PLT-00025,2025-11-10,22.75,81.4,5.69,1.5,13.2,48,50.0
PLT-03937,2025-06-10,21.7,62.9,5.33,1.39,10.5,46,203.01
PLT-04397,2025-04-03,20.94,65.0,4.52,1.11,13.6,50,269.13
PLT-00939,2025-08-14,15.09,67.8,5.64,1.32,14.8,52,196.24
PLT-00061,2025-03-22,20.65,80.9,7.73,0.89,17.2,58,50.0
PLT-01241,2025-12-25,17.96,65.5,4.54,1.24,12.1,45,227.55
PLT-01041,2025-10-13,17.99,73.8,7.64,1.72,15.7,58,101.66
PLT-04230,2025-09-04,22.2,73.5,5.72,1.78,13.7,48,128.81
PLT-02761,2025-07-02,18.9,62.3,5.37,1.76,12.4,56,312.32
PLT-02121,2025-12-21,21.93,74.7,4.83,1.66,14.3,51,134.28
PLT-03522,2025-03-23,22.94,59.5,5.92,1.4965305263157893,15.6,45,221.76
PLT-00154,2025-11-23,19.31,89.2,6.58,1.67,13.4,50,50.0
PLT-02249,2025-09-20,22.19,70.0,6.45,1.11,15.4,52,256.16
PLT-00482,2025-12-23,25.82,63.0,6.9,1.31,17.9,52,50.0
PLT-04764,2025-11-14,17.06,66.7,6.11,1.6,12.5,52,265.75
PLT-04350,2025-02-17,20.3,68.7,5.75,1.11,8.7,49,50.0
PLT-03579,2025-01-25,18.46,56.4,5.41,1.46,13.3,52,190.52
PLT-04168,2025-05-19,23.51,39.5,5.88,1.83,12.3,54,50.0
PLT-03563,2025-07-03,18.7,62.3,6.0,1.41,13.7,50,325.78
PLT-03316,2025-04-15,17.85,63.0,6.42,2.14,11.3,56,251.14
PLT-01763,2025-04-03,19.7,71.7,6.42,1.89,13.9,52,241.8
PLT-03539,2025-03-04,18.84,66.4,6.03,1.33,16.3,46,281.17
PLT-04853,2025-01-25,16.71,75.4,6.44,1.34,11.8,56,76.1
PLT-00751,2025-07-21,26.29,77.7,6.35,1.47,12.1,55,50.0
PLT-03620,2025-07-07,21.51,54.2,7.3,1.8,15.0,48,61.77
PLT-01786,2025-11-15,20.04,61.2,4.47,1.57,14.1,50,257.57
PLT-04315,2025-08-07,17.37,72.1,5.96,1.98,7.9,59,50.0
PLT-03384,2025-07-12,19.54,74.6,5.41,1.86,12.1,55,121.86
PLT-04181,2025-07-10,20.59,56.7,5.71,1.8,13.1,50,211.36
PLT-00406,2025-06-29,25.49,74.5,5.99,1.7,20.0,51,50.0
PLT-00758,2025-06-22,24.35,51.4,6.32,1.62,13.7,54,50.0
PLT-02712,2025-01-20,16.17,62.4,6.64,1.37,12.0,56,221.5
PLT-02671,2025-12-28,22.93,55.1,6.68,1.65,12.7,56,77.85
PLT-04842,2025-07-26,22.53,69.3,6.0,1.3,12.6,50,298.21
PLT-00098,2025-01-09,13.64,62.6,4.29,1.53,14.6,47,65.54
PLT-01334,2025-08-03,14.33,72.3,7.28,1.51,13.5,53,50.0
PLT-04797,2025-03-20,23.57,68.5,7.12,1.3,16.9,47,139.7
PLT-02792,2025-09-16,14.13,69.3,6.46,1.54,17.9,52,50.0
PLT-02855,2025-04-17,18.98,60.4,5.31,1.22,12.2,57,285.93
PLT-00187,2025-11-03,14.26,81.0,5.85,1.53,14.4,55,50.0
PLT-04083,2025-10-06,23.28,64.3,7.96,1.87,14.2,46,182.95
PLT-02724,2025-02-26,12.4,46.2,5.79,2.02,18.2,57,50.0
PLT-03584,2025-08-20,13.1,82.2,5.3,1.42,15.0,51,50.0
PLT-02059,2025-08-06,22.06,59.5,7.11,1.79,14.5,55,238.13
PLT-01320,2025-01-09,22.66,78.8,5.66,1.83,15.2,49,50.0
PLT-04242,2025-05-27,21.2,69.9,6.24,1.39,13.7,55,289.92
PLT-00149,2025-06-20,17.33,63.3,6.75,1.77,16.0,49,273.92
PLT-00029,2025-12-11,25.22,66.6,6.14,1.38,12.5,53,203.37
PLT-04183,2025-02-20,18.26,65.8,5.72,1.45,17.7,48,154.4
PLT-04089,2025-08-09,15.95,69.1,4.33,1.24,11.9,46,104.85
PLT-03364,2025-06-05,18.88,68.4,7.15,0.96,10.3,45,114.41
PLT-00693,2025-05-16,22.93,66.5,5.72,1.71,14.3,53,305.72
PLT-02867,2025-09-05,19.47,62.8,6.02,1.93,9.7,52,144.41
PLT-03777,2025-12-22,19.09,66.7,6.68,1.79,14.9,52,332.81
PLT-01387,2025-11-06,15.37,54.0,4.96,1.4,11.0,50,50.0
PLT-01846,2025-03-14,21.28,85.4,7.23,1.58,13.2,59,50.0
PLT-04903,2025-04-14,18.5,40.4,5.54,1.71,9.9,51,50.0
PLT-00130,2025-08-06,22.27,70.4,8.27,1.49,9.1,59,50.0
PLT-01600,2025-01-25,20.59,54.9,6.43,1.79,9.0,55,50.0
PLT-03630,2025-01-27,20.99,67.5,4.59,1.19,13.5,54,283.46
PLT-04662,2025-05-16,24.51,84.6,6.98,1.35,17.4,59,50.0
PLT-00702,2025-07-11,18.45,72.6,6.64,1.72,15.6,49,217.35
PLT-04061,2025-10-05,27.32,65.7,6.27,1.54,14.8,56,89.01
PLT-03029,2025-07-30,20.66,64.0,5.58,0.65,15.5,49,300.54
PLT-02970,2025-03-26,15.93,53.7,6.29,1.28,15.0,58,50.46
PLT-04401,2025-09-30,20.13,70.1,7.44,1.55,16.8,57,170.27
PLT-01709,2025-06-24,18.23,60.7,5.43,1.52,10.5,58,233.32
PLT-02954,2025-04-07,24.24,55.0,6.25,1.13,16.9,55,50.0
PLT-00455,2025-08-25,20.55,81.2,6.56,1.39,15.9,50,50.0
PLT-02869,2025-05-28,19.61,61.1,6.4,1.46,14.3,53,324.72
PLT-02041,2025-10-28,19.81,63.2,7.09,1.23,16.0,57,292.58
PLT-01773,2025-01-24,16.98,50.3,4.65,1.04,13.9,49,50.0
PLT-02316,2025-06-07,20.2,59.2,4.97,1.71,12.9,57,278.33
PLT-00610,2025-06-19,19.77,61.5,5.18,1.48,13.8,51,318.37
PLT-00168,2025-12-06,22.33,74.8,4.78,1.64,12.0,50,57.19
PLT-00731,2025-10-09,21.3,60.7,6.12,1.45,13.7,59,328.4
PLT-04293,2025-05-08,22.4,64.9,6.03,1.39,11.1,47,223.4
PLT-03359,2025-07-07,19.95,51.7,5.28,1.32,15.3,51,50.0
PLT-03897,2025-02-21,19.05,55.1,6.31,0.93,14.0,58,170.2
PLT-02075,2025-02-22,20.39,70.6,5.31,0.88,15.9,50,227.15
PLT-04112,2025-12-31,18.38,62.5,6.64,1.23,14.2,58,321.41
PLT-03701,2025-05-17,22.11,59.1,5.4,1.7,14.6,53,258.47
PLT-01623,2025-02-25,19.65,53.0,6.3,1.46,15.5,54,50.0
PLT-00588,2025-06-30,16.41,55.8,5.5,1.3,13.3,52,107.65
PLT-01402,2025-12-03,21.08,64.3,6.38,1.78,12.2,56,331.81
PLT-03046,2025-02-03,24.09,59.0,5.75,1.24,12.2,50,174.75
PLT-03225,2025-10-10,23.42,64.4,5.74,1.41,15.7,58,297.33
PLT-01701,2025-01-12,19.9,50.1,6.25,1.76,15.4,47,50.0
PLT-03089,2025-02-08,21.08,71.9,5.65,1.69,14.5,58,270.56
PLT-04435,2025-03-18,16.66,65.5,5.84,1.48,15.5,55,272.99
PLT-02982,2025-12-31,19.04,74.3,6.35,1.46,14.6,56,168.27
PLT-01380,2025-01-11,14.49,75.7,7.31,1.3,15.9,53,50.0
PLT-02090,2025-09-02,20.7,78.9,6.79,1.46,13.5,48,50.0
PLT-03925,2025-07-29,24.39,76.3,6.35,1.08,16.6,55,50.0
PLT-02176,2025-05-12,21.51,69.3,6.23,1.67,16.8,57,247.09
PLT-03218,2025-08-02,18.11,69.3,6.03,1.49,11.6,55,249.32
PLT-02886,2025-06-10,24.0,59.0,7.22,1.14,16.9,58,94.88
PLT-00075,2025-12-17,23.54,36.5,6.01,1.76,14.4,45,50.0
PLT-03987,2025-07-06,19.9,45.7,5.29,2.01,15.1,59,50.0
PLT-03968,2025-10-12,17.7,79.7,6.91,1.38,18.4,56,50.0
PLT-02658,2025-01-03,18.1,59.6,5.69,2.03,14.4,59,313.87
PLT-03181,2025-03-06,24.1,67.9,5.64,1.78,15.7,46,184.8
PLT-02077,2025-03-10,18.57,71.1,5.53,1.83,11.9,53,239.17
PLT-00442,2025-10-06,17.04,60.2,8.74,1.17,14.6,50,50.0
PLT-04119,2025-11-09,21.27,42.3,5.99,1.98,12.1,52,50.0
PLT-02052,2025-01-05,20.28,75.5,5.9,1.86,13.4,50,138.22
PLT-02542,2025-03-28,19.97,51.9,5.55,1.66,12.5,47,50.0
PLT-03307,2025-03-25,22.24,69.9,6.12,1.13,15.3,54,279.74
PLT-01302,2025-08-14,19.33,61.0,5.59,1.83,14.1,55,328.79
PLT-01782,2025-12-06,18.29,66.0,5.8,1.84,13.8,53,344.69
PLT-04864,2025-07-30,26.13,60.4,6.03,0.64,12.5,46,50.0
PLT-03431,2025-10-12,17.32,70.1,5.09,2.07,17.2,45,131.37
PLT-01305,2025-12-08,23.42,63.7,5.47,0.98,15.3,52,276.97
PLT-00237,2025-07-06,23.6,41.1,5.87,1.49,12.9,46,50.0
PLT-02600,2025-08-14,25.05,66.0,5.1,1.73,12.6,50,210.59
PLT-00521,2025-10-29,23.3,73.3,4.51,1.34,12.4,55,59.36
PLT-02574,2025-05-16,17.29,45.1,5.72,2.14,12.9,45,50.0
PLT-03281,2025-03-13,20.54,77.7,6.87,1.52,10.1,48,50.0
PLT-03187,2025-06-23,22.93,68.8,7.65,0.69,11.4,49,121.27
PLT-03954,2025-11-16,21.0,84.5,5.27,1.65,16.9,56,50.0
PLT-02769,2025-09-08,19.48,52.0,3.71,1.62,12.7,48,50.0
PLT-00736,2025-10-10,13.35,76.3,5.54,1.6,17.4,55,50.0
PLT-04752,2025-07-23,16.77,49.7,6.0,2.14,10.0,52,50.0
PLT-04980,2025-02-27,21.82,65.8,7.19,2.09,12.7,49,244.25
PLT-02107,2025-03-30,17.53,77.5,5.45,1.72,12.6,45,50.0
PLT-02680,2025-08-12,17.76,56.5,6.47,1.4965305263157893,18.2,47,50.0
PLT-03230,2025-08-29,23.28,57.2,5.54,1.65,14.1,52,162.2
PLT-02762,2025-04-23,14.99,69.5,5.72,1.58,16.3,56,158.65
PLT-01304,2025-12-21,20.24,84.9,4.98,1.63,12.4,53,50.0
PLT-01388,2025-04-08,19.52,65.4,7.17,1.54,16.1,54,278.89
PLT-04743,2025-01-16,23.05,54.3,5.96,1.64,16.6,48,50.0
PLT-04572,2025-05-18,22.59,70.7,4.75,1.32,14.0,57,217.69
PLT-04025,2025-03-30,18.87,75.7,6.79,0.98,10.1,45,50.0
PLT-01891,2025-07-30,22.47,71.3,5.68,0.34,12.4,48,137.7
PLT-02988,2025-08-08,19.51,80.8,5.83,2.1,14.4,58,50.0
PLT-03298,2025-12-06,20.96,82.3,5.23,1.43,9.9,54,50.0
PLT-00905,2025-07-11,23.83,85.4,5.46,1.39,13.3,46,50.0
PLT-04656,2025-02-26,21.89,71.7,4.87,1.52,14.5,56,243.83
PLT-01280,2025-09-20,20.96,57.1,5.4,1.27,16.4,58,168.85
PLT-00934,2025-04-11,26.92,66.5,6.66,1.14,11.2,54,50.0
PLT-04950,2025-06-30,20.01,85.4,7.05,1.54,15.6,55,50.0
PLT-02309,2025-02-05,15.82,40.4,6.95,1.1,15.2,53,50.0
PLT-01556,2025-08-14,19.05,65.2,6.96,1.5,10.9,56,246.2
PLT-04579,2025-07-25,23.18,70.2,6.37,1.2,15.8,46,243.52
PLT-03191,2025-05-27,21.34,55.3,6.05,1.48,13.9,48,152.04
PLT-04487,2025-07-26,14.85,44.8,5.03,1.13,12.1,52,50.0
PLT-00707,2025-08-28,19.02,77.7,5.34,1.06,13.9,57,51.48
PLT-04883,2025-10-15,16.91,66.4,6.95,0.96,11.8,59,241.27
PLT-03071,2025-05-04,15.86,56.9,5.24,1.42,11.2,56,61.27
PLT-00746,2025-12-24,16.85,60.5,6.45,1.11,11.6,46,185.66
PLT-03595,2025-04-14,22.72,70.8,4.99,1.85,13.4,56,212.44
PLT-01940,2025-12-21,19.09,65.2,4.56,1.92,15.5,47,251.57
PLT-04445,2025-04-17,20.48,74.7,5.87,1.73,10.4,57,82.9
PLT-02863,2025-01-07,18.18,84.6,5.28,1.59,15.1,59,50.0
PLT-04076,2025-07-18,22.7,65.3,6.54,1.3,15.3,46,260.44
PLT-00514,2025-06-17,17.16,68.8,6.85,1.69,14.7,57,312.11
PLT-00082,2025-08-01,19.08,54.8,6.23,1.47,12.6,54,111.89
PLT-01309,2025-07-21,19.66,53.4,4.81,1.67,12.1,52,50.0
PLT-04594,2025-07-14,21.83,46.7,6.03,1.29,14.4,47,50.0
PLT-00915,2025-01-25,22.8,64.0,5.23,1.32,13.8,54,320.65
PLT-03453,2025-01-21,18.11,51.9,6.04,1.74,15.2,57,50.0
PLT-03696,2025-05-19,20.88,52.7,6.77,1.94,14.6,46,50.0
PLT-04854,2025-03-09,18.92,73.5,5.28,1.68,9.3,46,50.0
PLT-03157,2025-03-27,16.04,53.8,5.66,1.62,13.6,48,50.0
PLT-02199,2025-04-28,20.86,70.3,4.85,1.27,17.4,49,146.09
PLT-04276,2025-02-28,22.06,67.8,5.33,1.64,13.3,51,272.1
PLT-00775,2025-08-24,19.66,64.1,6.51,2.26,13.5,55,321.5
PLT-00330,2025-01-17,16.37,52.3,5.87,1.92,12.8,50,50.0
PLT-02055,2025-10-17,24.05,55.0,6.25,1.66,12.5,57,82.24
PLT-02002,2025-07-26,19.08,67.0,6.71,2.18,14.1,58,332.41
PLT-00944,2025-05-30,23.21,74.1,6.31,1.4965305263157893,14.2,59,150.55
PLT-00823,2025-04-21,17.66,50.8,6.56,2.2,12.5,55,50.0
PLT-04573,2025-04-25,20.92,60.0,4.23,2.0,15.6,56,169.28
PLT-00910,2025-09-30,23.17,63.8,5.56,1.18,13.7,58,298.96
PLT-02517,2025-01-17,19.37,84.1,4.06,1.6,12.3,59,50.0
PLT-00182,2025-07-17,19.22,60.4,5.5,1.2,15.3,48,260.01
PLT-00165,2025-01-28,19.44,74.8,7.59,1.29,10.9,45,50.0
PLT-01524,2025-10-20,22.2,68.7,5.78,1.4965305263157893,13.3,53,263.84
PLT-00452,2025-04-28,20.57,72.9,6.69,2.01,10.9,58,148.59
PLT-03984,2025-11-17,20.85,54.6,5.55,1.34,15.0,52,131.14
PLT-02539,2025-12-10,23.25,75.4,6.03,1.39,15.7,56,50.0
PLT-04148,2025-07-25,22.56,86.8,6.56,2.16,14.8,58,50.0
PLT-04825,2025-03-02,18.87,44.5,4.75,1.27,14.8,47,50.0
PLT-01312,2025-02-28,16.9,66.6,5.5,1.55,14.8,53,286.57
PLT-03150,2025-07-15,13.06,66.0,6.55,1.9,12.0,48,51.39
PLT-04641,2025-11-17,14.62,61.8,6.61,1.18,13.2,46,169.98
PLT-03875,2025-05-23,19.67,70.2,4.79,1.5,11.9,50,218.3
PLT-03490,2025-02-16,16.75,72.8,4.93,1.37,12.4,45,101.79
PLT-01288,2025-07-07,17.89,59.8,5.83,1.61,17.2,46,181.0
PLT-04220,2025-12-18,19.3,64.6,5.96,1.52,14.0,58,327.53
PLT-04693,2025-02-28,13.26,62.8,4.42,1.5,16.0,58,50.0
PLT-03681,2025-12-15,16.38,97.9,5.35,1.46,18.0,46,50.0
PLT-04375,2025-05-17,17.44,58.4,5.89,1.57,14.1,46,205.45
PLT-03301,2025-11-20,19.71,78.2,5.35,1.6,11.6,55,50.0
PLT-04602,2025-07-24,20.94,64.2,5.58,1.18,12.5,46,306.19
PLT-03126,2025-11-23,17.3,58.0,5.88,1.64,11.9,54,190.83
PLT-00328,2025-07-11,19.15,45.7,6.03,1.44,18.0,59,50.0
PLT-01791,2025-03-05,17.75,69.1,5.61,1.27,15.0,46,236.89
PLT-02491,2025-06-22,18.77,57.4,6.33,1.38,14.3,48,219.07
PLT-02007,2025-10-20,19.2,73.2,6.2,1.77,15.9,46,191.8
PLT-02008,2025-01-20,18.8,68.4,5.88,1.34,15.2,45,323.48
PLT-01859,2025-09-08,19.32,67.6,4.41,1.04,13.7,48,242.98
PLT-04733,2025-03-05,25.35,69.9,6.06,1.61,13.4,46,174.38
PLT-00313,2025-12-31,23.13,76.5,7.25,1.4965305263157893,14.1,55,50.0
PLT-00833,2025-07-14,17.04,50.0,6.29,1.8,15.7,50,50.0
PLT-03080,2025-10-21,14.62,61.7,4.39,1.28,12.9,47,79.91
PLT-04766,2025-03-03,25.04,76.6,5.17,1.62,11.5,52,50.0
PLT-03463,2025-05-19,21.61,67.1,7.25,1.29,15.5,45,266.94
PLT-01202,2025-02-18,13.75,81.7,5.48,1.4965305263157893,12.1,58,50.0
PLT-04436,2025-06-23,14.78,66.3,5.1,1.22,14.7,49,179.62
PLT-03548,2025-01-22,15.93,68.4,6.06,1.41,12.3,53,222.1
PLT-04073,2025-10-09,20.45,62.6,5.85,1.17,16.2,56,316.02
PLT-02135,2025-05-13,24.05,63.1,5.95,1.52,13.1,58,267.94
PLT-03452,2025-12-07,22.91,66.8,4.81,1.35,11.7,57,230.62
PLT-02210,2025-03-13,21.7,50.0,6.19,1.77,12.0,59,50.0
PLT-01902,2025-04-03,22.0,74.9,6.48,1.56,16.4,57,90.63
PLT-04051,2025-06-03,21.16,50.6,6.5,1.31,12.0,54,50.0
PLT-01482,2025-06-20,21.48,71.7,5.7,1.86,13.0,55,268.2
PLT-00778,2025-11-09,17.73,72.1,6.14,1.16,10.8,46,118.59
PLT-00800,2025-06-15,16.33,71.3,7.08,1.44,14.1,57,193.78
PLT-03715,2025-11-12,19.8,62.6,6.43,1.79,12.2,46,291.21
PLT-03943,2025-01-11,17.58,70.3,5.67,1.67,15.5,51,277.05
PLT-00055,2025-02-22,26.66,62.2,6.32,1.72,19.3,45,50.0
PLT-02973,2025-02-16,21.71,63.5,5.93,1.43,10.4,46,208.28
PLT-03336,2025-09-15,18.97,74.7,6.03,1.55,16.6,48,91.6
PLT-01921,2025-09-07,21.73,70.4,4.79,1.4965305263157893,14.9,48,213.44
PLT-03716,2025-08-05,18.93,60.7,6.82,1.18,15.9,47,232.86
PLT-04694,2025-03-03,20.59,60.9,5.84,1.4965305263157893,12.1,45,289.06
PLT-00947,2025-03-11,22.57,60.5,6.22,1.87,13.2,49,288.05
PLT-01702,2025-07-12,15.22,78.0,5.45,1.63,14.5,51,50.0
PLT-03294,2025-06-07,17.31,54.4,5.66,1.6,17.6,49,50.0
PLT-02162,2025-11-30,23.12,47.2,7.37,1.4,14.6,50,50.0
PLT-01137,2025-04-14,25.57,81.8,6.72,1.5,16.4,49,50.0
PLT-00988,2025-01-20,18.51,80.7,4.42,1.5,14.2,55,50.0
PLT-02550,2025-06-01,23.58,63.5,6.03,1.83,16.5,56,176.0
PLT-00194,2025-08-21,17.46,72.2,5.08,1.14,13.7,59,202.42
PLT-03058,2025-05-19,16.41,53.8,5.32,1.78,11.0,52,50.0
PLT-03247,2025-10-22,15.1,59.0,6.51,1.54,13.2,54,162.22
PLT-01395,2025-10-16,25.44,54.7,4.71,1.98,10.7,47,50.0
PLT-02638,2025-05-30,16.43,69.0,5.75,1.62,13.5,59,290.34
PLT-00769,2025-06-11,21.04,70.3,5.58,1.41,10.5,59,193.43
PLT-04751,2025-08-10,18.41,58.0,5.13,1.35,17.4,55,123.88
PLT-03091,2025-09-09,23.81,79.2,6.77,2.02,11.8,47,50.0
PLT-03496,2025-07-03,20.17,55.2,7.01,1.4965305263157893,13.7,55,146.08
PLT-03216,2025-03-28,16.49,62.2,6.45,0.83,13.4,49,267.01
PLT-00286,2025-09-11,22.08,61.4,5.56,1.45,13.1,49,319.54
PLT-04989,2025-03-25,19.13,72.0,4.72,1.68,15.0,49,218.84
PLT-04802,2025-06-27,17.53,65.6,7.6,1.82,16.4,45,161.36
PLT-02333,2025-09-05,25.02,69.4,5.72,1.59,12.9,48,175.19
PLT-02718,2025-11-06,21.6,78.3,6.03,1.72,17.5,53,50.0
PLT-02080,2025-08-08,15.95,54.3,5.82,1.1,14.3,59,62.09
PLT-03390,2025-05-06,16.04,61.8,5.38,1.64,14.6,56,286.02
PLT-00723,2025-10-16,20.97,75.5,6.71,1.55,13.4,58,142.13
PLT-00952,2025-11-14,19.63,58.6,6.66,1.29,13.2,45,254.02
PLT-04411,2025-02-16,22.24,72.1,5.2,1.34,10.5,53,90.4
PLT-02263,2025-04-12,13.78,69.5,5.6,1.29,17.7,59,50.0
PLT-00990,2025-05-20,17.72,71.6,6.45,1.33,14.6,55,256.38
PLT-03213,2025-12-27,23.46,68.3,6.95,1.94,15.1,54,249.91
PLT-01760,2025-03-13,18.21,59.3,6.17,1.62,14.3,51,262.44
PLT-04149,2025-07-04,20.74,61.0,5.07,1.83,13.1,47,266.55
PLT-01725,2025-04-09,21.97,61.0,6.01,1.36,13.8,49,299.29
PLT-00342,2025-06-30,22.22,73.9,4.02,1.73,9.9,51,50.0
PLT-03702,2025-06-11,27.5,64.8,5.11,1.18,13.7,47,50.0
PLT-00689,2025-05-02,20.16,58.4,4.76,0.9,11.7,57,170.07
PLT-03433,2025-02-28,20.04,76.0,4.87,1.93,13.1,50,65.26
PLT-00967,2025-08-08,18.24,73.8,5.84,1.28,15.7,54,148.98
PLT-04776,2025-04-20,19.36,50.5,5.07,1.41,14.9,45,50.0
PLT-02204,2025-01-09,20.21,47.2,6.83,1.3,14.3,47,50.0
PLT-02714,2025-08-15,18.04,65.9,6.29,1.41,14.6,53,357.57
PLT-03573,2025-11-23,26.44,65.5,5.34,1.62,16.4,48,65.22
PLT-01991,2025-10-11,13.04,62.0,6.8,1.78,15.4,54,96.84
PLT-04121,2025-07-07,18.9,62.6,5.58,1.43,15.5,52,319.62
PLT-04362,2025-11-11,21.43,72.0,6.28,1.16,14.6,54,237.77
PLT-04792,2025-03-04,15.8,53.9,5.37,2.1,14.8,48,50.0
PLT-03601,2025-03-16,21.32,63.0,5.41,1.56,16.2,52,258.31
PLT-04613,2025-09-26,24.17,82.8,6.03,1.36,11.8,54,50.0
PLT-04167,2025-01-09,16.0,77.7,7.06,1.44,14.9,59,50.0
PLT-00386,2025-09-21,18.75,63.9,8.43,1.17,14.2,52,149.95
PLT-04415,2025-10-26,25.33,56.5,6.64,1.21,14.8,55,70.88
PLT-04615,2025-10-09,21.14,51.7,5.18,1.37,11.6,53,50.0
PLT-00537,2025-08-05,20.59,44.9,5.4,1.55,16.6,48,50.0
PLT-04713,2025-07-20,18.45,74.2,6.03,1.08,14.1,47,165.61
PLT-03508,2025-12-18,24.4,74.3,5.18,1.51,15.1,50,50.0
PLT-01333,2025-04-08,19.27,81.1,6.03,1.47,14.0,52,50.0
PLT-03503,2025-06-03,16.88,59.8,5.45,1.37,14.4,59,289.04
PLT-02709,2025-05-12,18.86,54.1,5.87,0.81,13.4,52,127.58
PLT-04022,2025-02-03,19.62,59.4,5.07,1.16,13.6,59,315.49
PLT-01855,2025-11-14,13.95,58.9,5.47,1.4965305263157893,11.0,52,50.0
PLT-04961,2025-04-29,21.16,68.1,7.0,1.34,10.9,49,213.63
PLT-02873,2025-05-22,23.03,79.3,4.88,1.4,13.6,54,50.0
PLT-03031,2025-12-30,12.69,60.4,6.03,1.8,11.9,56,50.0
PLT-01206,2025-06-26,17.68,60.6,4.94,1.08,14.6,57,265.83
PLT-01646,2025-06-19,18.55,85.3,6.84,0.98,13.6,48,50.0
PLT-03418,2025-01-30,16.71,50.5,6.36,1.18,14.4,49,50.0
PLT-03477,2025-10-11,24.25,59.5,7.28,1.17,14.2,47,143.95
PLT-02862,2025-06-27,14.77,67.3,6.03,1.67,17.7,55,88.99
PLT-01793,2025-07-28,16.47,48.9,5.83,1.86,15.0,54,50.0
PLT-03798,2025-09-15,20.74,69.6,6.44,1.53,16.0,50,269.4
PLT-03369,2025-01-23,17.68,52.8,5.61,1.43,14.7,59,50.0
PLT-03368,2025-03-04,17.35,60.9,6.03,1.9,12.2,48,228.37
PLT-03534,2025-12-03,18.41,69.1,5.88,1.75,14.0,53,316.87
PLT-04438,2025-11-17,13.18,63.3,6.81,1.55,15.9,59,119.21
PLT-03450,2025-02-20,12.54,63.6,5.9,1.52,13.8,48,68.8
PLT-00604,2025-09-10,20.23,68.7,7.34,1.46,11.8,49,238.77
PLT-03057,2025-04-18,21.08,52.2,6.04,1.58,10.1,46,50.0
PLT-04405,2025-07-31,19.15,50.7,4.77,1.8,16.2,46,50.0
PLT-00127,2025-05-11,18.39,68.4,6.13,0.98,11.2,52,245.8
PLT-03877,2025-01-28,22.5,56.2,6.03,1.2,17.4,48,50.0
PLT-02936,2025-03-09,14.29,67.0,6.61,1.41,16.6,56,109.78
PLT-03532,2025-04-26,22.15,56.3,7.01,1.63,18.4,51,50.0
PLT-02731,2025-01-14,23.59,66.7,6.29,1.23,17.0,45,189.64
PLT-00828,2025-04-05,20.33,70.8,5.35,1.1,11.9,51,208.42
PLT-01640,2025-06-18,22.84,66.1,5.72,1.55,15.3,54,323.42
PLT-00985,2025-10-02,21.99,65.5,5.26,1.19,11.3,45,225.31
PLT-03282,2025-04-19,19.18,61.7,6.2,1.91,14.2,45,322.29
PLT-02189,2025-10-25,16.97,73.5,6.03,1.24,17.4,52,75.02
PLT-04894,2025-12-11,9.2,69.9,6.26,1.53,15.4,51,50.0
PLT-02444,2025-06-05,21.25,65.9,5.98,1.41,13.5,58,373.83
PLT-00363,2025-10-15,17.88,71.3,6.28,1.67,14.1,47,235.24
PLT-02350,2025-08-25,21.36,62.3,6.03,1.35,12.5,59,315.42
PLT-00346,2025-04-26,18.77,67.8,6.75,1.76,15.0,53,307.13
PLT-00815,2025-02-03,21.01,54.3,7.09,1.46,14.4,45,50.0
PLT-03206,2025-09-17,18.82,73.0,5.85,1.67,13.8,54,227.04
PLT-04845,2025-12-21,15.18,67.2,6.56,1.4965305263157893,14.4,57,239.25
PLT-03326,2025-01-28,17.82,51.6,6.02,1.66,16.5,47,50.0
PLT-04107,2025-10-17,23.03,61.4,6.28,1.55,13.9,48,285.4
PLT-02117,2025-08-12,18.82,74.3,5.56,1.54,15.1,59,160.4
PLT-01835,2025-03-31,19.95,75.3,7.04,1.42,12.9,57,122.77
PLT-00794,2025-12-04,18.09,55.1,6.4,1.07,13.4,51,147.75
PLT-04997,2025-12-26,18.84,76.4,6.01,2.08,11.5,59,50.0
PLT-02675,2025-05-09,16.89,60.7,5.43,1.16,13.6,58,274.97
PLT-00095,2025-03-06,20.88,59.2,6.66,1.0,11.9,53,216.1
PLT-03757,2025-06-15,20.84,58.6,5.91,1.55,13.6,46,248.47
PLT-02892,2025-10-16,20.06,59.9,5.57,1.78,17.7,50,164.77
PLT-02372,2025-02-11,19.97,75.6,6.02,1.83,14.1,46,149.36
PLT-04477,2025-07-24,25.95,45.5,5.46,1.65,12.4,57,50.0
PLT-03229,2025-04-19,20.6,63.7,5.01,1.22,16.6,51,260.83
PLT-02854,2025-07-03,16.98,53.1,5.7,2.0,12.7,52,50.0
PLT-02913,2025-04-22,18.8,78.8,5.89,0.88,12.9,52,50.0
PLT-01866,2025-05-07,19.31,67.1,5.98,1.33,11.7,57,269.45
PLT-01858,2025-04-21,20.39,68.7,6.18,0.91,14.7,58,300.61
PLT-02646,2025-01-29,14.68,52.5,6.95,1.44,15.5,54,50.0
PLT-02244,2025-03-18,18.68,62.4,6.59,1.23,14.0,46,310.88
PLT-02337,2025-10-13,15.86,90.0,5.18,1.25,11.3,47,50.0
PLT-00951,2025-11-27,22.38,49.3,6.82,1.19,16.1,51,50.0
PLT-03069,2025-07-20,21.84,63.0,5.11,1.73,13.0,49,283.86
PLT-01121,2025-03-10,24.84,60.8,4.81,1.27,16.6,53,78.33
PLT-02598,2025-10-15,18.14,74.5,6.53,0.88,15.3,58,135.78
PLT-02205,2025-09-28,20.58,55.2,6.68,2.11,12.4,48,124.69
PLT-00420,2025-12-31,23.84,57.0,6.09,1.81,8.8,56,50.0
PLT-00923,2025-04-19,18.43,67.0,4.82,2.16,12.1,47,217.19
PLT-01255,2025-11-19,19.93,72.7,6.03,1.52,14.0,55,249.42
PLT-00478,2025-04-10,20.14,82.2,5.93,1.45,15.0,50,50.0
PLT-02036,2025-06-27,19.16,76.1,6.26,1.25,14.0,48,115.51
PLT-01203,2025-12-03,21.66,58.2,6.09,1.54,15.2,50,248.12
PLT-02627,2025-05-06,18.42,65.0,5.99,1.79,16.4,50,279.45
PLT-04868,2025-07-02,18.85,51.3,6.84,1.28,9.6,48,50.0
PLT-01971,2025-10-30,18.4,60.4,6.81,1.4965305263157893,15.9,56,261.4
PLT-03111,2025-11-30,21.35,61.6,5.38,1.52,15.4,57,335.69
PLT-04019,2025-09-05,12.95,59.9,6.04,1.19,15.5,50,50.0
PLT-02152,2025-10-08,21.63,66.2,6.03,1.13,16.9,47,241.94
PLT-03688,2025-12-09,19.06,63.8,6.32,1.38,13.5,56,328.26
PLT-01998,2025-04-30,20.87,75.7,5.58,1.54,13.9,48,113.6
PLT-04034,2025-04-23,15.56,69.2,7.22,1.62,17.1,51,64.34
PLT-03055,2025-09-30,16.32,59.5,6.59,1.24,14.4,45,189.23
PLT-01249,2025-06-27,16.55,69.9,6.87,1.31,14.6,59,229.49
PLT-02193,2025-11-06,24.14,81.7,5.23,1.28,12.1,45,50.0
PLT-02713,2025-01-24,19.61,50.1,7.56,1.84,14.2,57,50.0
PLT-00993,2025-03-31,14.51,61.6,6.03,1.3,13.1,52,161.78
PLT-02191,2025-03-25,15.58,80.2,6.84,1.18,13.3,51,50.0
PLT-03763,2025-08-25,15.26,67.2,5.5,1.94,12.5,54,235.03
PLT-03598,2025-10-17,15.68,64.7,6.29,1.03,11.8,47,210.49
PLT-01319,2025-01-14,24.05,72.3,6.8,1.64,11.6,58,111.1
PLT-01864,2025-01-22,19.9,64.7,5.26,1.07,11.5,52,299.75
PLT-02344,2025-02-07,19.96,37.8,6.21,1.51,17.1,49,50.0
PLT-02450,2025-09-17,19.23,54.0,5.68,1.4965305263157893,14.6,52,58.62
PLT-02137,2025-10-20,24.99,54.7,5.89,0.92,13.3,57,50.0
PLT-01066,2025-06-02,15.7,71.7,6.91,1.43,17.2,55,74.92
PLT-04228,2025-06-11,20.1,72.9,5.89,1.97,13.0,51,221.24
PLT-02622,2025-09-25,20.02,75.5,6.37,1.16,17.1,51,50.0
PLT-00078,2025-08-03,21.45,66.5,5.6,1.43,12.9,47,304.3
PLT-02899,2025-02-12,16.98,63.2,6.55,1.58,12.8,57,293.14
PLT-01315,2025-08-12,19.6,66.1,5.94,1.65,14.0,56,375.19
PLT-04417,2025-10-23,20.42,68.3,6.22,1.42,16.2,50,303.68
PLT-00873,2025-01-26,20.02,61.4,6.03,1.17,13.0,55,260.61
PLT-03851,2025-09-21,17.72,74.8,6.55,1.61,15.0,55,128.08
PLT-04837,2025-03-27,17.59,60.2,5.43,1.94,13.9,54,269.9
PLT-02966,2025-03-15,17.07,63.4,5.55,1.82,12.9,45,268.37
PLT-03392,2025-10-21,19.21,70.1,5.17,1.57,11.2,52,222.57
PLT-02561,2025-02-20,19.01,71.2,5.64,1.72,17.7,55,127.67
PLT-02636,2025-09-13,16.46,65.1,5.72,1.5,10.8,47,169.84
PLT-03531,2025-11-24,23.3,63.5,6.14,2.1,17.3,59,218.95
PLT-00376,2025-01-26,20.94,57.4,6.92,1.48,13.5,54,214.61
PLT-01909,2025-06-08,22.85,90.3,5.14,1.63,10.2,51,50.0
PLT-04377,2025-03-24,20.82,60.8,7.0,1.4965305263157893,13.4,54,268.13
PLT-04424,2025-01-16,24.47,70.9,6.66,1.16,16.0,47,101.99
PLT-04028,2025-08-29,15.7,52.5,6.97,1.39,11.1,50,50.0
PLT-01605,2025-11-24,20.44,75.3,6.08,1.11,15.7,49,118.72
PLT-01119,2025-10-26,25.01,55.2,5.96,1.4965305263157893,15.7,58,50.0
PLT-03491,2025-05-20,18.79,72.1,6.36,1.43,11.5,51,175.42
PLT-04914,2025-10-23,15.77,63.7,5.91,1.32,12.7,49,252.97
PLT-02959,2025-10-06,20.06,56.7,6.49,1.4965305263157893,15.0,48,209.83
PLT-01995,2025-07-23,16.71,73.4,5.9,1.38,13.2,45,142.55
PLT-04400,2025-12-14,17.21,51.1,6.32,1.6,10.8,51,50.0
PLT-02377,2025-08-04,20.82,50.1,5.33,1.6,8.9,54,50.0
PLT-01343,2025-02-10,17.36,70.7,6.12,1.54,12.8,53,250.53
PLT-00321,2025-04-07,17.81,53.4,6.29,1.79,12.2,52,50.0
PLT-01620,2025-04-25,21.05,62.9,6.59,1.43,15.4,53,321.6
PLT-03714,2025-08-06,23.55,58.4,6.58,1.56,12.5,51,197.31
PLT-02061,2025-05-25,23.5,60.7,6.16,1.3,10.0,55,73.24
PLT-02220,2025-01-19,19.01,66.1,6.76,1.67,14.0,57,367.11
PLT-01674,2025-04-23,16.0,65.5,6.79,1.63,13.3,56,252.49
PLT-04462,2025-08-18,18.11,94.5,5.67,1.08,11.6,48,50.0
PLT-02040,2025-05-06,19.96,60.4,6.39,1.67,11.9,57,284.48
PLT-00902,2025-10-21,17.45,68.3,7.18,1.78,18.3,52,105.32
PLT-03745,2025-09-13,20.06,71.0,6.32,1.94,14.2,54,269.85
PLT-02027,2025-10-26,22.27,59.4,6.03,2.09,16.1,50,213.28
PLT-04235,2025-12-05,23.87,71.4,6.14,1.4965305263157893,13.3,57,208.73
PLT-01918,2025-06-26,15.66,69.5,6.29,1.77,11.4,51,150.7
PLT-01829,2025-04-26,24.33,60.0,6.8,1.4965305263157893,15.5,51,162.73
PLT-01574,2025-12-04,19.03,72.5,6.24,1.37,12.7,45,204.92
PLT-04439,2025-04-01,19.39,74.4,5.81,2.21,14.7,59,171.44
PLT-04209,2025-02-18,22.84,60.9,4.99,1.69,13.9,58,276.32
PLT-00225,2025-05-03,23.25,61.9,6.52,1.37,14.8,54,278.33
PLT-00724,2025-03-06,19.82,56.6,5.87,1.47,17.4,54,95.25
PLT-04531,2025-11-10,16.65,61.1,7.09,1.39,11.1,46,137.3
PLT-01142,2025-06-20,18.99,71.4,5.53,1.08,12.9,58,262.42
PLT-02763,2025-07-02,26.11,68.5,5.89,1.57,17.2,49,50.0
PLT-00847,2025-01-22,21.79,51.7,5.4,1.49,14.8,47,50.0
PLT-02552,2025-05-13,18.51,64.3,5.08,1.34,14.5,56,353.49
PLT-02929,2025-08-31,22.57,50.7,6.11,1.29,12.8,46,50.0
PLT-00118,2025-08-04,18.73,53.7,5.92,1.38,15.5,49,79.91
PLT-00646,2025-05-28,23.3,59.7,5.98,1.45,15.4,45,212.62
PLT-00004,2025-04-17,16.11,58.6,4.37,1.6,14.9,51,126.61
PLT-04171,2025-09-30,17.01,56.7,6.7,1.56,11.4,52,126.11
PLT-00468,2025-10-12,20.89,54.4,6.08,1.25,14.9,53,111.31
PLT-00006,2025-07-08,20.54,76.3,6.78,1.0,14.4,50,76.87
PLT-00920,2025-03-09,17.49,71.4,5.4,1.72,17.1,59,164.8
PLT-02596,2025-06-09,18.33,63.5,5.1,1.57,12.3,59,312.96
PLT-01064,2025-03-04,18.61,66.2,6.03,1.59,12.4,58,293.39
PLT-02591,2025-05-20,21.29,66.4,4.64,1.41,13.8,52,317.53
PLT-00243,2025-12-12,20.57,53.6,6.64,1.59,11.5,48,50.0
PLT-01161,2025-12-12,18.76,55.1,5.31,1.5,18.5,45,50.0
PLT-02871,2025-07-18,17.37,56.5,5.91,1.52,13.7,55,188.84
PLT-03736,2025-10-25,21.02,62.2,7.46,1.27,10.6,51,152.07
PLT-02398,2025-06-13,18.66,67.2,4.43,1.7,15.4,47,238.14
PLT-03518,2025-09-06,15.68,65.4,6.14,1.7,13.3,47,256.92
PLT-03422,2025-06-19,24.75,64.5,5.54,1.66,16.4,54,217.34
PLT-02564,2025-12-16,13.4,79.0,6.03,1.23,14.1,45,50.0
PLT-01606,2025-09-08,21.76,73.1,5.5,1.76,14.4,48,192.95
PLT-04878,2025-04-23,20.43,64.4,4.82,0.81,14.2,59,312.86
PLT-02325,2025-08-25,16.78,64.2,6.49,1.88,18.8,54,76.11
PLT-02710,2025-04-21,26.25,58.2,4.49,1.45,12.3,55,50.0
PLT-04443,2025-07-28,19.83,51.4,4.83,1.61,15.8,59,50.0
PLT-01313,2025-08-03,21.79,52.4,6.55,1.91,14.8,57,50.0
PLT-03449,2025-04-19,19.45,66.9,6.8,1.35,13.2,52,327.0
PLT-03813,2025-12-12,18.49,48.6,6.6,1.43,14.3,57,50.0
PLT-04703,2025-03-03,23.69,67.9,5.72,0.89,20.3,58,50.0
PLT-02363,2025-09-19,19.63,53.3,4.99,1.15,15.9,45,50.0
PLT-01976,2025-09-27,22.17,59.5,6.18,1.08,11.9,50,206.22
PLT-03515,2025-08-04,18.96,62.0,4.72,2.24,13.1,49,249.06
PLT-01762,2025-05-25,21.75,63.7,4.76,1.5,14.8,47,272.5
PLT-02740,2025-06-11,18.16,64.4,5.11,1.16,15.9,57,298.02
PLT-04707,2025-06-08,19.21,72.0,4.54,1.5,14.0,46,186.51
PLT-02473,2025-03-27,18.76,71.9,6.74,1.61,9.5,58,90.93
PLT-04008,2025-04-01,18.64,80.1,5.92,1.9,16.3,49,50.0
PLT-01494,2025-08-15,17.1,69.0,5.14,1.24,13.9,59,294.43
PLT-04207,2025-12-03,21.76,59.8,7.16,1.32,15.0,52,252.24
PLT-02159,2025-05-21,20.25,85.2,5.4,1.79,14.6,53,50.0
PLT-01170,2025-05-17,21.71,59.5,7.46,1.65,9.6,55,50.0
PLT-04562,2025-04-18,16.95,73.5,5.75,2.0,17.7,50,50.0
PLT-00233,2025-05-24,15.44,57.7,4.61,1.3,14.0,45,79.87
PLT-00067,2025-09-17,18.36,85.0,6.95,1.26,15.9,53,50.0
PLT-01604,2025-02-07,15.7,82.5,6.03,1.51,16.2,56,50.0
PLT-03284,2025-08-28,23.29,69.5,5.56,1.38,13.8,46,242.95
PLT-03597,2025-09-22,26.17,69.8,5.25,1.46,11.0,54,50.0
PLT-00126,2025-04-11,23.77,72.8,6.03,1.76,15.7,51,139.71
PLT-01297,2025-01-20,21.9,63.9,5.43,1.37,13.2,54,318.01
PLT-01977,2025-03-21,16.19,50.8,5.44,1.8,12.3,48,50.0
PLT-04563,2025-01-18,17.53,67.1,5.51,1.63,13.4,48,338.46
PLT-04527,2025-02-05,18.65,81.4,5.64,1.78,14.9,51,50.0
PLT-02076,2025-10-31,19.58,85.5,5.99,1.41,15.9,48,50.0
PLT-03087,2025-10-29,18.09,78.0,5.03,1.26,14.9,53,50.0
PLT-04871,2025-07-10,23.25,66.6,6.03,1.1,11.8,55,216.26
PLT-03346,2025-02-18,15.63,74.8,7.17,1.31,13.0,50,50.0
PLT-04510,2025-10-10,17.07,81.0,5.82,1.42,15.7,59,50.0
PLT-02798,2025-07-17,23.07,93.0,6.22,1.19,15.2,57,50.0
PLT-00919,2025-01-25,17.25,50.6,5.26,1.16,13.7,58,50.0
PLT-01647,2025-12-22,14.66,73.6,4.68,2.08,15.1,58,50.0
PLT-00365,2025-05-31,19.67,67.6,5.54,1.88,11.6,46,256.09
PLT-03288,2025-09-07,15.47,48.8,6.03,1.4965305263157893,13.3,51,50.0
PLT-02126,2025-03-26,17.53,79.1,5.34,1.2,9.8,56,50.0
PLT-04124,2025-12-23,18.93,46.9,6.08,1.9,14.1,48,50.0
PLT-00526,2025-12-03,20.0,62.3,4.91,1.54,10.5,47,188.65
PLT-00056,2025-12-06,19.52,61.4,6.29,1.45,12.5,59,339.04
PLT-00639,2025-05-06,21.28,59.0,5.5,1.91,12.5,55,240.48
PLT-00303,2025-05-15,19.83,45.2,6.97,1.7,15.5,49,50.0
PLT-02767,2025-04-23,17.08,58.1,4.59,1.48,14.4,57,170.79
PLT-01277,2025-11-07,22.25,64.0,6.87,1.54,19.2,45,50.0
PLT-02056,2025-07-12,18.04,52.8,6.64,0.79,17.1,54,50.0
PLT-03645,2025-08-02,24.06,64.2,5.03,1.63,12.7,58,267.64
PLT-04144,2025-07-09,16.61,68.0,5.69,1.25,12.4,50,228.11
PLT-02879,2025-03-10,20.02,74.5,6.17,1.67,14.4,48,183.56
PLT-04203,2025-12-06,15.79,65.8,6.15,1.67,13.4,57,258.75
PLT-02287,2025-08-18,16.46,60.6,4.72,1.72,15.6,57,182.88
PLT-02262,2025-08-06,23.21,66.2,5.99,1.78,13.5,47,284.44
PLT-02297,2025-08-03,17.02,83.5,5.82,1.58,12.9,53,50.0
PLT-01754,2025-10-07,19.09,75.2,5.27,1.29,14.6,54,140.31
PLT-01969,2025-06-13,19.29,54.2,6.02,1.52,14.2,53,115.08
PLT-04396,2025-05-12,17.83,68.8,5.75,1.39,13.9,47,288.46
PLT-03118,2025-08-03,12.43,59.7,6.11,1.39,14.9,54,50.0
PLT-00524,2025-02-04,21.08,84.1,4.69,1.32,17.8,51,50.0
PLT-03901,2025-02-26,20.05,76.8,8.08,1.46,8.0,49,50.0
PLT-03123,2025-07-20,19.47,56.7,7.09,1.57,16.2,55,138.56
PLT-04157,2025-05-29,18.71,74.8,5.85,1.64,15.0,51,176.15
PLT-01970,2025-10-28,18.78,68.4,4.8,1.85,14.1,45,258.28
PLT-00672,2025-01-20,26.16,72.3,6.12,1.65,14.2,55,60.48
PLT-04189,2025-09-28,25.74,55.3,6.26,1.76,13.2,59,50.0
PLT-00667,2025-09-09,18.57,47.4,6.66,1.31,14.9,49,50.0
PLT-04383,2025-10-15,25.69,58.1,5.18,1.09,11.8,47,50.0
PLT-01888,2025-11-03,15.11,68.9,5.46,1.22,15.1,52,191.56
PLT-03267,2025-02-10,24.13,79.4,6.03,2.08,15.5,55,50.0
PLT-00281,2025-04-26,15.46,56.2,6.05,1.8,17.3,51,50.0
PLT-01720,2025-02-27,21.24,54.8,6.03,1.72,12.5,46,106.55
PLT-02948,2025-10-11,20.13,68.4,6.03,1.54,16.6,51,248.25
PLT-00900,2025-08-27,23.69,73.3,6.69,1.62,12.8,54,129.27
PLT-04900,2025-09-17,24.63,49.2,4.79,1.52,13.9,56,50.0
PLT-00761,2025-10-15,24.13,65.6,6.31,1.58,11.3,46,205.08
PLT-01907,2025-12-16,19.75,69.8,6.22,1.64,13.2,57,346.76
PLT-04043,2025-12-15,15.51,81.8,5.04,1.38,14.9,45,50.0
PLT-03824,2025-10-10,20.56,67.3,6.47,1.6,15.0,53,340.24
PLT-04139,2025-06-18,21.3,66.3,6.7,1.27,12.5,50,280.35
PLT-03819,2025-09-29,22.74,53.9,5.57,1.45,12.0,52,50.0
PLT-04301,2025-12-27,19.07,57.0,5.48,1.41,13.0,53,213.33
PLT-02594,2025-09-26,13.25,72.9,6.92,1.0,15.2,55,50.0
PLT-04165,2025-09-12,18.9,56.8,5.56,1.51,14.4,59,247.28
PLT-03032,2025-12-30,22.05,61.6,6.5,1.53,17.2,50,210.53
PLT-03580,2025-02-06,22.05,66.0,4.06,1.88,14.7,50,194.15
PLT-02833,2025-06-01,19.49,68.7,5.69,1.5,13.7,54,344.33
PLT-03473,2025-10-02,24.17,37.7,5.08,1.4965305263157893,12.9,51,50.0
PLT-00138,2025-06-28,22.24,76.7,6.32,1.51,12.6,49,50.0
PLT-02181,2025-12-17,18.03,80.9,6.08,1.71,10.5,45,50.0
PLT-02129,2025-10-31,22.48,57.8,8.51,1.91,13.6,47,50.0
PLT-03178,2025-11-20,26.32,52.3,6.47,1.4965305263157893,12.5,53,50.0
PLT-04412,2025-03-04,20.89,70.1,6.03,1.38,12.4,45,276.36
PLT-04262,2025-05-04,18.33,67.5,5.23,1.95,8.9,56,50.0
PLT-04345,2025-07-26,20.58,76.7,5.88,1.44,14.4,54,108.1
PLT-01332,2025-04-19,18.88,74.1,6.31,1.37,14.5,49,188.91
PLT-02018,2025-06-10,19.83,70.0,6.59,1.71,12.3,51,283.59
PLT-02483,2025-11-10,23.28,60.7,6.33,0.96,13.3,56,255.94
PLT-01359,2025-04-08,21.14,67.5,6.61,1.14,15.6,59,313.76
PLT-01330,2025-06-03,15.41,61.8,5.61,1.55,14.0,49,229.07
PLT-02151,2025-05-04,18.62,65.6,6.88,1.87,15.6,47,299.23
PLT-02123,2025-11-26,18.51,71.4,6.41,1.13,11.4,50,187.4
PLT-03982,2025-12-18,21.24,72.3,6.15,1.8,11.3,51,187.93
PLT-01253,2025-11-09,21.55,65.3,6.98,1.82,11.6,48,268.44
PLT-03279,2025-01-19,18.9,47.1,7.35,1.34,11.9,48,50.0
PLT-03375,2025-04-28,20.28,71.6,6.12,1.37,14.3,51,283.15
PLT-02815,2025-09-17,20.34,67.9,6.84,1.43,11.5,59,274.96
PLT-01849,2025-02-10,21.16,62.0,5.83,1.77,16.3,45,252.53
PLT-03038,2025-10-13,20.81,64.4,6.63,1.52,17.9,45,179.03
PLT-00389,2025-04-02,16.05,67.6,5.53,1.24,15.1,58,280.82
PLT-00236,2025-05-04,21.66,74.8,5.8,1.11,11.5,56,70.03
PLT-01078,2025-01-15,17.63,66.4,7.23,1.82,15.8,56,235.25
PLT-01985,2025-10-03,23.09,72.0,4.13,1.79,13.3,58,111.14
PLT-04364,2025-02-17,12.04,73.1,5.59,1.29,12.5,49,50.0
PLT-03963,2025-11-07,17.14,69.2,6.95,1.35,11.6,47,177.52
PLT-00771,2025-09-16,14.48,74.4,4.8,2.07,13.6,50,50.0
PLT-02166,2025-08-27,21.3,78.0,5.87,1.57,15.0,58,50.0
PLT-00674,2025-08-21,18.87,65.2,6.02,1.29,14.6,55,374.53
PLT-00250,2025-02-08,17.05,72.9,6.99,1.08,14.8,45,126.69
PLT-01575,2025-03-03,21.77,61.0,5.48,1.29,11.7,52,277.08
PLT-03420,2025-05-05,25.6,63.8,8.2,1.3,14.8,53,50.0
PLT-02082,2025-03-04,14.95,64.7,5.9,1.72,11.4,58,182.95
PLT-01824,2025-01-02,21.47,69.3,5.25,1.69,14.1,58,311.98
PLT-00717,2025-10-13,23.54,90.1,6.34,1.48,14.0,47,50.0
PLT-04716,2025-12-23,19.46,53.4,6.03,1.61,12.3,47,90.9
PLT-02049,2025-06-06,21.76,60.4,6.4,2.03,12.3,59,258.1
PLT-04179,2025-08-29,21.5,53.0,4.63,1.5,11.1,54,50.0
PLT-02725,2025-01-20,19.32,69.9,6.31,1.4,12.9,58,315.77
PLT-04567,2025-10-16,17.25,58.5,4.91,1.07,13.4,58,199.14
PLT-01461,2025-12-01,20.08,62.0,6.55,1.59,12.8,48,315.56
PLT-01669,2025-10-22,23.45,58.7,5.92,1.69,15.6,50,180.59
PLT-02757,2025-01-19,25.07,51.1,5.39,1.63,12.2,50,50.0
PLT-02001,2025-06-05,28.27,49.5,6.44,1.37,14.3,58,50.0
PLT-00405,2025-11-01,22.68,71.8,6.69,1.35,13.5,54,234.68
PLT-00385,2025-11-17,19.71,57.5,5.53,1.4965305263157893,15.3,57,226.66
PLT-04538,2025-01-06,19.65,73.2,7.11,1.89,12.4,53,141.06
PLT-02153,2025-10-19,20.01,68.1,6.16,1.05,16.7,45,236.61
PLT-01634,2025-06-17,14.15,68.8,6.91,1.33,12.3,52,120.8
PLT-04632,2025-04-27,14.71,63.5,5.61,1.06,15.1,55,201.84
PLT-03926,2025-03-19,19.13,64.0,6.7,1.29,16.7,50,231.13
PLT-04159,2025-09-29,23.9,72.9,5.37,1.37,16.6,54,102.45
PLT-00224,2025-07-03,15.36,80.0,5.72,1.21,13.2,51,50.0
PLT-02194,2025-06-21,20.35,56.0,6.29,1.19,15.3,45,162.58
PLT-03137,2025-10-13,23.76,81.3,6.11,1.73,14.6,57,50.0
PLT-01825,2025-08-13,22.06,50.7,5.8,1.39,12.0,51,50.0
PLT-04658,2025-05-26,28.38,58.5,5.04,1.74,15.3,47,50.0
PLT-00798,2025-11-04,23.99,58.8,5.26,1.7,12.3,51,155.3
PLT-02872,2025-06-03,17.58,79.5,6.04,1.02,13.9,53,50.0
PLT-00010,2025-08-03,17.22,60.5,5.73,1.39,17.6,45,157.13
PLT-01945,2025-03-28,24.78,60.4,6.03,1.53,14.5,57,230.76
PLT-01839,2025-04-16,17.34,66.8,5.86,1.7,16.4,46,255.27
PLT-00256,2025-10-25,19.38,87.5,7.07,1.37,13.1,52,50.0
PLT-04554,2025-06-09,14.79,70.7,4.56,1.52,12.5,49,63.97
PLT-01582,2025-04-30,26.29,50.0,6.03,1.48,15.7,50,50.0
PLT-02957,2025-09-19,21.02,74.7,4.88,0.99,16.4,47,50.0
PLT-00925,2025-04-21,21.27,79.1,5.06,1.17,12.5,58,50.0
PLT-04474,2025-05-19,21.95,76.8,5.98,1.88,9.0,48,50.0
PLT-02509,2025-08-21,15.51,56.2,6.03,1.81,12.3,48,57.87
PLT-03776,2025-03-06,24.21,53.8,5.12,1.52,13.5,48,50.0
PLT-04137,2025-02-07,20.77,72.1,6.89,1.62,16.3,52,175.52
PLT-02780,2025-07-17,22.24,63.5,4.01,1.51,13.6,47,202.5
PLT-00540,2025-06-13,20.77,81.4,6.01,1.18,15.9,54,50.0
PLT-02746,2025-11-01,19.67,65.3,6.03,1.01,14.4,56,356.51
PLT-04544,2025-09-18,21.22,40.7,5.77,1.07,16.1,52,50.0
PLT-04617,2025-01-07,18.11,72.6,6.5,1.4965305263157893,12.5,54,179.93
PLT-01146,2025-10-20,20.52,66.3,5.96,1.24,13.9,53,372.32
PLT-04469,2025-04-02,23.17,88.7,6.49,0.9,15.7,50,50.0
PLT-00668,2025-08-17,16.23,69.5,6.11,1.73,19.0,58,50.0
PLT-03020,2025-12-19,25.46,65.4,5.39,1.35,15.1,50,192.9
PLT-00358,2025-11-19,13.62,57.7,6.87,1.4965305263157893,15.5,53,50.0
PLT-02832,2025-03-25,12.34,67.9,6.52,1.36,13.3,45,50.0
PLT-02784,2025-03-16,22.07,71.6,7.17,1.4965305263157893,14.7,55,216.88
PLT-01354,2025-11-09,21.01,75.5,5.31,1.63,15.7,58,79.01
PLT-00471,2025-02-16,21.1,66.1,5.83,1.39,15.0,45,336.29
PLT-02704,2025-03-11,21.29,74.6,8.3,1.29,18.9,56,50.0
PLT-03331,2025-01-02,19.38,63.8,7.23,1.21,13.1,48,305.53
PLT-03638,2025-06-07,17.53,71.1,6.89,0.54,13.0,49,168.63
PLT-01397,2025-02-05,20.84,64.0,6.15,1.4,13.7,57,358.81
PLT-03585,2025-05-16,17.54,52.1,5.0,1.74,14.7,55,50.0
PLT-04532,2025-10-22,24.62,72.5,6.24,1.48,15.0,59,149.29
PLT-03377,2025-06-16,20.43,78.3,5.72,0.93,11.8,49,50.0
PLT-01257,2025-11-24,20.61,67.2,5.31,1.88,15.8,52,287.37
PLT-03513,2025-04-12,17.21,57.0,5.86,1.33,13.9,55,193.62
PLT-01251,2025-01-08,17.57,64.7,5.58,1.68,14.2,55,341.04
PLT-04857,2025-01-19,13.79,50.5,6.83,1.26,13.7,51,50.0
PLT-04299,2025-11-15,17.66,56.9,5.59,1.78,15.0,52,191.28
PLT-03285,2025-10-28,22.6,79.7,4.59,1.61,16.2,58,50.0
PLT-02934,2025-01-20,19.21,72.5,5.3,1.25,11.7,45,160.74
PLT-04176,2025-05-03,20.29,75.7,6.67,1.19,17.5,53,50.0
PLT-01853,2025-06-27,21.57,64.2,6.5,1.49,14.2,50,325.95
PLT-04919,2025-05-11,18.03,54.9,6.03,1.4965305263157893,11.7,56,97.0
PLT-02106,2025-11-06,21.91,53.8,5.58,1.4,11.8,55,50.0
PLT-00134,2025-07-26,22.01,60.4,5.79,1.56,13.9,57,318.82
PLT-00929,2025-04-21,20.84,53.3,6.64,1.33,12.3,55,50.0
PLT-00824,2025-09-06,23.25,82.5,6.93,1.17,15.7,54,50.0
PLT-04589,2025-12-29,18.82,70.4,6.2,1.11,15.1,45,264.1
PLT-01532,2025-10-20,23.02,49.6,5.88,1.49,14.6,45,50.0
PLT-01215,2025-09-14,24.93,58.2,6.15,1.58,14.4,52,123.64
PLT-00505,2025-06-01,18.12,58.7,5.47,1.21,14.6,51,247.44
PLT-04286,2025-05-21,13.76,79.8,4.83,1.46,12.8,56,50.0
PLT-01997,2025-11-01,20.84,60.4,6.84,1.64,14.4,50,316.2
PLT-03073,2025-09-04,13.33,68.2,5.55,1.6,13.6,48,82.02
PLT-01959,2025-05-10,20.0,50.4,6.39,1.4965305263157893,13.6,52,50.0
PLT-01385,2025-08-20,22.96,67.7,5.64,1.58,15.3,49,275.3
PLT-00895,2025-01-07,23.58,69.2,7.13,1.41,10.6,55,96.96
PLT-00456,2025-09-29,22.81,55.4,6.2,1.39,17.3,53,50.0
PLT-04684,2025-08-22,18.9,69.2,5.28,1.41,11.5,46,246.23
PLT-03710,2025-04-22,21.99,78.0,5.67,1.91,16.1,55,50.0
PLT-04666,2025-08-27,19.24,63.9,6.14,1.26,13.6,54,365.44
PLT-04269,2025-05-20,23.15,75.8,7.94,1.9,13.2,52,50.0
PLT-03523,2025-04-02,17.57,62.5,5.46,1.98,13.0,54,307.06
PLT-04135,2025-10-30,25.25,70.7,5.6,1.77,16.0,48,98.43
PLT-03603,2025-03-13,19.93,73.5,6.25,1.62,14.7,51,218.47
PLT-00714,2025-10-30,19.86,77.1,7.03,1.56,14.3,45,50.0
PLT-04187,2025-07-13,16.8,67.6,5.23,1.08,12.0,49,230.17
PLT-02215,2025-12-13,22.42,70.0,5.29,2.01,15.2,50,238.21
PLT-02924,2025-10-21,20.9,56.1,5.48,1.38,17.8,45,50.0
PLT-01811,2025-02-10,19.98,66.0,4.5,1.27,13.2,50,279.21
PLT-03487,2025-09-24,18.91,83.7,5.95,1.75,16.0,54,50.0
PLT-03142,2025-03-30,17.42,54.1,5.6,1.45,11.0,55,50.0
PLT-01828,2025-03-18,13.94,71.4,6.1,1.57,7.0,47,50.0
PLT-01156,2025-08-02,17.68,63.5,6.2,1.75,10.8,55,255.43
PLT-01325,2025-07-20,19.4,80.3,6.91,2.09,13.2,45,50.0
PLT-04313,2025-06-18,28.13,78.5,6.57,1.71,18.4,58,50.0
PLT-00511,2025-09-25,16.38,73.8,7.15,1.48,13.7,46,98.77
PLT-01681,2025-12-10,18.26,70.4,7.46,1.24,14.1,51,229.15
PLT-00500,2025-12-02,22.63,35.6,5.24,1.8,13.8,45,50.0
PLT-04582,2025-02-16,22.29,48.1,5.66,1.16,11.2,56,50.0
PLT-01857,2025-11-14,22.44,48.0,7.64,1.51,12.5,54,50.0
PLT-01389,2025-02-24,18.55,71.3,6.97,1.15,11.8,54,193.1
PLT-03720,2025-08-01,15.89,77.6,5.25,1.26,14.2,52,50.0
PLT-02387,2025-12-13,20.93,82.7,5.89,1.58,14.6,45,50.0
PLT-01541,2025-11-29,17.71,50.5,3.75,2.1,15.1,59,50.0
PLT-01218,2025-08-03,19.91,75.7,5.83,1.4965305263157893,12.6,53,110.96
PLT-02682,2025-12-28,19.94,57.9,7.23,1.21,12.1,47,185.66
PLT-02994,2025-04-11,18.93,61.9,5.9,0.66,7.9,45,50.0
PLT-01192,2025-06-29,20.57,55.9,5.74,1.4965305263157893,16.3,54,158.08
PLT-01543,2025-06-02,18.21,57.0,6.11,1.66,9.1,53,50.0
PLT-03302,2025-06-10,19.0,64.7,7.03,1.49,15.2,49,312.77
PLT-03325,2025-02-08,21.6,63.1,5.53,1.55,12.4,45,345.73
PLT-02540,2025-06-22,20.63,62.2,6.36,1.16,13.6,45,296.48
PLT-00954,2025-04-05,19.52,62.6,6.89,0.77,13.3,48,337.03
PLT-04331,2025-10-22,23.18,61.7,6.06,1.27,13.3,49,269.55
PLT-00733,2025-08-05,17.61,55.7,6.36,1.64,16.4,59,102.02
PLT-01157,2025-09-24,21.14,79.2,6.49,1.57,11.2,47,50.0
PLT-03295,2025-08-03,15.99,53.2,5.94,1.95,11.1,49,50.0
PLT-02983,2025-09-16,21.88,34.8,5.99,1.48,13.5,53,50.0
PLT-02157,2025-11-20,21.76,59.3,5.78,1.29,16.2,57,242.27
PLT-01063,2025-01-23,23.27,61.6,5.98,1.57,12.2,49,248.31
PLT-02617,2025-05-02,16.44,64.4,6.1,1.34,16.1,51,248.85
PLT-01168,2025-05-29,17.5,52.9,6.28,1.28,14.2,55,50.0
PLT-03223,2025-09-19,19.04,60.3,5.61,1.79,12.2,45,235.97
PLT-03637,2025-08-21,16.59,66.8,6.03,1.57,13.1,52,288.34
PLT-02939,2025-08-20,17.7,65.3,5.16,1.72,11.5,54,238.1
PLT-04492,2025-05-01,17.89,75.3,5.39,1.56,17.2,58,60.09
PLT-03141,2025-11-04,14.74,65.4,6.95,1.69,15.1,48,162.04
PLT-00144,2025-04-06,20.64,66.4,6.3,1.23,14.7,47,357.01
PLT-03578,2025-10-19,23.37,59.1,5.54,1.34,15.4,55,222.39
PLT-02783,2025-05-04,23.26,77.9,6.03,1.71,13.6,48,50.0
PLT-00718,2025-08-30,18.12,60.5,6.19,1.22,11.9,51,273.34
PLT-01820,2025-06-10,23.94,61.2,6.41,1.33,16.0,46,196.19
PLT-02503,2025-02-21,16.35,64.1,6.0,1.69,12.7,54,279.2
PLT-04361,2025-03-20,20.93,61.5,5.37,1.4965305263157893,15.0,58,297.2
PLT-04172,2025-11-20,14.74,60.1,6.46,1.13,17.7,57,51.81
PLT-00396,2025-06-02,21.55,62.5,6.19,1.91,14.9,51,303.85
PLT-04886,2025-02-24,19.88,48.8,6.21,1.13,14.8,53,50.0
PLT-04493,2025-04-12,16.84,62.8,6.53,1.28,13.4,58,314.89
PLT-01366,2025-02-15,20.73,69.2,6.15,1.55,12.9,51,335.14
PLT-04604,2025-09-02,20.94,50.9,6.83,1.28,11.9,56,50.0
PLT-00596,2025-08-09,17.82,67.3,6.45,1.9,14.1,51,337.79
PLT-03953,2025-07-03,22.44,61.6,5.75,2.05,12.2,51,267.77
PLT-02915,2025-03-07,19.69,70.2,6.94,1.65,11.1,55,194.83
PLT-02327,2025-12-14,18.56,58.0,7.45,1.02,15.9,54,146.77
PLT-03767,2025-09-20,19.95,77.5,7.02,1.41,14.0,47,50.0
PLT-03441,2025-11-01,21.56,73.6,6.53,1.22,12.6,49,149.84
PLT-03852,2025-08-13,18.82,66.8,5.34,1.09,12.3,50,314.29
PLT-04133,2025-06-28,16.73,72.7,5.57,1.4965305263157893,13.8,52,188.97
PLT-04930,2025-01-26,21.0,73.7,5.17,1.74,15.6,57,186.04
PLT-02144,2025-10-29,20.72,62.7,6.48,1.02,16.3,55,273.52
PLT-01572,2025-03-02,22.15,69.8,7.49,1.57,18.6,48,50.0
PLT-04080,2025-02-09,20.77,81.4,5.17,1.17,12.3,58,50.0
PLT-01123,2025-01-11,23.98,72.3,5.9,1.08,11.3,45,108.61
PLT-02787,2025-03-31,19.99,46.5,4.16,1.76,10.9,55,50.0
PLT-02968,2025-10-24,16.3,76.0,6.12,1.01,13.7,48,50.0
PLT-02505,2025-09-09,18.18,59.1,7.36,1.24,15.7,56,202.77
PLT-00676,2025-01-14,16.49,80.9,5.96,1.82,12.8,50,50.0
PLT-02809,2025-03-15,17.74,64.2,5.47,1.34,16.1,55,304.12
PLT-00729,2025-09-24,25.14,67.4,4.61,1.4965305263157893,14.2,49,125.95
PLT-00413,2025-02-22,22.14,71.4,7.08,1.75,16.0,59,209.46
PLT-03147,2025-11-30,17.1,60.9,5.06,1.44,14.3,56,268.5
PLT-01517,2025-03-06,18.73,69.2,6.11,1.92,12.3,58,301.39
PLT-00826,2025-07-02,18.75,57.3,6.03,1.52,16.4,51,133.98
PLT-03268,2025-02-08,23.06,48.3,5.88,1.4965305263157893,19.0,58,50.0
PLT-03975,2025-09-02,26.19,69.1,6.03,2.02,17.8,49,50.0
PLT-00617,2025-12-05,21.47,67.3,5.16,1.4965305263157893,14.7,52,276.78
PLT-00115,2025-02-02,19.14,51.6,5.0,1.29,12.2,57,50.0
PLT-00418,2025-07-15,21.28,77.4,7.17,1.5,13.7,53,50.0
PLT-03070,2025-05-28,17.06,61.1,5.2,1.92,15.3,47,229.46
PLT-01626,2025-02-09,22.63,78.6,6.91,1.03,14.1,59,50.0
PLT-04186,2025-03-29,22.48,37.9,6.44,1.4965305263157893,14.7,45,50.0
PLT-02897,2025-12-20,17.15,56.7,5.38,1.35,15.1,53,170.5
PLT-04719,2025-11-10,22.26,57.4,7.23,1.4965305263157893,13.9,55,197.41
PLT-02083,2025-03-14,20.57,68.2,6.82,1.46,13.2,45,288.72
PLT-00754,2025-03-26,17.56,82.0,6.62,1.81,14.4,45,50.0
PLT-02547,2025-03-28,18.38,57.3,5.51,1.12,17.0,59,137.83
PLT-03970,2025-05-05,21.1,62.4,5.5,1.71,11.8,49,304.77
PLT-03374,2025-11-09,17.25,63.3,6.57,1.34,14.3,45,301.16
PLT-04108,2025-06-30,30.59,85.3,6.47,1.42,16.5,56,50.0
PLT-02445,2025-07-09,21.8,59.7,5.73,1.33,12.9,52,274.55
PLT-04381,2025-02-15,17.77,80.6,5.56,1.2,13.3,54,50.0
PLT-01067,2025-05-25,18.43,83.7,5.27,1.85,9.9,45,50.0
PLT-03914,2025-06-10,23.38,52.7,5.99,1.65,17.5,52,50.0
PLT-03499,2025-01-12,22.76,61.9,6.68,1.04,14.9,54,278.41
PLT-02739,2025-01-24,22.26,46.1,4.17,1.75,12.1,54,50.0
PLT-04001,2025-06-20,22.05,53.6,5.51,1.71,15.0,46,50.0
PLT-01569,2025-04-09,19.25,54.9,6.45,1.14,11.1,45,57.98
PLT-02428,2025-05-10,16.76,69.0,5.62,1.51,13.2,56,290.33
PLT-03747,2025-08-24,21.74,52.8,6.15,1.19,11.6,52,50.0
PLT-04687,2025-12-05,22.84,79.8,5.58,0.77,14.2,47,50.0
PLT-01688,2025-11-15,23.85,80.8,5.71,1.46,13.8,58,50.0
PLT-00852,2025-01-12,20.8,53.3,6.3,1.35,13.7,55,71.35
PLT-03547,2025-04-24,23.95,68.5,6.75,2.04,13.7,56,219.02
PLT-00896,2025-01-03,19.75,49.0,6.02,1.4,13.5,45,50.0
PLT-04593,2025-01-19,21.39,66.7,6.52,1.15,16.5,56,278.9
PLT-00336,2025-04-09,24.97,65.1,6.39,0.6,14.6,46,199.12
PLT-02840,2025-06-12,21.43,78.5,6.02,1.24,15.2,56,50.0
PLT-03088,2025-05-22,20.62,67.8,6.33,1.72,11.5,59,291.6
PLT-04612,2025-03-12,14.49,63.4,5.43,1.0,13.6,56,193.73
PLT-01349,2025-03-28,23.21,67.4,7.09,1.7,13.7,46,271.23
PLT-01016,2025-09-30,16.95,76.9,3.92,1.9,14.0,55,50.0
PLT-02817,2025-08-19,19.44,76.9,6.18,1.05,15.8,53,50.0
PLT-01632,2025-05-27,21.83,56.1,6.03,1.58,9.8,59,50.0
PLT-02490,2025-12-04,22.1,74.4,6.73,1.42,15.1,58,165.81
PLT-03731,2025-01-21,20.44,64.6,6.01,1.18,16.1,57,361.74
PLT-03252,2025-04-16,20.21,55.2,6.9,1.8,19.2,55,50.0
PLT-04682,2025-08-09,17.42,62.1,5.06,1.58,13.2,47,273.07
PLT-02071,2025-01-01,23.54,59.3,6.35,1.08,15.0,51,197.47
PLT-04453,2025-12-04,19.23,88.0,4.78,1.53,14.6,46,50.0
PLT-04933,2025-10-26,17.86,63.9,6.93,1.78,13.1,58,297.2
PLT-01636,2025-12-19,13.34,62.5,4.98,1.16,15.6,49,73.2
PLT-04647,2025-08-21,20.12,78.5,6.43,1.01,11.5,55,50.0
PLT-02480,2025-03-20,21.25,63.4,5.26,0.81,10.0,55,153.78
PLT-02266,2025-06-16,19.44,69.3,6.32,1.01,13.7,50,295.47
PLT-02960,2025-03-30,15.6,61.1,6.23,1.4965305263157893,14.9,56,220.95
PLT-04781,2025-07-26,21.09,54.0,6.03,1.9,10.5,54,50.0
PLT-03060,2025-09-28,13.63,70.9,9.58,1.91,17.0,50,50.0
PLT-02142,2025-12-09,18.5,59.8,5.77,1.72,14.3,46,292.14
PLT-03119,2025-05-30,19.54,49.9,6.87,1.79,12.7,51,50.0
PLT-04774,2025-06-22,19.95,64.9,6.03,1.56,15.6,47,323.46
PLT-04046,2025-03-23,18.69,66.2,6.08,1.58,9.1,48,99.05
PLT-03357,2025-05-02,18.55,53.3,5.1,1.1,11.3,48,50.0
PLT-02745,2025-03-01,19.46,76.3,5.29,1.54,12.6,53,59.91
PLT-03507,2025-11-04,19.28,72.4,5.45,1.17,12.2,46,222.27
PLT-01680,2025-07-07,23.49,67.6,5.9,1.69,14.3,53,274.91
PLT-04250,2025-01-02,17.05,64.2,4.72,1.54,15.4,48,250.1
PLT-03148,2025-08-10,17.61,83.5,5.97,1.73,11.7,56,50.0
PLT-02295,2025-11-22,21.0,68.6,4.56,1.43,16.0,46,217.31
PLT-00581,2025-01-25,17.87,73.8,6.03,1.53,16.3,58,139.81
PLT-01471,2025-04-13,20.7,67.2,7.49,2.22,14.1,46,231.43
PLT-04071,2025-04-09,20.07,59.4,6.35,1.49,15.4,45,263.16
PLT-03344,2025-08-01,24.49,54.1,6.91,1.25,13.1,49,50.0
PLT-04584,2025-05-07,18.59,70.8,6.65,1.19,13.4,54,277.16
PLT-03673,2025-12-20,16.45,84.2,6.81,1.21,13.6,59,50.0
PLT-00560,2025-10-13,23.69,51.7,5.86,1.89,13.2,49,50.0
PLT-02850,2025-02-13,20.9,49.7,5.97,1.68,14.9,50,50.0
PLT-00513,2025-03-06,25.03,84.7,6.45,1.42,14.1,45,50.0
PLT-01082,2025-08-19,17.81,77.7,7.21,1.4965305263157893,15.2,53,50.0
PLT-01665,2025-09-15,21.44,61.2,6.13,1.4965305263157893,16.3,55,275.13
PLT-01013,2025-11-15,19.51,59.9,5.68,1.25,15.1,52,285.21
PLT-01932,2025-05-05,19.89,64.3,3.75,1.47,10.5,57,85.06
PLT-01151,2025-10-14,20.18,71.3,6.17,1.39,13.0,56,298.85
PLT-02839,2025-08-08,17.18,69.6,5.91,1.14,16.4,52,238.75
PLT-00117,2025-03-03,19.86,50.1,5.48,1.4965305263157893,14.8,47,50.0
PLT-00741,2025-11-07,18.25,47.6,5.42,1.68,14.8,57,50.0
PLT-04856,2025-01-29,14.51,61.4,4.68,1.9,15.3,45,84.95
PLT-03676,2025-12-27,20.37,61.2,7.29,1.4965305263157893,14.3,48,250.79
PLT-00831,2025-07-03,22.08,64.9,7.99,1.38,12.3,55,189.86
PLT-00120,2025-04-09,20.99,53.3,6.41,1.23,10.2,53,50.0
PLT-04829,2025-12-17,17.58,49.7,6.57,1.34,11.2,54,50.0
PLT-04788,2025-06-10,20.09,67.7,5.58,1.78,17.0,52,273.96
PLT-00636,2025-12-12,18.4,59.9,6.26,1.36,12.9,54,309.88
PLT-04466,2025-04-17,15.59,62.3,6.82,1.26,15.5,59,211.4
PLT-04365,2025-09-05,24.1,61.9,6.07,1.58,13.4,50,269.15
PLT-04143,2025-01-30,20.06,89.4,5.38,1.63,11.4,58,50.0
PLT-00992,2025-01-01,21.41,51.2,5.49,1.64,16.1,51,50.0
PLT-00877,2025-04-23,18.92,88.1,7.16,1.71,13.7,50,50.0
PLT-00005,2025-03-13,18.63,64.4,5.22,1.15,13.7,45,338.56
PLT-03052,2025-10-06,18.74,62.6,7.1,1.48,12.3,49,264.73
PLT-03125,2025-06-22,25.01,59.6,6.95,1.42,13.0,55,151.59
PLT-02661,2025-01-19,22.27,69.9,5.49,1.12,15.0,50,245.53
PLT-02492,2025-06-09,22.35,70.7,3.65,1.1,13.0,56,85.53
PLT-03855,2025-08-02,18.81,62.9,5.29,1.72,13.4,49,330.87
PLT-01716,2025-01-29,16.42,81.7,6.54,1.97,15.5,48,50.0
PLT-01149,2025-04-16,22.66,65.2,5.4,1.28,14.9,52,306.42
PLT-03262,2025-12-10,18.75,73.6,6.53,1.7,13.8,50,186.43
PLT-00575,2025-08-11,21.37,59.4,4.79,1.4965305263157893,11.4,47,173.71
PLT-03770,2025-01-03,17.76,76.3,6.11,1.29,14.3,58,69.87
PLT-03737,2025-04-11,18.96,78.2,6.06,1.34,13.3,48,50.0
PLT-04147,2025-04-22,17.65,60.1,6.28,1.39,13.3,50,262.27
PLT-00854,2025-02-15,21.11,53.6,4.81,1.51,15.1,54,50.0
PLT-01983,2025-09-14,16.45,74.3,6.13,1.71,14.1,49,120.02
PLT-02775,2025-07-17,19.91,64.0,3.35,1.43,13.7,55,142.36
PLT-01167,2025-02-24,21.55,67.4,5.5,1.34,10.3,47,172.6
PLT-00972,2025-04-28,14.09,77.7,5.33,1.0,12.8,53,50.0
PLT-02702,2025-08-31,22.24,65.7,5.78,1.41,16.3,46,296.46
PLT-04496,2025-05-13,22.31,53.0,5.81,1.43,16.8,58,50.0
PLT-03848,2025-11-03,21.37,61.7,6.22,1.27,15.4,50,304.49
PLT-02369,2025-01-12,21.55,60.4,4.97,1.91,15.5,54,247.59
PLT-04116,2025-06-30,15.58,75.4,7.18,1.45,15.3,51,50.0
PLT-04132,2025-01-03,16.14,67.6,5.63,1.4965305263157893,13.5,50,259.36
PLT-02951,2025-09-05,18.28,55.2,7.26,1.83,14.2,48,119.13
PLT-00525,2025-08-03,25.28,58.6,7.2,1.4965305263157893,12.3,57,77.4
PLT-02456,2025-12-25,22.51,73.4,8.14,1.4965305263157893,17.2,46,50.0
PLT-01842,2025-11-13,23.78,58.2,7.8,1.61,15.1,48,98.01
PLT-00538,2025-10-04,17.29,51.8,5.34,1.76,13.6,45,50.0
PLT-02807,2025-11-16,18.34,62.2,5.33,1.17,14.1,56,310.43
PLT-04342,2025-10-17,14.2,58.9,6.32,1.69,9.2,51,50.0
PLT-03176,2025-06-21,26.16,66.3,5.46,1.64,11.8,59,131.57
PLT-00785,2025-03-07,20.67,69.5,5.52,1.54,12.3,54,284.42
PLT-04058,2025-02-10,18.3,55.2,6.8,0.91,13.9,57,138.91
PLT-01410,2025-05-09,12.72,68.5,6.89,1.62,15.2,46,50.0
PLT-02538,2025-12-09,16.4,71.0,6.28,1.4965305263157893,10.3,53,105.87
PLT-00155,2025-07-06,15.08,80.0,4.39,1.81,13.4,46,50.0
PLT-03010,2025-09-17,20.42,69.4,6.5,1.64,12.1,46,262.65
PLT-01687,2025-08-12,20.97,69.1,6.77,1.19,13.1,54,298.72
PLT-02902,2025-06-26,15.52,56.5,6.19,1.05,13.7,47,103.21
PLT-05000,2025-04-03,27.82,58.2,6.91,0.7,15.0,57,50.0
PLT-04722,2025-07-30,13.27,76.7,7.03,1.4965305263157893,15.2,45,50.0
PLT-03864,2025-03-20,17.19,64.4,5.58,1.68,15.0,51,311.37
PLT-02734,2025-08-17,21.88,77.7,6.55,1.4965305263157893,13.2,48,50.0
PLT-01896,2025-12-27,20.75,64.9,5.16,2.14,14.4,46,288.55
PLT-00570,2025-08-21,20.23,72.7,6.75,1.81,15.5,57,215.48
PLT-01817,2025-03-27,19.35,43.0,7.06,1.4965305263157893,13.3,50,50.0
PLT-02066,2025-03-17,21.44,71.9,6.04,1.49,14.0,52,260.95
PLT-00128,2025-09-14,21.08,70.6,5.43,1.24,14.4,49,316.21
PLT-03395,2025-06-25,24.77,61.4,6.46,1.13,15.8,47,168.96
PLT-03328,2025-03-25,16.2,74.7,6.64,1.4965305263157893,10.0,45,50.0
PLT-02976,2025-07-29,22.56,56.0,6.71,1.53,14.6,50,123.58
PLT-00981,2025-05-13,20.68,64.4,6.03,1.78,11.7,56,315.92
PLT-02301,2025-07-28,22.87,71.0,4.07,2.04,14.3,59,148.53
PLT-00191,2025-11-11,22.73,65.8,6.92,1.46,16.8,45,229.39
PLT-01140,2025-04-14,15.17,63.8,7.35,1.04,12.7,53,177.1
PLT-00700,2025-02-10,19.81,51.8,6.28,1.9,16.2,57,50.0
PLT-04830,2025-05-23,18.83,80.6,7.61,1.51,10.0,50,50.0
PLT-00607,2025-06-23,15.27,69.0,6.3,1.55,17.2,55,114.75
PLT-04277,2025-02-02,24.61,59.2,6.71,1.32,12.8,54,144.16
PLT-00302,2025-10-31,20.93,67.4,5.66,1.44,13.1,48,328.86
PLT-03421,2025-02-06,16.51,78.7,6.06,1.29,14.7,48,50.0
PLT-04870,2025-07-16,21.45,68.8,4.93,1.36,12.6,53,263.79
PLT-01061,2025-05-05,24.83,69.4,7.43,1.67,12.9,49,116.48
PLT-02566,2025-01-08,20.1,62.8,4.68,1.82,12.1,48,251.5
PLT-01070,2025-04-14,16.68,45.0,5.46,1.63,15.6,57,50.0
PLT-02525,2025-01-10,17.72,63.5,3.52,1.35,13.6,53,174.23
PLT-02206,2025-01-10,27.18,57.3,5.75,1.38,18.2,47,50.0
PLT-01244,2025-09-23,19.22,75.7,5.38,1.57,12.6,53,101.07
PLT-00017,2025-05-30,20.55,56.7,7.28,1.85,14.0,57,171.12
PLT-03121,2025-04-20,17.32,64.2,4.9,1.63,12.2,45,264.35
PLT-04643,2025-03-27,19.02,57.8,5.8,1.11,17.8,47,107.27
PLT-04755,2025-07-26,17.79,53.8,6.37,1.65,15.3,51,57.07
PLT-00816,2025-09-19,19.32,68.5,6.25,1.16,13.4,53,316.8
PLT-03068,2025-02-16,18.59,71.9,4.82,1.41,11.6,48,160.47
PLT-04834,2025-07-06,24.49,70.6,6.75,1.18,12.9,49,155.6
PLT-00960,2025-01-31,20.5,73.8,5.01,1.68,17.1,54,75.96
PLT-00226,2025-09-12,18.59,75.3,5.73,1.91,13.6,57,146.72
PLT-02486,2025-08-01,22.17,70.1,5.27,1.42,12.8,59,278.8
PLT-00563,2025-03-25,19.15,61.2,5.99,1.11,12.4,57,307.18
PLT-03437,2025-10-05,23.6,55.8,6.03,1.68,16.3,59,94.75
PLT-01694,2025-07-15,22.27,80.9,5.15,1.36,11.0,51,50.0
PLT-01046,2025-12-05,21.44,52.5,4.95,1.59,14.4,47,50.0
PLT-03447,2025-02-11,20.87,68.0,5.08,1.77,16.3,47,249.58
PLT-04566,2025-09-03,24.26,51.4,5.95,1.64,11.6,55,50.0
PLT-00955,2025-06-01,18.89,79.8,5.93,1.99,10.7,56,50.0
PLT-02736,2025-07-05,15.49,86.2,6.15,1.02,11.8,46,50.0
PLT-04954,2025-03-14,21.56,58.7,6.26,1.89,17.3,58,165.76
PLT-04736,2025-09-02,22.01,64.1,6.14,1.85,13.8,57,342.48
PLT-04873,2025-02-20,24.56,78.4,6.23,1.79,13.2,54,50.0
PLT-01219,2025-07-30,20.05,70.0,7.79,1.4,16.9,55,128.62
PLT-01528,2025-11-01,14.76,55.5,5.5,1.27,15.1,54,50.0
PLT-03988,2025-03-25,20.1,72.3,6.03,1.45,15.5,53,167.27
PLT-01301,2025-08-10,23.93,78.8,5.53,1.27,15.3,47,50.0
PLT-04942,2025-04-26,15.71,75.0,7.36,0.93,13.0,51,50.0
PLT-00161,2025-02-14,20.97,69.1,5.05,1.97,15.5,49,273.45
PLT-04068,2025-05-19,17.74,66.5,6.19,1.84,15.4,54,307.68
PLT-00957,2025-05-17,17.86,57.5,5.94,1.11,10.7,49,101.86
PLT-03792,2025-03-15,23.47,68.3,6.16,1.5,15.5,51,242.22
PLT-03235,2025-12-06,19.56,51.7,6.56,2.0,15.2,51,50.0
PLT-02870,2025-05-23,23.38,48.3,6.31,1.57,13.2,54,50.0
PLT-03778,2025-01-21,24.04,53.6,5.62,1.95,15.0,45,50.0
PLT-04434,2025-11-15,24.67,64.3,6.03,1.62,14.4,50,266.28
PLT-02962,2025-07-16,21.1,64.3,6.75,1.12,14.9,45,320.19
PLT-02201,2025-08-02,21.69,53.1,4.68,1.54,16.7,51,50.0
PLT-00099,2025-12-10,18.18,77.9,5.18,1.61,18.3,52,50.0
PLT-02558,2025-05-19,21.28,45.0,6.03,1.59,13.7,50,50.0
PLT-03184,2025-12-09,23.67,54.7,6.89,1.54,14.7,49,50.0
PLT-00254,2025-09-24,20.51,51.0,5.5,1.67,13.7,49,50.0
PLT-03924,2025-03-27,20.1,71.2,5.34,1.61,9.8,57,105.25
PLT-04200,2025-05-21,17.98,62.0,5.14,1.88,13.6,46,272.8
PLT-01446,2025-03-30,20.03,65.2,6.49,1.33,11.5,56,333.35
PLT-04683,2025-05-03,19.03,62.1,5.79,1.38,15.6,48,301.93
PLT-04724,2025-02-13,17.67,60.6,5.68,1.41,12.4,54,298.1
PLT-03992,2025-04-03,22.47,58.3,6.01,1.35,13.7,54,267.47
PLT-01697,2025-11-20,16.42,70.8,5.31,0.95,14.9,59,216.25
PLT-03192,2025-01-26,18.08,67.5,6.05,1.72,11.8,48,295.21
PLT-04500,2025-08-30,19.88,72.7,4.87,1.26,11.4,45,114.91
PLT-01155,2025-10-24,18.95,69.8,6.97,1.89,13.3,59,276.62
PLT-02256,2025-08-29,21.15,84.9,6.01,1.04,12.9,57,50.0
PLT-01683,2025-06-12,22.55,79.3,7.42,1.78,13.4,54,50.0
PLT-03171,2025-05-29,21.59,58.3,6.41,1.42,15.6,50,221.28
PLT-02057,2025-11-07,17.58,53.9,5.98,1.85,14.1,59,138.59
PLT-04091,2025-05-27,15.96,61.4,4.22,1.22,12.7,51,133.02
PLT-03109,2025-05-27,15.8,64.7,6.51,1.94,10.2,58,140.58
PLT-04549,2025-10-12,27.11,70.1,6.09,1.09,12.6,48,50.0
PLT-03724,2025-01-24,21.47,61.5,6.02,1.68,17.9,56,161.65
PLT-02050,2025-12-18,21.86,61.5,6.38,1.43,16.2,45,249.36
PLT-03644,2025-10-08,24.5,59.1,4.93,1.26,14.3,59,167.93
PLT-04978,2025-03-12,22.14,78.6,6.01,1.19,15.7,51,50.0
PLT-00624,2025-08-05,20.38,47.9,5.19,1.54,14.0,57,50.0
PLT-00263,2025-03-01,23.48,58.7,6.96,1.29,13.0,51,166.15
PLT-03370,2025-12-26,17.39,40.2,6.73,1.14,14.2,59,50.0
PLT-04062,2025-12-20,21.31,63.9,6.26,1.76,14.4,48,343.82
PLT-01803,2025-10-28,23.06,69.1,6.94,1.15,13.8,49,233.5
PLT-04737,2025-03-03,22.96,65.0,6.1,1.23,15.7,58,311.47
PLT-02386,2025-03-07,16.62,59.9,4.49,1.53,13.1,51,169.69
PLT-01960,2025-08-19,21.24,66.9,6.51,1.51,14.9,54,311.55
PLT-02977,2025-02-11,20.09,74.3,6.59,1.37,14.1,45,186.27
PLT-00489,2025-10-17,22.64,59.7,7.07,0.95,12.1,52,189.44
PLT-01844,2025-01-09,17.8,89.0,6.03,1.4965305263157893,14.7,46,50.0
PLT-01735,2025-01-22,21.05,63.0,7.07,1.14,16.7,59,262.3
PLT-02912,2025-01-22,21.57,54.2,5.83,1.13,14.6,45,108.89
PLT-03220,2025-07-29,18.36,72.6,5.63,1.34,14.3,55,229.87
PLT-00147,2025-08-25,22.61,71.1,5.42,1.15,13.1,45,207.97
PLT-01987,2025-06-20,20.05,25.8,5.68,1.15,16.4,50,50.0
PLT-01370,2025-12-29,17.76,70.8,6.03,1.95,14.6,45,236.71
PLT-02812,2025-12-22,14.77,70.0,7.48,1.19,14.7,49,98.55
PLT-00660,2025-06-22,24.77,51.9,6.27,1.64,13.9,56,50.0
PLT-01795,2025-10-04,18.3,54.2,6.54,1.78,16.0,55,89.98
PLT-02512,2025-01-21,19.49,62.3,6.08,1.31,15.8,48,286.61
PLT-03398,2025-11-17,19.08,60.5,6.4,1.4965305263157893,16.0,45,287.29
PLT-04283,2025-02-16,18.85,68.5,6.1,1.4,17.3,55,216.86
PLT-01148,2025-05-07,24.58,66.8,4.57,1.5,14.3,58,213.68
PLT-03273,2025-05-07,20.22,56.6,6.02,1.71,11.2,49,140.46
PLT-00609,2025-06-17,19.78,80.7,6.36,1.02,12.8,56,50.0
PLT-03583,2025-05-21,19.26,60.5,6.81,1.62,10.9,56,191.58
PLT-01931,2025-09-03,20.24,69.5,5.5,1.76,11.5,46,237.32
PLT-00198,2025-02-21,23.82,60.0,5.94,1.89,13.3,51,239.59
PLT-02932,2025-02-01,18.72,49.8,5.34,1.69,11.1,45,50.0
PLT-02328,2025-04-25,27.62,83.6,6.15,1.55,13.8,57,50.0
PLT-04390,2025-02-23,21.81,59.6,5.12,1.5,14.7,47,238.76
PLT-00767,2025-06-03,18.41,51.7,6.63,1.73,13.1,56,50.0
PLT-04497,2025-07-21,17.68,85.6,6.2,1.75,12.8,49,50.0
PLT-04219,2025-02-01,22.14,61.7,7.09,1.85,15.6,56,257.07
PLT-03256,2025-09-22,22.45,57.6,6.03,1.53,14.9,55,215.87
PLT-00203,2025-04-23,19.63,67.2,5.34,1.83,15.2,48,310.16
PLT-03511,2025-09-07,16.43,47.3,4.84,1.57,13.8,59,50.0
PLT-01734,2025-03-25,21.03,76.9,6.03,1.21,10.9,57,50.0
PLT-02778,2025-08-28,19.92,71.1,5.91,1.29,12.5,58,284.51
PLT-01708,2025-07-11,17.13,64.5,6.03,2.05,11.5,58,263.97
PLT-03475,2025-12-07,16.99,60.4,6.03,1.42,12.8,54,221.08
PLT-00855,2025-02-03,19.63,70.1,7.34,1.48,13.2,48,233.49
PLT-04738,2025-11-28,15.24,59.8,6.58,1.58,14.7,52,198.75
PLT-04098,2025-10-07,19.87,61.7,5.53,1.99,11.9,50,252.44
PLT-02161,2025-10-17,25.24,63.1,5.97,2.02,14.5,45,202.74
PLT-00699,2025-12-23,18.92,84.1,7.15,1.47,16.4,55,50.0
PLT-04998,2025-04-20,23.05,51.4,5.38,1.52,12.1,56,50.0
PLT-03000,2025-01-12,26.29,73.1,6.03,1.67,16.3,56,50.0
PLT-03697,2025-05-01,22.08,65.2,4.82,1.18,16.3,46,244.11
PLT-01637,2025-02-28,24.11,67.9,6.11,1.4965305263157893,16.1,54,221.98
PLT-03458,2025-04-02,17.18,76.4,5.92,1.3,12.5,57,89.93
PLT-01292,2025-07-16,20.34,80.4,5.6,1.49,14.8,55,50.0
PLT-04660,2025-07-13,22.36,50.6,4.44,1.45,14.0,45,50.0
PLT-01854,2025-12-14,16.34,80.0,5.77,1.6,11.3,48,50.0
PLT-03764,2025-06-11,17.55,50.2,5.25,1.73,18.0,57,50.0
PLT-03305,2025-05-27,20.79,35.5,4.64,1.91,13.5,50,50.0
PLT-04963,2025-09-21,24.26,84.7,7.48,1.76,13.9,59,50.0
PLT-03744,2025-05-26,19.88,68.9,5.3,1.49,14.2,56,341.28
PLT-03446,2025-12-09,18.11,65.1,6.49,1.37,12.3,53,314.32
PLT-01999,2025-02-13,14.93,53.9,5.97,1.4965305263157893,14.0,58,50.0
PLT-00664,2025-03-21,17.59,87.1,5.27,1.67,14.8,48,50.0
PLT-04780,2025-03-15,22.62,64.2,7.94,1.41,13.5,55,242.63
PLT-03749,2025-01-13,24.62,58.7,5.93,1.57,14.1,49,179.03
PLT-04414,2025-03-10,19.69,66.7,7.29,1.5,16.2,51,256.31
PLT-04745,2025-04-14,15.54,72.5,6.29,1.74,16.3,47,75.19
PLT-00710,2025-09-10,18.39,59.4,5.94,1.11,14.2,59,264.97
PLT-01283,2025-03-26,20.57,56.0,6.54,1.22,17.3,49,74.86
PLT-02676,2025-12-30,19.39,81.8,6.43,1.24,13.5,47,50.0
PLT-04030,2025-04-27,13.68,80.7,5.2,1.68,12.0,56,50.0
PLT-01307,2025-10-07,16.7,72.0,5.99,1.07,9.6,46,50.0
PLT-02238,2025-10-20,17.79,71.0,6.11,1.56,12.1,50,242.52
PLT-03303,2025-05-07,19.07,67.2,6.09,1.34,15.5,45,329.21
PLT-02039,2025-05-31,17.46,56.9,6.66,1.75,14.5,51,180.41
PLT-01530,2025-05-20,21.15,64.1,5.82,1.48,17.1,57,273.25
PLT-01664,2025-12-22,20.3,59.5,5.3,1.2,13.7,54,288.88
PLT-04985,2025-12-24,22.08,62.6,4.93,1.23,14.8,46,265.04
PLT-03628,2025-04-30,19.71,44.7,5.92,1.53,18.0,51,50.0
PLT-04892,2025-12-09,17.77,68.6,5.52,1.69,13.2,56,310.31
PLT-02694,2025-11-10,19.94,76.5,6.71,1.68,11.2,47,50.0
PLT-03061,2025-12-13,22.16,61.2,6.81,1.98,15.5,58,293.88
PLT-01598,2025-01-09,20.53,54.3,5.79,1.51,15.4,50,127.88
PLT-02730,2025-08-09,20.78,50.9,4.91,1.58,17.5,57,50.0
PLT-02626,2025-05-29,23.36,66.9,6.81,1.56,12.1,56,238.13
PLT-03158,2025-04-30,22.31,54.5,6.85,1.69,13.9,54,72.51
PLT-03315,2025-10-12,20.7,70.6,5.01,1.02,12.0,51,225.04
PLT-01723,2025-10-12,22.07,63.8,6.14,1.4965305263157893,12.9,49,313.09
PLT-01060,2025-06-28,15.88,62.1,6.01,1.58,10.1,52,98.36
PLT-04637,2025-06-05,18.72,55.5,6.25,1.46,11.5,50,87.03
PLT-03243,2025-05-16,23.21,67.2,6.27,1.42,15.3,52,293.78
PLT-01679,2025-12-20,22.53,64.0,6.11,1.63,14.4,55,321.41
PLT-01758,2025-07-27,25.84,59.3,7.09,2.0,12.7,47,91.83
PLT-04192,2025-01-01,20.07,51.2,6.39,1.41,9.9,45,50.0
PLT-02791,2025-02-19,17.06,53.9,6.24,1.17,13.5,50,51.5
PLT-00864,2025-08-02,20.64,62.8,4.36,1.57,13.1,50,259.3
PLT-01485,2025-02-08,16.64,82.9,6.3,1.36,15.1,55,50.0
PLT-00207,2025-01-02,24.55,77.1,6.03,1.78,14.9,46,50.0
PLT-04489,2025-11-07,22.71,63.4,6.21,1.35,11.1,52,227.62
PLT-00871,2025-03-02,20.45,72.8,6.38,1.32,14.1,45,202.01
PLT-04494,2025-02-07,19.8,67.7,4.95,1.87,15.6,45,283.35
PLT-00503,2025-06-09,19.01,66.5,6.95,1.92,10.3,53,188.23
PLT-01029,2025-01-01,17.43,65.8,6.23,1.26,15.0,56,298.11
PLT-03841,2025-01-12,18.04,86.8,6.66,1.31,14.7,51,50.0
PLT-02691,2025-03-27,19.49,68.6,5.3,1.72,12.7,57,348.86
PLT-01571,2025-08-29,21.21,43.4,5.51,1.75,15.6,57,50.0
PLT-02774,2025-06-10,23.15,62.3,6.92,1.59,15.3,55,273.65
PLT-02732,2025-01-03,15.44,74.7,7.51,1.52,12.4,47,50.0
PLT-00805,2025-02-20,23.72,58.0,5.44,1.15,13.1,50,150.85
PLT-03646,2025-01-31,18.6,70.6,4.97,1.43,13.2,53,230.73
PLT-02455,2025-04-11,20.54,49.9,5.56,1.4965305263157893,13.7,52,50.0
PLT-04599,2025-09-03,19.06,58.2,7.1,2.07,13.3,56,224.18
PLT-03105,2025-04-10,13.2,78.2,6.89,1.62,16.9,54,50.0
PLT-04876,2025-02-19,17.48,71.2,6.76,1.1,9.2,45,50.0
PLT-00201,2025-04-23,15.04,67.4,6.65,1.83,14.8,48,190.08
PLT-03100,2025-04-01,15.5,67.4,6.87,1.38,15.5,47,165.79
PLT-02279,2025-02-18,18.99,73.9,6.45,1.28,11.9,53,178.86
PLT-03562,2025-02-04,20.23,60.4,6.61,1.1,12.7,49,290.36
PLT-04475,2025-07-05,18.25,52.3,6.52,1.4965305263157893,16.8,58,50.0
PLT-04515,2025-10-04,17.85,57.2,5.11,1.34,15.2,49,160.02
PLT-00392,2025-10-15,17.74,76.2,6.9,1.38,12.9,50,50.0
PLT-01496,2025-02-03,21.09,61.9,6.22,1.55,12.8,57,326.66
PLT-02696,2025-01-12,23.3,68.9,4.65,1.4965305263157893,14.0,52,229.65
PLT-02028,2025-05-06,14.26,58.0,6.55,2.22,14.1,57,92.86
PLT-02569,2025-02-07,20.5,63.7,5.59,1.59,11.9,54,328.8
PLT-00065,2025-02-23,18.18,58.5,4.74,1.58,13.3,46,216.78
PLT-03885,2025-01-26,21.16,64.0,6.07,1.48,14.2,58,387.7
PLT-02063,2025-05-16,13.47,67.7,6.54,1.4965305263157893,17.3,50,50.0
PLT-00493,2025-05-27,23.51,89.6,5.75,1.34,13.2,58,50.0
PLT-00380,2025-11-12,17.92,64.8,6.51,0.85,16.3,51,234.25
PLT-04860,2025-03-02,20.02,75.5,7.14,1.19,12.6,54,70.87
PLT-03994,2025-02-13,20.97,64.3,6.43,1.35,16.5,53,279.94
PLT-04888,2025-07-29,13.96,66.3,6.8,1.01,15.5,57,121.97
PLT-01077,2025-02-11,18.64,68.0,7.02,1.49,11.6,47,253.42
PLT-00879,2025-09-10,21.12,73.0,7.25,1.29,16.3,52,122.84
PLT-00338,2025-02-06,18.16,53.2,5.16,1.45,12.6,56,55.02
PLT-01017,2025-09-22,15.83,56.8,6.09,1.42,13.6,50,145.38
PLT-01276,2025-08-11,19.29,76.5,5.2,1.32,14.6,58,79.68
PLT-03799,2025-12-03,19.19,60.6,5.63,1.65,16.1,48,258.55
PLT-04552,2025-03-28,20.9,51.9,6.06,1.2,12.6,58,50.0
PLT-03343,2025-12-23,23.52,54.8,7.07,1.55,11.8,57,50.0
PLT-04912,2025-07-26,24.37,76.1,5.43,2.22,13.7,46,50.0
PLT-00996,2025-02-07,19.74,63.3,6.14,1.18,14.8,47,330.76
PLT-01982,2025-12-27,20.75,62.0,6.35,1.84,12.5,50,322.88
PLT-04298,2025-12-04,23.73,65.9,5.92,1.69,13.7,46,282.18
PLT-00162,2025-03-03,16.56,55.6,6.67,1.16,16.4,58,62.97
PLT-04799,2025-11-12,19.92,64.0,6.1,1.79,11.0,56,241.85
PLT-01501,2025-10-01,17.66,67.0,5.7,1.4,11.1,58,259.82
PLT-03844,2025-02-12,24.37,58.7,5.61,1.2,12.2,49,140.18
PLT-02614,2025-10-15,22.2,80.0,5.9,1.7,15.3,51,50.0
PLT-03462,2025-12-20,21.49,64.2,6.68,1.37,13.0,50,299.99
PLT-01022,2025-03-10,21.54,44.9,5.97,1.11,14.2,55,50.0
PLT-03074,2025-12-09,18.45,51.8,7.66,1.18,15.6,56,50.0
PLT-03944,2025-12-17,19.33,78.6,5.69,1.73,14.9,56,50.0
PLT-01586,2025-12-23,20.67,68.7,5.1,1.1,14.1,53,293.03
PLT-01956,2025-01-14,22.1,69.1,5.33,1.43,16.0,50,260.94
PLT-03153,2025-01-02,23.68,71.9,4.99,1.4,14.1,49,201.19
PLT-00035,2025-07-09,21.18,60.5,5.1,1.65,18.3,55,102.69
PLT-04015,2025-06-22,19.15,82.3,6.57,1.74,10.6,57,50.0
PLT-00776,2025-08-10,16.1,76.6,6.4,1.54,13.2,55,50.0
PLT-02557,2025-08-16,16.84,60.5,6.03,0.7,13.6,54,238.5
PLT-01479,2025-04-08,22.28,71.1,6.37,1.41,15.3,54,257.81
PLT-01364,2025-07-09,19.72,60.2,7.91,1.58,12.8,58,204.16
PLT-02613,2025-06-21,20.72,60.3,7.32,2.2,14.0,58,241.01
PLT-02825,2025-07-01,22.7,76.3,6.02,1.63,11.8,58,50.0
PLT-02042,2025-11-04,20.72,49.7,6.36,1.73,16.4,51,50.0
PLT-00242,2025-09-09,18.83,63.6,6.03,1.58,11.4,53,289.14
PLT-02062,2025-01-26,21.59,62.6,5.23,1.32,13.6,57,336.24
PLT-02364,2025-05-23,19.37,63.5,6.13,1.15,11.7,49,297.13
PLT-00601,2025-03-17,23.32,66.2,4.74,1.54,16.2,59,218.1
PLT-02436,2025-09-24,16.4,70.2,6.03,1.85,13.3,51,198.65
PLT-02889,2025-07-15,18.08,56.3,5.29,1.4965305263157893,16.3,55,126.42
PLT-00647,2025-11-13,21.4,57.3,5.47,1.5,16.4,59,184.05
PLT-03891,2025-12-26,22.81,44.4,5.88,1.78,14.8,49,50.0
PLT-03557,2025-10-04,17.22,64.2,5.88,1.42,13.0,54,312.9
PLT-03203,2025-11-07,17.61,81.7,5.32,1.63,17.8,46,50.0
PLT-01529,2025-12-10,21.48,75.8,5.7,1.05,15.5,49,75.31
PLT-01268,2025-04-06,20.54,53.7,5.32,1.46,13.7,57,94.36
PLT-01900,2025-08-31,17.9,57.2,6.98,1.95,12.3,48,158.86
PLT-04659,2025-02-17,20.27,58.7,5.91,1.11,15.4,45,238.9
PLT-03006,2025-01-21,20.28,60.4,5.08,1.43,14.7,54,307.93
PLT-02735,2025-12-02,16.28,49.4,6.56,1.19,13.7,47,50.0
PLT-00190,2025-06-01,25.96,59.9,6.19,1.95,16.2,54,74.95
PLT-01807,2025-09-24,18.16,73.8,4.93,1.51,13.7,52,157.15
PLT-00976,2025-12-01,19.93,79.6,5.92,1.87,13.4,59,50.0
PLT-02748,2025-07-30,17.75,59.7,6.85,1.38,16.2,45,199.84
PLT-02048,2025-09-21,16.44,56.9,5.47,1.59,13.7,49,156.15
PLT-02559,2025-07-30,14.89,58.5,6.03,1.78,11.5,59,89.27
PLT-01083,2025-06-06,20.96,67.8,6.57,1.79,14.8,52,300.54
PLT-00475,2025-08-06,23.56,61.8,6.38,1.78,12.4,51,249.7
PLT-04844,2025-08-23,21.48,61.6,8.31,1.22,11.4,48,97.29
PLT-04118,2025-06-18,20.17,52.6,5.82,1.58,12.5,55,50.0
PLT-03386,2025-05-28,21.32,63.9,5.53,1.13,12.2,59,316.76
PLT-04556,2025-04-22,23.63,69.7,7.1,1.01,14.0,54,187.36
PLT-01185,2025-05-08,26.05,70.3,5.21,1.24,12.3,58,91.72
PLT-02434,2025-12-11,18.48,37.6,5.61,1.5,10.8,55,50.0
PLT-02392,2025-09-23,25.4,63.0,6.51,1.43,9.4,52,50.0
PLT-00770,2025-04-28,27.53,65.1,6.61,1.72,14.1,55,60.3
PLT-01686,2025-08-21,21.16,64.1,5.86,1.66,14.0,54,369.78
PLT-00131,2025-09-12,22.06,61.6,5.78,1.3,15.3,47,292.77
PLT-02920,2025-06-16,18.19,77.7,6.06,1.62,13.1,55,50.0
PLT-03172,2025-11-21,22.57,63.5,6.03,1.68,13.4,55,330.31
PLT-03445,2025-11-05,22.49,62.4,5.58,1.15,14.2,54,315.85
PLT-04427,2025-10-31,27.1,51.1,5.33,1.76,14.8,50,50.0
PLT-00467,2025-07-04,21.81,60.9,5.58,1.89,12.2,56,245.14
PLT-03093,2025-07-26,15.15,71.7,6.03,1.42,14.4,57,175.15
PLT-03773,2025-05-29,19.68,69.2,7.18,1.64,12.7,54,251.46
PLT-00861,2025-09-06,17.57,67.5,7.03,1.37,13.9,46,290.68
